id;referencia_oem;pieza;marca;modelo;motor;anio;estado;garantia;disponibilidad;precio;url
69103;7891VT72E;Puerta trasera izquierda;BMW;Serie 3;330i;2008;Desmontada de vehículo;1 año;En stock;409,70 € + IVA;https://desguacesmadridnorte.com/69103-pieza.html
69106;9032YL36D;Capó;AUDI;Q3;2.0 TDI;2014;Comprobada, funcionando;1 año;En stock;339,13 € + IVA;https://desguacesmadridnorte.com/69106-pieza.html
69109;5786KQ28F;Puerta trasera izquierda;VOLKSWAGEN;Passat;1.6 TDI;2007;Sin comprobar;1 año;En stock;250,44 € + IVA;https://desguacesmadridnorte.com/69109-pieza.html
69112;9166DP74E;Módulo electrónico;AUDI;Q3;1.4 TFSI;2019;Desmontada de vehículo;1 año;Bajo pedido 24-48h;197,08 € + IVA;https://desguacesmadridnorte.com/69112-pieza.html
69115;4678EB76F;Paso de rueda trasero izquierdo;VOLKSWAGEN;Polo;1.4 TDI;2020;Comprobada, funcionando;1 año;Bajo pedido 24-48h;51,36 € + IVA;https://desguacesmadridnorte.com/69115-pieza.html
69118;8484YR79C;Puerta delantera derecha;MERCEDES-BENZ;Clase A;180 CDI;2012;Desmontada de vehículo;1 año;Bajo pedido 24-48h;406,89 € + IVA;https://desguacesmadridnorte.com/69118-pieza.html
69119;1542EX86D;Parachoques trasero;RENAULT;Clio;1.2 16v;2018;Desmontada de vehículo;1 año;Bajo pedido 24-48h;94,75 € + IVA;https://desguacesmadridnorte.com/69119-pieza.html
69121;1550KL68A;Puerta delantera izquierda;KIA;Ceed;1.4 CRDi;2019;Desmontada de vehículo;1 año;Bajo pedido 24-48h;261,08 € + IVA;https://desguacesmadridnorte.com/69121-pieza.html
69123;7064DG62B;Piloto trasero derecho;HYUNDAI;i30;1.6 CRDi;2020;Desmontada de vehículo;1 año;En stock;102,21 € + IVA;https://desguacesmadridnorte.com/69123-pieza.html
69124;1731TJ95F;Retrovisor derecho;BMW;Serie 1;116d;2007;Comprobada, funcionando;1 año;En stock;117,66 € + IVA;https://desguacesmadridnorte.com/69124-pieza.html
69127;4652RV26E;Turbo;AUDI;A4;2.0 TFSI;2020;Desmontada de vehículo;1 año;En stock;952,43 € + IVA;https://desguacesmadridnorte.com/69127-pieza.html
69129;9318PN29E;Cerradura puerta delantera;BMW;Serie 3;330i;2009;Comprobada, funcionando;1 año;Bajo pedido 24-48h;77,70 € + IVA;https://desguacesmadridnorte.com/69129-pieza.html
69130;1419SR51F;Bomba de agua;AUDI;A3;2.0 TDI;2006;Comprobada, funcionando;1 año;Bajo pedido 24-48h;81,38 € + IVA;https://desguacesmadridnorte.com/69130-pieza.html
69132;6511QW39F;Portón trasero;KIA;Ceed;1.4 CRDi;2010;Comprobada, funcionando;1 año;Bajo pedido 24-48h;126,72 € + IVA;https://desguacesmadridnorte.com/69132-pieza.html
69133;8402XG71F;Cinturón de seguridad;MERCEDES-BENZ;CLA;200 CDI;2006;Comprobada, funcionando;1 año;En stock;69,19 € + IVA;https://desguacesmadridnorte.com/69133-pieza.html
69135;5469PT63A;Radiador;RENAULT;Megane;1.5 dCi;2009;Desmontada de vehículo;1 año;En stock;48,38 € + IVA;https://desguacesmadridnorte.com/69135-pieza.html
69137;5713QF51E;Cárter;CITROEN;C4;1.6 HDi;2019;Desmontada de vehículo;1 año;Bajo pedido 24-48h;79,94 € + IVA;https://desguacesmadridnorte.com/69137-pieza.html
69139;6413PT95B;Caja de cambios;BMW;X1;20d;2011;Comprobada, funcionando;1 año;En stock;570,83 € + IVA;https://desguacesmadridnorte.com/69139-pieza.html
69142;4513VK82C;Retrovisor izquierdo;TOYOTA;Camry;2.5 Hybrid;2011;Desmontada de vehículo;1 año;En stock;47,00 € + IVA;https://desguacesmadridnorte.com/69142-pieza.html
69144;4039XX23E;Piloto trasero derecho;BMW;Serie 3;320d;2010;Comprobada, funcionando;1 año;En stock;39,42 € + IVA;https://desguacesmadridnorte.com/69144-pieza.html
69146;5211PA17A;Intercooler;PEUGEOT;208;1.6 HDi;2010;Comprobada, funcionando;1 año;En stock;67,53 € + IVA;https://desguacesmadridnorte.com/69146-pieza.html
69149;1622NL87B;Retrovisor izquierdo;HYUNDAI;Tucson;1.7 CRDi;2016;Sin comprobar;1 año;Bajo pedido 24-48h;76,68 € + IVA;https://desguacesmadridnorte.com/69149-pieza.html
69151;5782MB65A;Módulo electrónico;MERCEDES-BENZ;Clase E Coupé;220 CDI;2021;Comprobada, funcionando;1 año;En stock;317,65 € + IVA;https://desguacesmadridnorte.com/69151-pieza.html
69153;4234TB24B;Paso de rueda trasero izquierdo;HYUNDAI;Tucson;2.0 CRDi;2015;Sin comprobar;1 año;En stock;43,46 € + IVA;https://desguacesmadridnorte.com/69153-pieza.html
69155;1471PV26C;Radiador;BMW;Serie 1;118d;2016;Desmontada de vehículo;1 año;Bajo pedido 24-48h;174,33 € + IVA;https://desguacesmadridnorte.com/69155-pieza.html
69158;9869YT60C;Cremallera de dirección;MERCEDES-BENZ;CLA;180 CDI;2009;Comprobada, funcionando;1 año;En stock;154,63 € + IVA;https://desguacesmadridnorte.com/69158-pieza.html
69159;2465FT14F;Retrovisor derecho;AUDI;A3;2.0 TDI;2020;Desmontada de vehículo;1 año;En stock;140,31 € + IVA;https://desguacesmadridnorte.com/69159-pieza.html
69162;9333EN56B;Airbag volante;KIA;Sportage;1.7 CRDi;2012;Desmontada de vehículo;1 año;En stock;175,10 € + IVA;https://desguacesmadridnorte.com/69162-pieza.html
69164;6114GF90D;Motor de arranque;KIA;Ceed;1.4 CRDi;2019;Comprobada, funcionando;1 año;Bajo pedido 24-48h;117,45 € + IVA;https://desguacesmadridnorte.com/69164-pieza.html
69165;5899MT43B;Radiador;VOLKSWAGEN;Golf;2.0 TDI;2018;Comprobada, funcionando;1 año;En stock;172,09 € + IVA;https://desguacesmadridnorte.com/69165-pieza.html
69168;3589SD20B;Turbo;OPEL;Astra;1.6 CDTI;2006;Desmontada de vehículo;1 año;En stock;415,21 € + IVA;https://desguacesmadridnorte.com/69168-pieza.html
69171;5678ME59B;Alternador;OPEL;Corsa;1.2 16v;2011;Comprobada, funcionando;1 año;Bajo pedido 24-48h;45,72 € + IVA;https://desguacesmadridnorte.com/69171-pieza.html
69173;9832EF13A;Motor de arranque;RENAULT;Clio;1.2 16v;2010;Desmontada de vehículo;1 año;En stock;83,19 € + IVA;https://desguacesmadridnorte.com/69173-pieza.html
69176;5065ED51D;Módulo electrónico;TOYOTA;Corolla;1.8 Hybrid;2014;Comprobada, funcionando;1 año;En stock;91,23 € + IVA;https://desguacesmadridnorte.com/69176-pieza.html
69179;9502HM97D;Capó;MERCEDES-BENZ;Clase A;200 CDI;2016;Sin comprobar;1 año;En stock;242,57 € + IVA;https://desguacesmadridnorte.com/69179-pieza.html
69180;6324PS81C;Puerta delantera izquierda;BMW;Serie 1;118d;2014;Comprobada, funcionando;1 año;Bajo pedido 24-48h;234,42 € + IVA;https://desguacesmadridnorte.com/69180-pieza.html
69182;6736PV58B;Colector de admisión;MERCEDES-BENZ;Clase A;180 CDI;2019;Comprobada, funcionando;1 año;Bajo pedido 24-48h;119,59 € + IVA;https://desguacesmadridnorte.com/69182-pieza.html
69184;8281JE79F;Piloto trasero derecho;SEAT;León;1.6 TDI;2013;Comprobada, funcionando;1 año;En stock;41,10 € + IVA;https://desguacesmadridnorte.com/69184-pieza.html
69186;1355TZ52F;Elevalunas delantero izquierdo;KIA;Ceed;1.6 CRDi;2014;Desmontada de vehículo;1 año;En stock;70,00 € + IVA;https://desguacesmadridnorte.com/69186-pieza.html
69188;1983NF11C;Retrovisor derecho;BMW;X1;20d;2021;Desmontada de vehículo;1 año;En stock;99,89 € + IVA;https://desguacesmadridnorte.com/69188-pieza.html
69189;2979YJ51A;Puerta delantera derecha;CITROEN;C4;1.6 VTi;2020;Comprobada, funcionando;1 año;Bajo pedido 24-48h;188,33 € + IVA;https://desguacesmadridnorte.com/69189-pieza.html
69190;3553LH69B;Bomba de dirección;OPEL;Corsa;1.2 16v;2011;Sin comprobar;1 año;En stock;78,51 € + IVA;https://desguacesmadridnorte.com/69190-pieza.html
69193;3183DA44D;Turbo;SEAT;Ibiza;1.9 TDI;2018;Comprobada, funcionando;1 año;En stock;387,48 € + IVA;https://desguacesmadridnorte.com/69193-pieza.html
69195;9000LJ14F;Motor completo;OPEL;Astra;1.6 CDTI;2015;Desmontada de vehículo;1 año;En stock;1.164,55 € + IVA;https://desguacesmadridnorte.com/69195-pieza.html
69198;7552KG84A;Cárter;AUDI;A4;3.0 TDI;2019;Desmontada de vehículo;1 año;En stock;77,28 € + IVA;https://desguacesmadridnorte.com/69198-pieza.html
69201;6326RL94C;Puerta delantera derecha;SEAT;León;2.0 TDI;2007;Comprobada, funcionando;1 año;En stock;250,73 € + IVA;https://desguacesmadridnorte.com/69201-pieza.html
69202;4519AQ40B;Cárter;BMW;X1;18d;2021;Desmontada de vehículo;1 año;Bajo pedido 24-48h;136,91 € + IVA;https://desguacesmadridnorte.com/69202-pieza.html
69205;9004ET96C;Puerta trasera izquierda;TOYOTA;Proace City;1.5 D-4D;2011;Comprobada, funcionando;1 año;Bajo pedido 24-48h;261,15 € + IVA;https://desguacesmadridnorte.com/69205-pieza.html
69208;2000YB45C;Retrovisor izquierdo;OPEL;Astra;1.7 CDTI;2009;Comprobada, funcionando;1 año;En stock;95,96 € + IVA;https://desguacesmadridnorte.com/69208-pieza.html
69209;3521PX89D;Portón trasero;HYUNDAI;i30;1.6 CRDi;2010;Desmontada de vehículo;1 año;En stock;126,62 € + IVA;https://desguacesmadridnorte.com/69209-pieza.html
69210;6316EZ75A;Retrovisor derecho;HYUNDAI;Tucson;2.0 CRDi;2007;Desmontada de vehículo;1 año;En stock;76,72 € + IVA;https://desguacesmadridnorte.com/69210-pieza.html
69211;2475PY65B;Cárter;AUDI;A3;2.0 TDI;2015;Comprobada, funcionando;1 año;En stock;127,10 € + IVA;https://desguacesmadridnorte.com/69211-pieza.html
69213;7933QM36C;Compresor aire acondicionado;FORD;Fusion;1.4 TDCi;2016;Desmontada de vehículo;1 año;Bajo pedido 24-48h;104,38 € + IVA;https://desguacesmadridnorte.com/69213-pieza.html
69216;3589DF36F;Compresor aire acondicionado;PEUGEOT;3008;1.6 HDi;2011;Desmontada de vehículo;1 año;En stock;100,17 € + IVA;https://desguacesmadridnorte.com/69216-pieza.html
69218;5704MN11D;Retrovisor izquierdo;VOLKSWAGEN;Passat;2.0 TDI;2009;Desmontada de vehículo;1 año;Bajo pedido 24-48h;122,52 € + IVA;https://desguacesmadridnorte.com/69218-pieza.html
69219;6881QN87F;Puerta delantera izquierda;VOLKSWAGEN;Passat;1.6 TDI;2009;Sin comprobar;1 año;En stock;131,25 € + IVA;https://desguacesmadridnorte.com/69219-pieza.html
69222;9688DJ47A;Cárter;VOLKSWAGEN;Polo;1.4 TDI;2007;Comprobada, funcionando;1 año;Bajo pedido 24-48h;54,58 € + IVA;https://desguacesmadridnorte.com/69222-pieza.html
69225;8486WR79A;Piloto trasero izquierdo;AUDI;A3;1.4 TFSI;2008;Comprobada, funcionando;1 año;En stock;57,47 € + IVA;https://desguacesmadridnorte.com/69225-pieza.html
69226;1756CW76A;Parachoques trasero;CITROEN;C3;1.4 HDi;2007;Comprobada, funcionando;1 año;En stock;63,69 € + IVA;https://desguacesmadridnorte.com/69226-pieza.html
69229;6121PB72B;Intercooler;HYUNDAI;i30;1.6 CRDi;2019;Sin comprobar;1 año;En stock;174,31 € + IVA;https://desguacesmadridnorte.com/69229-pieza.html
69230;7303BS69B;Puerta delantera derecha;NISSAN;Juke;1.5 dCi;2017;Comprobada, funcionando;1 año;En stock;190,69 € + IVA;https://desguacesmadridnorte.com/69230-pieza.html
69232;9519FS25E;Elevalunas delantero izquierdo;TOYOTA;Proace City;1.5 D-4D;2018;Comprobada, funcionando;1 año;En stock;112,02 € + IVA;https://desguacesmadridnorte.com/69232-pieza.html
69234;7568AH35A;Portón trasero;PEUGEOT;208;1.4 HDi;2017;Comprobada, funcionando;1 año;En stock;284,79 € + IVA;https://desguacesmadridnorte.com/69234-pieza.html
69235;2895QT95A;Bomba de dirección;OPEL;Corsa;1.2 16v;2013;Comprobada, funcionando;1 año;Bajo pedido 24-48h;55,90 € + IVA;https://desguacesmadridnorte.com/69235-pieza.html
69238;2073JG10C;Colector de admisión;TOYOTA;Proace City;1.5 D-4D;2020;Sin comprobar;1 año;En stock;59,57 € + IVA;https://desguacesmadridnorte.com/69238-pieza.html
69241;4899RB79C;Retrovisor derecho;NISSAN;Qashqai;1.5 dCi;2010;Comprobada, funcionando;1 año;Bajo pedido 24-48h;89,54 € + IVA;https://desguacesmadridnorte.com/69241-pieza.html
69242;8227YW32B;Cuadro de instrumentos;MERCEDES-BENZ;Clase A;180 CDI;2006;Comprobada, funcionando;1 año;En stock;78,12 € + IVA;https://desguacesmadridnorte.com/69242-pieza.html
69244;2514AM19F;Parachoques trasero;OPEL;Astra;1.6 CDTI;2013;Comprobada, funcionando;1 año;Bajo pedido 24-48h;232,12 € + IVA;https://desguacesmadridnorte.com/69244-pieza.html
69246;2890EA58A;Puerta delantera derecha;TOYOTA;Proace City;1.5 D-4D;2009;Desmontada de vehículo;1 año;Bajo pedido 24-48h;244,95 € + IVA;https://desguacesmadridnorte.com/69246-pieza.html
69247;5133HD58B;Puerta trasera izquierda;RENAULT;Megane;1.6 dCi;2016;Comprobada, funcionando;1 año;Bajo pedido 24-48h;107,43 € + IVA;https://desguacesmadridnorte.com/69247-pieza.html
69250;3875ZQ85A;Faro delantero izquierdo;RENAULT;Megane;1.5 dCi;2005;Comprobada, funcionando;1 año;Bajo pedido 24-48h;154,14 € + IVA;https://desguacesmadridnorte.com/69250-pieza.html
69252;3418PJ12D;Capó;SKODA;Fabia;1.2 TSI;2007;Sin comprobar;1 año;En stock;67,19 € + IVA;https://desguacesmadridnorte.com/69252-pieza.html
69254;2118NJ66D;Piloto trasero izquierdo;CITROEN;C4;1.6 HDi;2008;Comprobada, funcionando;1 año;En stock;24,68 € + IVA;https://desguacesmadridnorte.com/69254-pieza.html
69257;1501GG99C;Faro delantero derecho;NISSAN;Qashqai;1.6 dCi;2015;Desmontada de vehículo;1 año;En stock;194,75 € + IVA;https://desguacesmadridnorte.com/69257-pieza.html
69259;9789NG88E;Cerradura puerta delantera;TOYOTA;Proace City;1.5 D-4D;2008;Comprobada, funcionando;1 año;Bajo pedido 24-48h;27,40 € + IVA;https://desguacesmadridnorte.com/69259-pieza.html
69260;4201KF65F;Motor de arranque;OPEL;Corsa;1.2 16v;2019;Sin comprobar;1 año;En stock;61,47 € + IVA;https://desguacesmadridnorte.com/69260-pieza.html
69263;6528TK62B;Amortiguador delantero;NISSAN;Qashqai;1.6 dCi;2014;Desmontada de vehículo;1 año;Bajo pedido 24-48h;69,76 € + IVA;https://desguacesmadridnorte.com/69263-pieza.html
69265;7347WM41E;Parachoques delantero;HYUNDAI;i30;1.4 CRDi;2021;Sin comprobar;1 año;Bajo pedido 24-48h;121,21 € + IVA;https://desguacesmadridnorte.com/69265-pieza.html
69267;3577PS34C;Cuadro de instrumentos;KIA;Ceed;1.6 CRDi;2011;Comprobada, funcionando;1 año;Bajo pedido 24-48h;91,69 € + IVA;https://desguacesmadridnorte.com/69267-pieza.html
69270;9452XD63B;Compresor aire acondicionado;BMW;Serie 1;118d;2017;Comprobada, funcionando;1 año;En stock;164,96 € + IVA;https://desguacesmadridnorte.com/69270-pieza.html
69272;2630XD34E;Bomba de agua;VOLKSWAGEN;Golf;1.6 TDI;2015;Desmontada de vehículo;1 año;En stock;75,61 € + IVA;https://desguacesmadridnorte.com/69272-pieza.html
69273;7940EC12F;Bomba de dirección;PEUGEOT;208;1.4 HDi;2016;Desmontada de vehículo;1 año;Bajo pedido 24-48h;65,43 € + IVA;https://desguacesmadridnorte.com/69273-pieza.html
69274;1770PF64F;Puerta delantera izquierda;VOLKSWAGEN;Golf;2.0 TDI;2006;Comprobada, funcionando;1 año;En stock;178,30 € + IVA;https://desguacesmadridnorte.com/69274-pieza.html
69275;6038JP23F;Piloto trasero derecho;SEAT;León;1.6 TDI;2008;Comprobada, funcionando;1 año;En stock;36,31 € + IVA;https://desguacesmadridnorte.com/69275-pieza.html
69278;6091HW77B;Bomba de dirección;VOLKSWAGEN;Golf;2.0 TDI;2013;Desmontada de vehículo;1 año;Bajo pedido 24-48h;90,09 € + IVA;https://desguacesmadridnorte.com/69278-pieza.html
69280;4406ZV66B;Radiador;HYUNDAI;Tucson;2.0 CRDi;2019;Comprobada, funcionando;1 año;Bajo pedido 24-48h;94,77 € + IVA;https://desguacesmadridnorte.com/69280-pieza.html
69283;6531ZL91A;Capó;HYUNDAI;i30;1.4 CRDi;2012;Comprobada, funcionando;1 año;Bajo pedido 24-48h;64,53 € + IVA;https://desguacesmadridnorte.com/69283-pieza.html
69285;8420VL82D;Parachoques delantero;RENAULT;Clio;1.2 16v;2008;Comprobada, funcionando;1 año;En stock;172,41 € + IVA;https://desguacesmadridnorte.com/69285-pieza.html
69287;8634BW12F;Motor de arranque;SKODA;Octavia;1.6 TDI;2013;Comprobada, funcionando;1 año;Bajo pedido 24-48h;113,25 € + IVA;https://desguacesmadridnorte.com/69287-pieza.html
69290;5216AG37A;Motor completo;OPEL;Astra;1.7 CDTI;2018;Comprobada, funcionando;1 año;En stock;1.075,74 € + IVA;https://desguacesmadridnorte.com/69290-pieza.html
69293;1890KE23D;Retrovisor derecho;CITROEN;C3;1.2 PureTech;2019;Comprobada, funcionando;1 año;En stock;43,00 € + IVA;https://desguacesmadridnorte.com/69293-pieza.html
69296;1392KP57E;Bomba de agua;SEAT;Ateca;1.5 TSI;2017;Desmontada de vehículo;1 año;En stock;27,28 € + IVA;https://desguacesmadridnorte.com/69296-pieza.html
69299;3703WN16A;Faro delantero izquierdo;VOLKSWAGEN;Golf;2.0 TDI;2009;Desmontada de vehículo;1 año;Bajo pedido 24-48h;95,22 € + IVA;https://desguacesmadridnorte.com/69299-pieza.html
69300;8041GJ69E;Centralita motor;MERCEDES-BENZ;Clase A;200 CDI;2005;Sin comprobar;1 año;En stock;207,18 € + IVA;https://desguacesmadridnorte.com/69300-pieza.html
69302;2262MN19A;Faro delantero derecho;FORD;Focus;1.6 TDCi;2005;Comprobada, funcionando;1 año;Bajo pedido 24-48h;145,05 € + IVA;https://desguacesmadridnorte.com/69302-pieza.html
69304;9831TD79A;Retrovisor izquierdo;RENAULT;Captur;0.9 TCe;2012;Comprobada, funcionando;1 año;Bajo pedido 24-48h;43,44 € + IVA;https://desguacesmadridnorte.com/69304-pieza.html
69305;7395JV92D;Cerradura puerta delantera;OPEL;Corsa;1.3 CDTI;2009;Comprobada, funcionando;1 año;En stock;22,20 € + IVA;https://desguacesmadridnorte.com/69305-pieza.html
69308;5701TB81C;Puerta delantera derecha;FORD;Fiesta;1.0 EcoBoost;2007;Comprobada, funcionando;1 año;En stock;215,49 € + IVA;https://desguacesmadridnorte.com/69308-pieza.html
69311;2693GK25C;Centralita motor;NISSAN;Juke;1.2 DIG-T;2013;Desmontada de vehículo;1 año;En stock;198,81 € + IVA;https://desguacesmadridnorte.com/69311-pieza.html
69312;2113KP21B;Faro delantero izquierdo;NISSAN;Qashqai;1.6 dCi;2009;Comprobada, funcionando;1 año;Bajo pedido 24-48h;199,77 € + IVA;https://desguacesmadridnorte.com/69312-pieza.html
69314;9174SP97C;Colector de admisión;AUDI;A3;2.0 TDI;2005;Desmontada de vehículo;1 año;Bajo pedido 24-48h;117,20 € + IVA;https://desguacesmadridnorte.com/69314-pieza.html
69316;2020XX53C;Turbo;FORD;Fiesta;1.0 EcoBoost;2020;Comprobada, funcionando;1 año;Bajo pedido 24-48h;490,18 € + IVA;https://desguacesmadridnorte.com/69316-pieza.html
69317;8100QY16F;Retrovisor derecho;HYUNDAI;i30;1.4 CRDi;2007;Sin comprobar;1 año;En stock;91,31 € + IVA;https://desguacesmadridnorte.com/69317-pieza.html
69319;2993JD41D;Parachoques trasero;NISSAN;Juke;1.2 DIG-T;2008;Comprobada, funcionando;1 año;En stock;144,48 € + IVA;https://desguacesmadridnorte.com/69319-pieza.html
69321;6752FN92B;Airbag volante;HYUNDAI;Tucson;2.0 CRDi;2008;Comprobada, funcionando;1 año;Bajo pedido 24-48h;71,07 € + IVA;https://desguacesmadridnorte.com/69321-pieza.html
69323;4292CN58C;Piloto trasero derecho;HYUNDAI;Tucson;2.0 CRDi;2014;Comprobada, funcionando;1 año;Bajo pedido 24-48h;54,44 € + IVA;https://desguacesmadridnorte.com/69323-pieza.html
69325;2456GJ33A;Intercooler;OPEL;Corsa;1.2 16v;2012;Desmontada de vehículo;1 año;En stock;133,35 € + IVA;https://desguacesmadridnorte.com/69325-pieza.html
69327;5754ZC90A;Faro delantero izquierdo;FORD;Fusion;1.4 TDCi;2018;Comprobada, funcionando;1 año;Bajo pedido 24-48h;131,44 € + IVA;https://desguacesmadridnorte.com/69327-pieza.html
69328;2960ZY45A;Radiador;KIA;Ceed;1.4 CRDi;2021;Comprobada, funcionando;1 año;Bajo pedido 24-48h;104,06 € + IVA;https://desguacesmadridnorte.com/69328-pieza.html
69331;5426AY46B;Intercooler;TOYOTA;Camry;2.5 Hybrid;2015;Sin comprobar;1 año;En stock;237,90 € + IVA;https://desguacesmadridnorte.com/69331-pieza.html
69332;3111JJ60A;Portón trasero;SKODA;Octavia;1.6 TDI;2021;Comprobada, funcionando;1 año;Bajo pedido 24-48h;394,61 € + IVA;https://desguacesmadridnorte.com/69332-pieza.html
69333;1260ZB90C;Parachoques trasero;BMW;X1;20d;2005;Comprobada, funcionando;1 año;En stock;224,82 € + IVA;https://desguacesmadridnorte.com/69333-pieza.html
69336;3553RG38A;Aleta delantera izquierda;AUDI;A4;2.0 TDI;2008;Comprobada, funcionando;1 año;Bajo pedido 24-48h;124,70 € + IVA;https://desguacesmadridnorte.com/69336-pieza.html
69339;9668ZD63F;Faro delantero izquierdo;AUDI;A3;1.6 TDI;2021;Desmontada de vehículo;1 año;En stock;372,93 € + IVA;https://desguacesmadridnorte.com/69339-pieza.html
69340;1465HS40A;Parachoques trasero;VOLKSWAGEN;Golf;2.0 TDI;2012;Comprobada, funcionando;1 año;En stock;130,86 € + IVA;https://desguacesmadridnorte.com/69340-pieza.html
69342;2416PR22C;Airbag volante;AUDI;Q3;2.0 TDI;2005;Comprobada, funcionando;1 año;En stock;143,05 € + IVA;https://desguacesmadridnorte.com/69342-pieza.html
69344;1692SZ21B;Alternador;TOYOTA;Proace City;1.5 D-4D;2007;Sin comprobar;1 año;Bajo pedido 24-48h;138,58 € + IVA;https://desguacesmadridnorte.com/69344-pieza.html
69345;9328CG35D;Puerta delantera izquierda;NISSAN;Juke;1.2 DIG-T;2010;Comprobada, funcionando;1 año;En stock;186,83 € + IVA;https://desguacesmadridnorte.com/69345-pieza.html
69348;2739KR12F;Capó;NISSAN;Juke;1.2 DIG-T;2016;Desmontada de vehículo;1 año;Bajo pedido 24-48h;148,64 € + IVA;https://desguacesmadridnorte.com/69348-pieza.html
69349;6403DN73D;Cárter;TOYOTA;Corolla;1.4 D-4D;2015;Desmontada de vehículo;1 año;En stock;37,42 € + IVA;https://desguacesmadridnorte.com/69349-pieza.html
69351;2944QY97F;Colector de admisión;VOLKSWAGEN;Passat;1.6 TDI;2013;Comprobada, funcionando;1 año;Bajo pedido 24-48h;127,92 € + IVA;https://desguacesmadridnorte.com/69351-pieza.html
69352;3848AS27F;Parachoques trasero;HYUNDAI;Tucson;2.0 CRDi;2009;Comprobada, funcionando;1 año;En stock;145,86 € + IVA;https://desguacesmadridnorte.com/69352-pieza.html
69354;1413YW91F;Faro delantero derecho;RENAULT;Captur;1.5 dCi;2009;Comprobada, funcionando;1 año;En stock;89,61 € + IVA;https://desguacesmadridnorte.com/69354-pieza.html
69355;5892DL25D;Retrovisor derecho;MERCEDES-BENZ;CLA;200 CDI;2021;Desmontada de vehículo;1 año;En stock;186,45 € + IVA;https://desguacesmadridnorte.com/69355-pieza.html
69358;6971PG92D;Cremallera de dirección;TOYOTA;Camry;2.5 Hybrid;2009;Desmontada de vehículo;1 año;En stock;176,85 € + IVA;https://desguacesmadridnorte.com/69358-pieza.html
69361;7599XD32A;Alternador;VOLKSWAGEN;Passat;1.6 TDI;2021;Comprobada, funcionando;1 año;Bajo pedido 24-48h;79,43 € + IVA;https://desguacesmadridnorte.com/69361-pieza.html
69364;7628ZV60E;Portón trasero;KIA;Sportage;1.7 CRDi;2006;Comprobada, funcionando;1 año;En stock;93,17 € + IVA;https://desguacesmadridnorte.com/69364-pieza.html
69366;1557CG56A;Puerta delantera izquierda;HYUNDAI;Tucson;1.7 CRDi;2014;Comprobada, funcionando;1 año;En stock;341,90 € + IVA;https://desguacesmadridnorte.com/69366-pieza.html
69367;5424HH90C;Bomba de agua;MERCEDES-BENZ;CLA;180 CDI;2020;Comprobada, funcionando;1 año;Bajo pedido 24-48h;49,98 € + IVA;https://desguacesmadridnorte.com/69367-pieza.html
69368;6321JG23D;Retrovisor izquierdo;KIA;Sportage;1.7 CRDi;2018;Comprobada, funcionando;1 año;En stock;171,46 € + IVA;https://desguacesmadridnorte.com/69368-pieza.html
69370;3594AM25A;Centralita motor;FORD;Fusion;1.4 TDCi;2010;Comprobada, funcionando;1 año;Bajo pedido 24-48h;137,77 € + IVA;https://desguacesmadridnorte.com/69370-pieza.html
69372;2900VA77B;Cárter;VOLKSWAGEN;Golf;1.4 TSI;2008;Comprobada, funcionando;1 año;Bajo pedido 24-48h;97,87 € + IVA;https://desguacesmadridnorte.com/69372-pieza.html
69375;3142FF37F;Cremallera de dirección;MERCEDES-BENZ;Clase E Coupé;220 CDI;2016;Desmontada de vehículo;1 año;Bajo pedido 24-48h;517,44 € + IVA;https://desguacesmadridnorte.com/69375-pieza.html
69377;5995FK59E;Puerta delantera izquierda;FORD;Focus;2.0 TDCi;2017;Comprobada, funcionando;1 año;En stock;116,43 € + IVA;https://desguacesmadridnorte.com/69377-pieza.html
69378;3566WX72C;Catalizador;RENAULT;Captur;0.9 TCe;2019;Comprobada, funcionando;1 año;Bajo pedido 24-48h;224,48 € + IVA;https://desguacesmadridnorte.com/69378-pieza.html
69380;1842YM53A;Elevalunas delantero izquierdo;MERCEDES-BENZ;Clase A;180 CDI;2019;Comprobada, funcionando;1 año;Bajo pedido 24-48h;59,84 € + IVA;https://desguacesmadridnorte.com/69380-pieza.html
69383;4605HG75D;Airbag volante;MERCEDES-BENZ;Clase A;200 CDI;2018;Sin comprobar;1 año;En stock;124,80 € + IVA;https://desguacesmadridnorte.com/69383-pieza.html
69386;7574KJ46D;Portón trasero;MERCEDES-BENZ;Clase E Coupé;250 CDI;2008;Sin comprobar;1 año;En stock;157,84 € + IVA;https://desguacesmadridnorte.com/69386-pieza.html
69387;3088PN96A;Portón trasero;SKODA;Fabia;1.4 TDI;2010;Desmontada de vehículo;1 año;En stock;84,98 € + IVA;https://desguacesmadridnorte.com/69387-pieza.html
69388;9184TS32A;Motor de arranque;MERCEDES-BENZ;Clase E Coupé;250 CDI;2007;Comprobada, funcionando;1 año;Bajo pedido 24-48h;96,07 € + IVA;https://desguacesmadridnorte.com/69388-pieza.html
69391;9155CD10A;Alternador;MERCEDES-BENZ;CLA;200 CDI;2019;Sin comprobar;1 año;Bajo pedido 24-48h;155,66 € + IVA;https://desguacesmadridnorte.com/69391-pieza.html
69392;3738AR12A;Aleta delantera izquierda;PEUGEOT;3008;2.0 HDi;2005;Desmontada de vehículo;1 año;Bajo pedido 24-48h;55,82 € + IVA;https://desguacesmadridnorte.com/69392-pieza.html
69394;3511JJ37A;Cinturón de seguridad;CITROEN;C4;1.6 VTi;2020;Desmontada de vehículo;1 año;Bajo pedido 24-48h;53,57 € + IVA;https://desguacesmadridnorte.com/69394-pieza.html
69396;8774QQ86B;Elevalunas delantero izquierdo;HYUNDAI;i30;1.4 CRDi;2011;Comprobada, funcionando;1 año;En stock;35,26 € + IVA;https://desguacesmadridnorte.com/69396-pieza.html
69399;7457QE92C;Compresor aire acondicionado;BMW;X1;20d;2014;Comprobada, funcionando;1 año;En stock;233,00 € + IVA;https://desguacesmadridnorte.com/69399-pieza.html
69402;7490SP85B;Compresor aire acondicionado;OPEL;Astra;1.7 CDTI;2010;Comprobada, funcionando;1 año;Bajo pedido 24-48h;83,00 € + IVA;https://desguacesmadridnorte.com/69402-pieza.html
69405;5474RC57F;Radiador;TOYOTA;Camry;2.5 Hybrid;2011;Comprobada, funcionando;1 año;En stock;164,29 € + IVA;https://desguacesmadridnorte.com/69405-pieza.html
69407;7312LR82E;Centralita motor;RENAULT;Megane;1.6 dCi;2010;Comprobada, funcionando;1 año;Bajo pedido 24-48h;91,99 € + IVA;https://desguacesmadridnorte.com/69407-pieza.html
69408;7999JL10A;Parachoques trasero;BMW;Serie 3;330i;2011;Comprobada, funcionando;1 año;En stock;166,09 € + IVA;https://desguacesmadridnorte.com/69408-pieza.html
69411;5658LB13D;Alternador;KIA;Sportage;2.0 CRDi;2018;Comprobada, funcionando;1 año;Bajo pedido 24-48h;214,20 € + IVA;https://desguacesmadridnorte.com/69411-pieza.html
69412;2048MP15C;Retrovisor derecho;KIA;Ceed;1.4 CRDi;2008;Comprobada, funcionando;1 año;Bajo pedido 24-48h;119,86 € + IVA;https://desguacesmadridnorte.com/69412-pieza.html
69415;7896CA19A;Puerta trasera izquierda;SEAT;Ateca;2.0 TDI;2007;Comprobada, funcionando;1 año;Bajo pedido 24-48h;180,99 € + IVA;https://desguacesmadridnorte.com/69415-pieza.html
69416;6813RM95B;Faro delantero derecho;SEAT;Ibiza;1.6 TDI;2013;Sin comprobar;1 año;En stock;83,49 € + IVA;https://desguacesmadridnorte.com/69416-pieza.html
69417;3691XC80F;Cerradura puerta delantera;SKODA;Fabia;1.4 TDI;2016;Desmontada de vehículo;1 año;Bajo pedido 24-48h;36,72 € + IVA;https://desguacesmadridnorte.com/69417-pieza.html
69419;3931HR90B;Faro delantero derecho;TOYOTA;Proace City;1.5 D-4D;2015;Comprobada, funcionando;1 año;Bajo pedido 24-48h;96,02 € + IVA;https://desguacesmadridnorte.com/69419-pieza.html
69422;6348KE44D;Turbo;RENAULT;Megane;1.6 dCi;2015;Comprobada, funcionando;1 año;En stock;488,00 € + IVA;https://desguacesmadridnorte.com/69422-pieza.html
69425;7201MM76C;Motor completo;VOLKSWAGEN;Polo;1.2 TSI;2013;Desmontada de vehículo;1 año;En stock;1.683,42 € + IVA;https://desguacesmadridnorte.com/69425-pieza.html
69426;9532PZ37C;Retrovisor derecho;SKODA;Octavia;2.0 TDI;2013;Comprobada, funcionando;1 año;En stock;73,21 € + IVA;https://desguacesmadridnorte.com/69426-pieza.html
69429;5696FP93D;Módulo electrónico;MERCEDES-BENZ;CLA;200 CDI;2020;Sin comprobar;1 año;Bajo pedido 24-48h;289,35 € + IVA;https://desguacesmadridnorte.com/69429-pieza.html
69430;5479HZ13D;Compresor aire acondicionado;RENAULT;Captur;0.9 TCe;2012;Comprobada, funcionando;1 año;Bajo pedido 24-48h;73,58 € + IVA;https://desguacesmadridnorte.com/69430-pieza.html
69431;9808AK99C;Colector de admisión;NISSAN;Qashqai;1.6 dCi;2021;Comprobada, funcionando;1 año;Bajo pedido 24-48h;149,21 € + IVA;https://desguacesmadridnorte.com/69431-pieza.html
69434;6144PH23C;Cárter;MERCEDES-BENZ;CLA;200 CDI;2006;Comprobada, funcionando;1 año;Bajo pedido 24-48h;133,28 € + IVA;https://desguacesmadridnorte.com/69434-pieza.html
69436;7263QT24D;Parachoques trasero;RENAULT;Clio;1.2 16v;2008;Comprobada, funcionando;1 año;En stock;109,44 € + IVA;https://desguacesmadridnorte.com/69436-pieza.html
69437;4038SJ80C;Faro delantero derecho;SEAT;Ibiza;1.2 TSI;2007;Comprobada, funcionando;1 año;En stock;51,60 € + IVA;https://desguacesmadridnorte.com/69437-pieza.html
69440;8274TC72D;Cerradura puerta delantera;TOYOTA;Proace City;1.5 D-4D;2016;Desmontada de vehículo;1 año;Bajo pedido 24-48h;71,60 € + IVA;https://desguacesmadridnorte.com/69440-pieza.html
69443;6652LR53D;Capó;NISSAN;Qashqai;1.6 dCi;2020;Desmontada de vehículo;1 año;En stock;211,79 € + IVA;https://desguacesmadridnorte.com/69443-pieza.html
69446;7732RB79E;Faro delantero derecho;SEAT;Ibiza;1.2 TSI;2021;Desmontada de vehículo;1 año;Bajo pedido 24-48h;88,75 € + IVA;https://desguacesmadridnorte.com/69446-pieza.html
69449;8460CR67C;Parachoques trasero;KIA;Ceed;1.6 CRDi;2010;Desmontada de vehículo;1 año;En stock;94,46 € + IVA;https://desguacesmadridnorte.com/69449-pieza.html
69450;8257FE88A;Alternador;MERCEDES-BENZ;Clase E Coupé;250 CDI;2011;Comprobada, funcionando;1 año;En stock;73,60 € + IVA;https://desguacesmadridnorte.com/69450-pieza.html
69452;9301LZ48C;Intercooler;NISSAN;Qashqai;1.5 dCi;2021;Desmontada de vehículo;1 año;Bajo pedido 24-48h;80,45 € + IVA;https://desguacesmadridnorte.com/69452-pieza.html
69455;9697GE67A;Parachoques delantero;BMW;Serie 1;118d;2010;Desmontada de vehículo;1 año;En stock;284,05 € + IVA;https://desguacesmadridnorte.com/69455-pieza.html
69458;4411RX75D;Compresor aire acondicionado;KIA;Ceed;1.4 CRDi;2015;Comprobada, funcionando;1 año;Bajo pedido 24-48h;241,81 € + IVA;https://desguacesmadridnorte.com/69458-pieza.html
69459;4670CF44C;Puerta delantera derecha;MERCEDES-BENZ;Clase A;200 CDI;2007;Comprobada, funcionando;1 año;Bajo pedido 24-48h;201,50 € + IVA;https://desguacesmadridnorte.com/69459-pieza.html
69461;1223KH15E;Capó;VOLKSWAGEN;Passat;1.6 TDI;2012;Desmontada de vehículo;1 año;En stock;125,58 € + IVA;https://desguacesmadridnorte.com/69461-pieza.html
69462;6517VC75B;Compresor aire acondicionado;CITROEN;C3;1.2 PureTech;2008;Desmontada de vehículo;1 año;En stock;185,72 € + IVA;https://desguacesmadridnorte.com/69462-pieza.html
69463;6345TN60B;Puerta delantera derecha;RENAULT;Clio;1.2 16v;2014;Desmontada de vehículo;1 año;En stock;263,31 € + IVA;https://desguacesmadridnorte.com/69463-pieza.html
69464;2280YY59B;Aleta delantera izquierda;CITROEN;C4;1.6 HDi;2014;Desmontada de vehículo;1 año;Bajo pedido 24-48h;121,16 € + IVA;https://desguacesmadridnorte.com/69464-pieza.html
69467;6912ET60C;Amortiguador delantero;KIA;Ceed;1.4 CRDi;2010;Sin comprobar;1 año;En stock;42,23 € + IVA;https://desguacesmadridnorte.com/69467-pieza.html
69468;1835AX14D;Motor de arranque;MERCEDES-BENZ;CLA;180 CDI;2007;Comprobada, funcionando;1 año;En stock;167,76 € + IVA;https://desguacesmadridnorte.com/69468-pieza.html
69469;4367JS78E;Módulo electrónico;TOYOTA;Corolla;1.4 D-4D;2015;Comprobada, funcionando;1 año;En stock;134,12 € + IVA;https://desguacesmadridnorte.com/69469-pieza.html
69472;9554FH40E;Parachoques trasero;VOLKSWAGEN;Golf;1.6 TDI;2015;Comprobada, funcionando;1 año;En stock;133,40 € + IVA;https://desguacesmadridnorte.com/69472-pieza.html
69473;8228ML39C;Airbag volante;AUDI;A4;2.0 TFSI;2018;Comprobada, funcionando;1 año;Bajo pedido 24-48h;154,16 € + IVA;https://desguacesmadridnorte.com/69473-pieza.html
69474;6235MW91B;Faro delantero derecho;TOYOTA;Camry;2.5 Hybrid;2020;Sin comprobar;1 año;En stock;130,34 € + IVA;https://desguacesmadridnorte.com/69474-pieza.html
69476;2494XG98E;Portón trasero;PEUGEOT;308;1.6 HDi;2006;Desmontada de vehículo;1 año;En stock;215,46 € + IVA;https://desguacesmadridnorte.com/69476-pieza.html
69479;1117LR76D;Piloto trasero izquierdo;AUDI;Q3;2.0 TDI;2016;Comprobada, funcionando;1 año;En stock;54,37 € + IVA;https://desguacesmadridnorte.com/69479-pieza.html
69482;4025LR51F;Puerta delantera derecha;SEAT;Ateca;1.5 TSI;2017;Comprobada, funcionando;1 año;Bajo pedido 24-48h;127,59 € + IVA;https://desguacesmadridnorte.com/69482-pieza.html
69485;7292FQ69B;Colector de admisión;AUDI;Q3;1.4 TFSI;2005;Comprobada, funcionando;1 año;Bajo pedido 24-48h;118,10 € + IVA;https://desguacesmadridnorte.com/69485-pieza.html
69488;1183JG25A;Cerradura puerta delantera;HYUNDAI;i30;1.4 CRDi;2020;Comprobada, funcionando;1 año;En stock;38,66 € + IVA;https://desguacesmadridnorte.com/69488-pieza.html
69490;2678LE19D;Bomba de dirección;NISSAN;Juke;1.2 DIG-T;2013;Comprobada, funcionando;1 año;Bajo pedido 24-48h;104,44 € + IVA;https://desguacesmadridnorte.com/69490-pieza.html
69493;2438SS54E;Centralita motor;MERCEDES-BENZ;Clase A;200 CDI;2018;Sin comprobar;1 año;En stock;169,02 € + IVA;https://desguacesmadridnorte.com/69493-pieza.html
69494;2408QL73A;Aleta delantera izquierda;OPEL;Astra;1.7 CDTI;2019;Desmontada de vehículo;1 año;En stock;120,86 € + IVA;https://desguacesmadridnorte.com/69494-pieza.html
69496;8356WQ75B;Parachoques delantero;BMW;Serie 3;330i;2020;Desmontada de vehículo;1 año;Bajo pedido 24-48h;449,91 € + IVA;https://desguacesmadridnorte.com/69496-pieza.html
69498;3054GN50F;Portón trasero;OPEL;Astra;1.6 CDTI;2018;Sin comprobar;1 año;Bajo pedido 24-48h;294,21 € + IVA;https://desguacesmadridnorte.com/69498-pieza.html
69500;6475JQ45A;Cinturón de seguridad;SEAT;Ibiza;1.9 TDI;2018;Comprobada, funcionando;1 año;En stock;57,81 € + IVA;https://desguacesmadridnorte.com/69500-pieza.html
69501;7915YN97B;Compresor aire acondicionado;NISSAN;Qashqai;1.5 dCi;2011;Comprobada, funcionando;1 año;En stock;163,98 € + IVA;https://desguacesmadridnorte.com/69501-pieza.html
69502;4458DR78B;Retrovisor izquierdo;HYUNDAI;i30;1.6 CRDi;2007;Comprobada, funcionando;1 año;En stock;34,85 € + IVA;https://desguacesmadridnorte.com/69502-pieza.html
69504;9256RA69E;Turbo;HYUNDAI;Tucson;2.0 CRDi;2008;Comprobada, funcionando;1 año;En stock;302,31 € + IVA;https://desguacesmadridnorte.com/69504-pieza.html
69506;2471FR97B;Bomba de dirección;SEAT;León;1.6 TDI;2019;Comprobada, funcionando;1 año;En stock;77,91 € + IVA;https://desguacesmadridnorte.com/69506-pieza.html
69507;7804BB20B;Intercooler;RENAULT;Clio;1.2 16v;2008;Comprobada, funcionando;1 año;En stock;85,39 € + IVA;https://desguacesmadridnorte.com/69507-pieza.html
69509;7424PW71A;Piloto trasero izquierdo;MERCEDES-BENZ;Clase A;180 CDI;2019;Desmontada de vehículo;1 año;Bajo pedido 24-48h;63,41 € + IVA;https://desguacesmadridnorte.com/69509-pieza.html
69510;9390YJ13E;Bomba de agua;RENAULT;Clio;1.5 dCi;2018;Sin comprobar;1 año;En stock;40,53 € + IVA;https://desguacesmadridnorte.com/69510-pieza.html
69512;1171BJ67A;Faro delantero derecho;SKODA;Octavia;1.6 TDI;2017;Desmontada de vehículo;1 año;En stock;223,70 € + IVA;https://desguacesmadridnorte.com/69512-pieza.html
69514;6874BK37E;Puerta delantera izquierda;RENAULT;Megane;1.5 dCi;2010;Desmontada de vehículo;1 año;En stock;174,98 € + IVA;https://desguacesmadridnorte.com/69514-pieza.html
69516;8147HT64C;Motor de arranque;HYUNDAI;Tucson;1.7 CRDi;2010;Comprobada, funcionando;1 año;En stock;40,94 € + IVA;https://desguacesmadridnorte.com/69516-pieza.html
69518;7702CH71C;Faro delantero derecho;BMW;X1;18d;2020;Comprobada, funcionando;1 año;En stock;95,55 € + IVA;https://desguacesmadridnorte.com/69518-pieza.html
69520;3954KV33A;Parachoques trasero;SKODA;Octavia;2.0 TDI;2010;Desmontada de vehículo;1 año;En stock;210,77 € + IVA;https://desguacesmadridnorte.com/69520-pieza.html
69523;5294ZL26B;Motor completo;NISSAN;Qashqai;1.6 dCi;2013;Comprobada, funcionando;1 año;En stock;1.568,16 € + IVA;https://desguacesmadridnorte.com/69523-pieza.html
69526;8182PB44B;Cárter;VOLKSWAGEN;Golf;1.4 TSI;2012;Comprobada, funcionando;1 año;En stock;95,13 € + IVA;https://desguacesmadridnorte.com/69526-pieza.html
69529;6551NS22F;Centralita motor;OPEL;Astra;1.6 CDTI;2007;Desmontada de vehículo;1 año;En stock;168,47 € + IVA;https://desguacesmadridnorte.com/69529-pieza.html
69530;5661RS67C;Puerta trasera izquierda;BMW;Serie 1;116d;2008;Comprobada, funcionando;1 año;En stock;122,23 € + IVA;https://desguacesmadridnorte.com/69530-pieza.html
69533;8435MQ49E;Cinturón de seguridad;AUDI;A4;2.0 TDI;2020;Desmontada de vehículo;1 año;Bajo pedido 24-48h;122,12 € + IVA;https://desguacesmadridnorte.com/69533-pieza.html
69534;3187BW36A;Bomba de agua;OPEL;Astra;1.7 CDTI;2005;Desmontada de vehículo;1 año;En stock;36,98 € + IVA;https://desguacesmadridnorte.com/69534-pieza.html
69536;3618TZ72F;Puerta delantera izquierda;SKODA;Octavia;1.6 TDI;2007;Comprobada, funcionando;1 año;En stock;101,84 € + IVA;https://desguacesmadridnorte.com/69536-pieza.html
69537;9670TD43C;Cuadro de instrumentos;SEAT;Ibiza;1.2 TSI;2011;Comprobada, funcionando;1 año;En stock;184,31 € + IVA;https://desguacesmadridnorte.com/69537-pieza.html
69540;1818ZN59D;Alternador;NISSAN;Qashqai;1.5 dCi;2007;Comprobada, funcionando;1 año;En stock;128,81 € + IVA;https://desguacesmadridnorte.com/69540-pieza.html
69542;1348RY16A;Motor completo;TOYOTA;Camry;2.5 Hybrid;2012;Comprobada, funcionando;1 año;Bajo pedido 24-48h;2.347,21 € + IVA;https://desguacesmadridnorte.com/69542-pieza.html
69545;3202JV21B;Bomba de agua;KIA;Sportage;2.0 CRDi;2009;Desmontada de vehículo;1 año;En stock;74,48 € + IVA;https://desguacesmadridnorte.com/69545-pieza.html
69547;9302TH92B;Parachoques delantero;BMW;Serie 3;330i;2010;Desmontada de vehículo;1 año;En stock;96,57 € + IVA;https://desguacesmadridnorte.com/69547-pieza.html
69548;3778VK88B;Compresor aire acondicionado;MERCEDES-BENZ;Clase E Coupé;220 CDI;2009;Comprobada, funcionando;1 año;En stock;257,95 € + IVA;https://desguacesmadridnorte.com/69548-pieza.html
69550;8733ED11E;Cuadro de instrumentos;CITROEN;C3;1.2 PureTech;2008;Comprobada, funcionando;1 año;En stock;149,43 € + IVA;https://desguacesmadridnorte.com/69550-pieza.html
69552;3349DX23A;Intercooler;NISSAN;Qashqai;1.5 dCi;2011;Comprobada, funcionando;1 año;Bajo pedido 24-48h;62,90 € + IVA;https://desguacesmadridnorte.com/69552-pieza.html
69554;7707QF23D;Retrovisor izquierdo;OPEL;Corsa;1.3 CDTI;2015;Comprobada, funcionando;1 año;En stock;54,85 € + IVA;https://desguacesmadridnorte.com/69554-pieza.html
69556;5182XC89C;Capó;TOYOTA;Camry;2.5 Hybrid;2017;Desmontada de vehículo;1 año;En stock;225,90 € + IVA;https://desguacesmadridnorte.com/69556-pieza.html
69558;4610XV49E;Aleta delantera izquierda;OPEL;Astra;1.6 CDTI;2012;Comprobada, funcionando;1 año;En stock;131,36 € + IVA;https://desguacesmadridnorte.com/69558-pieza.html
69560;3088BK13C;Aleta delantera izquierda;PEUGEOT;208;1.6 HDi;2007;Sin comprobar;1 año;En stock;105,80 € + IVA;https://desguacesmadridnorte.com/69560-pieza.html
69563;2703VN50B;Cremallera de dirección;OPEL;Astra;1.6 CDTI;2015;Comprobada, funcionando;1 año;En stock;276,17 € + IVA;https://desguacesmadridnorte.com/69563-pieza.html
69564;6097BQ58C;Parachoques trasero;FORD;Fusion;1.4 TDCi;2021;Comprobada, funcionando;1 año;En stock;108,00 € + IVA;https://desguacesmadridnorte.com/69564-pieza.html
69566;7193EY17A;Portón trasero;CITROEN;C4;1.6 VTi;2005;Comprobada, funcionando;1 año;En stock;129,95 € + IVA;https://desguacesmadridnorte.com/69566-pieza.html
69569;1198ZX24C;Intercooler;AUDI;Q3;1.4 TFSI;2012;Comprobada, funcionando;1 año;Bajo pedido 24-48h;96,99 € + IVA;https://desguacesmadridnorte.com/69569-pieza.html
69571;3763EK50E;Caja de cambios;PEUGEOT;208;1.4 HDi;2019;Sin comprobar;1 año;En stock;201,19 € + IVA;https://desguacesmadridnorte.com/69571-pieza.html
69572;4091CG83A;Módulo electrónico;PEUGEOT;208;1.6 HDi;2009;Comprobada, funcionando;1 año;En stock;106,48 € + IVA;https://desguacesmadridnorte.com/69572-pieza.html
69575;4381NB58D;Alternador;MERCEDES-BENZ;Clase A;200 CDI;2008;Comprobada, funcionando;1 año;En stock;136,87 € + IVA;https://desguacesmadridnorte.com/69575-pieza.html
69578;6890XD68E;Motor de arranque;CITROEN;C4;1.6 VTi;2018;Comprobada, funcionando;1 año;Bajo pedido 24-48h;115,16 € + IVA;https://desguacesmadridnorte.com/69578-pieza.html
69579;6234RL56F;Capó;HYUNDAI;Tucson;1.7 CRDi;2006;Comprobada, funcionando;1 año;Bajo pedido 24-48h;139,04 € + IVA;https://desguacesmadridnorte.com/69579-pieza.html
69581;4589LE89D;Cuadro de instrumentos;AUDI;A3;1.4 TFSI;2006;Comprobada, funcionando;1 año;En stock;252,47 € + IVA;https://desguacesmadridnorte.com/69581-pieza.html
69582;5879GS23C;Colector de admisión;NISSAN;Qashqai;1.6 dCi;2013;Sin comprobar;1 año;Bajo pedido 24-48h;70,59 € + IVA;https://desguacesmadridnorte.com/69582-pieza.html
69584;2641FE80F;Colector de admisión;HYUNDAI;Tucson;1.7 CRDi;2013;Comprobada, funcionando;1 año;Bajo pedido 24-48h;161,90 € + IVA;https://desguacesmadridnorte.com/69584-pieza.html
69586;7016KP29F;Amortiguador delantero;SEAT;Ibiza;1.2 TSI;2012;Desmontada de vehículo;1 año;Bajo pedido 24-48h;64,93 € + IVA;https://desguacesmadridnorte.com/69586-pieza.html
69589;2853PQ58C;Capó;KIA;Sportage;1.7 CRDi;2011;Comprobada, funcionando;1 año;En stock;79,94 € + IVA;https://desguacesmadridnorte.com/69589-pieza.html
69590;7984VY86F;Motor completo;SEAT;Ateca;2.0 TDI;2007;Desmontada de vehículo;1 año;En stock;1.312,60 € + IVA;https://desguacesmadridnorte.com/69590-pieza.html
69593;6417TG46B;Faro delantero izquierdo;FORD;Fusion;1.4 TDCi;2009;Desmontada de vehículo;1 año;En stock;64,68 € + IVA;https://desguacesmadridnorte.com/69593-pieza.html
69595;1605FG72B;Alternador;SKODA;Octavia;1.6 TDI;2011;Sin comprobar;1 año;Bajo pedido 24-48h;136,01 € + IVA;https://desguacesmadridnorte.com/69595-pieza.html
69597;2254BJ31C;Cuadro de instrumentos;TOYOTA;Proace City;1.5 D-4D;2008;Sin comprobar;1 año;En stock;141,42 € + IVA;https://desguacesmadridnorte.com/69597-pieza.html
69600;3243SL34E;Radiador;OPEL;Corsa;1.2 16v;2016;Comprobada, funcionando;1 año;Bajo pedido 24-48h;67,11 € + IVA;https://desguacesmadridnorte.com/69600-pieza.html
69601;6580DY18D;Catalizador;OPEL;Astra;1.7 CDTI;2017;Sin comprobar;1 año;En stock;326,55 € + IVA;https://desguacesmadridnorte.com/69601-pieza.html
69603;3643CJ43F;Puerta delantera izquierda;SEAT;Ateca;2.0 TDI;2016;Desmontada de vehículo;1 año;En stock;316,83 € + IVA;https://desguacesmadridnorte.com/69603-pieza.html
69605;7868EB56C;Turbo;FORD;Focus;1.6 TDCi;2015;Comprobada, funcionando;1 año;Bajo pedido 24-48h;456,25 € + IVA;https://desguacesmadridnorte.com/69605-pieza.html
69608;7360DP96B;Elevalunas delantero izquierdo;PEUGEOT;3008;2.0 HDi;2009;Comprobada, funcionando;1 año;Bajo pedido 24-48h;34,20 € + IVA;https://desguacesmadridnorte.com/69608-pieza.html
69609;4355MH49E;Faro delantero izquierdo;PEUGEOT;3008;2.0 HDi;2015;Comprobada, funcionando;1 año;Bajo pedido 24-48h;207,40 € + IVA;https://desguacesmadridnorte.com/69609-pieza.html
69610;1830PK25D;Parachoques trasero;SKODA;Octavia;2.0 TDI;2019;Comprobada, funcionando;1 año;En stock;231,37 € + IVA;https://desguacesmadridnorte.com/69610-pieza.html
69613;2993YS80F;Puerta trasera izquierda;PEUGEOT;3008;2.0 HDi;2016;Comprobada, funcionando;1 año;En stock;146,74 € + IVA;https://desguacesmadridnorte.com/69613-pieza.html
69614;1418AL98B;Elevalunas delantero izquierdo;AUDI;A4;2.0 TFSI;2007;Comprobada, funcionando;1 año;Bajo pedido 24-48h;80,93 € + IVA;https://desguacesmadridnorte.com/69614-pieza.html
69617;4991AX82B;Intercooler;AUDI;A3;2.0 TDI;2008;Comprobada, funcionando;1 año;En stock;112,88 € + IVA;https://desguacesmadridnorte.com/69617-pieza.html
69619;5656YS59A;Faro delantero izquierdo;AUDI;Q3;2.0 TDI;2006;Desmontada de vehículo;1 año;En stock;120,21 € + IVA;https://desguacesmadridnorte.com/69619-pieza.html
69620;2772SJ56B;Parachoques trasero;PEUGEOT;3008;2.0 HDi;2019;Comprobada, funcionando;1 año;En stock;269,11 € + IVA;https://desguacesmadridnorte.com/69620-pieza.html
69621;2391DR91C;Centralita motor;KIA;Ceed;1.6 CRDi;2015;Comprobada, funcionando;1 año;En stock;181,53 € + IVA;https://desguacesmadridnorte.com/69621-pieza.html
69624;1643JP78D;Retrovisor derecho;KIA;Sportage;2.0 CRDi;2009;Sin comprobar;1 año;En stock;116,17 € + IVA;https://desguacesmadridnorte.com/69624-pieza.html
69626;9737WQ91F;Catalizador;BMW;X1;18d;2015;Sin comprobar;1 año;En stock;267,40 € + IVA;https://desguacesmadridnorte.com/69626-pieza.html
69629;7817TJ21F;Amortiguador delantero;OPEL;Corsa;1.2 16v;2010;Desmontada de vehículo;1 año;Bajo pedido 24-48h;55,18 € + IVA;https://desguacesmadridnorte.com/69629-pieza.html
69632;2398WR84C;Aleta delantera izquierda;TOYOTA;Corolla;1.4 D-4D;2012;Comprobada, funcionando;1 año;En stock;55,19 € + IVA;https://desguacesmadridnorte.com/69632-pieza.html
69634;6478TK96F;Elevalunas delantero izquierdo;AUDI;Q3;1.4 TFSI;2018;Desmontada de vehículo;1 año;En stock;88,88 € + IVA;https://desguacesmadridnorte.com/69634-pieza.html
69636;9555LG80A;Colector de admisión;PEUGEOT;3008;2.0 HDi;2013;Comprobada, funcionando;1 año;Bajo pedido 24-48h;106,79 € + IVA;https://desguacesmadridnorte.com/69636-pieza.html
69637;5446BZ93A;Portón trasero;MERCEDES-BENZ;CLA;180 CDI;2017;Comprobada, funcionando;1 año;Bajo pedido 24-48h;439,38 € + IVA;https://desguacesmadridnorte.com/69637-pieza.html
69639;8619JH76F;Cinturón de seguridad;MERCEDES-BENZ;Clase E Coupé;220 CDI;2013;Sin comprobar;1 año;En stock;100,62 € + IVA;https://desguacesmadridnorte.com/69639-pieza.html
69640;1585HF73A;Amortiguador delantero;FORD;Fiesta;1.0 EcoBoost;2018;Sin comprobar;1 año;En stock;58,39 € + IVA;https://desguacesmadridnorte.com/69640-pieza.html
69643;7432XX77D;Cremallera de dirección;NISSAN;Juke;1.2 DIG-T;2010;Desmontada de vehículo;1 año;En stock;245,27 € + IVA;https://desguacesmadridnorte.com/69643-pieza.html
69645;6164LJ12E;Cárter;FORD;Fusion;1.4 TDCi;2009;Comprobada, funcionando;1 año;Bajo pedido 24-48h;64,23 € + IVA;https://desguacesmadridnorte.com/69645-pieza.html
69646;4779VD24B;Puerta delantera izquierda;SEAT;Ibiza;1.9 TDI;2012;Comprobada, funcionando;1 año;Bajo pedido 24-48h;185,54 € + IVA;https://desguacesmadridnorte.com/69646-pieza.html
69649;8947DV63F;Motor de arranque;TOYOTA;Camry;2.5 Hybrid;2020;Desmontada de vehículo;1 año;Bajo pedido 24-48h;169,11 € + IVA;https://desguacesmadridnorte.com/69649-pieza.html
69650;5170YF37A;Retrovisor izquierdo;FORD;Fiesta;1.0 EcoBoost;2016;Comprobada, funcionando;1 año;En stock;29,54 € + IVA;https://desguacesmadridnorte.com/69650-pieza.html
69652;3766TK63B;Bomba de agua;VOLKSWAGEN;Passat;1.6 TDI;2021;Comprobada, funcionando;1 año;En stock;77,62 € + IVA;https://desguacesmadridnorte.com/69652-pieza.html
69653;2396RR98F;Puerta delantera derecha;BMW;Serie 1;116d;2010;Comprobada, funcionando;1 año;En stock;253,13 € + IVA;https://desguacesmadridnorte.com/69653-pieza.html
69655;1955SC69B;Cerradura puerta delantera;MERCEDES-BENZ;Clase A;180 CDI;2010;Desmontada de vehículo;1 año;En stock;63,02 € + IVA;https://desguacesmadridnorte.com/69655-pieza.html
69658;8025AT13F;Caja de cambios;BMW;X1;20d;2015;Comprobada, funcionando;1 año;En stock;1.341,24 € + IVA;https://desguacesmadridnorte.com/69658-pieza.html
69659;6152JH43C;Cinturón de seguridad;SKODA;Fabia;1.4 TDI;2013;Comprobada, funcionando;1 año;En stock;37,66 € + IVA;https://desguacesmadridnorte.com/69659-pieza.html
69662;2786EV44B;Airbag volante;FORD;Fiesta;1.5 TDCi;2008;Comprobada, funcionando;1 año;En stock;193,97 € + IVA;https://desguacesmadridnorte.com/69662-pieza.html
69663;9697EG90F;Intercooler;SKODA;Octavia;1.6 TDI;2017;Comprobada, funcionando;1 año;Bajo pedido 24-48h;124,53 € + IVA;https://desguacesmadridnorte.com/69663-pieza.html
69664;2344FF74B;Puerta delantera derecha;VOLKSWAGEN;Golf;2.0 TDI;2014;Comprobada, funcionando;1 año;En stock;333,23 € + IVA;https://desguacesmadridnorte.com/69664-pieza.html
69665;5171PX51B;Retrovisor izquierdo;TOYOTA;Proace City;1.5 D-4D;2006;Comprobada, funcionando;1 año;Bajo pedido 24-48h;75,52 € + IVA;https://desguacesmadridnorte.com/69665-pieza.html
69668;5455QV15E;Turbo;AUDI;A3;2.0 TDI;2005;Comprobada, funcionando;1 año;En stock;485,19 € + IVA;https://desguacesmadridnorte.com/69668-pieza.html
69671;6080DP49C;Retrovisor derecho;HYUNDAI;Tucson;1.7 CRDi;2012;Comprobada, funcionando;1 año;En stock;108,86 € + IVA;https://desguacesmadridnorte.com/69671-pieza.html
69673;7446BK77E;Piloto trasero izquierdo;VOLKSWAGEN;Golf;1.6 TDI;2018;Sin comprobar;1 año;Bajo pedido 24-48h;60,25 € + IVA;https://desguacesmadridnorte.com/69673-pieza.html
69674;5643NB62C;Retrovisor izquierdo;VOLKSWAGEN;Golf;2.0 TDI;2013;Comprobada, funcionando;1 año;En stock;39,39 € + IVA;https://desguacesmadridnorte.com/69674-pieza.html
69676;2555QL83A;Puerta delantera izquierda;MERCEDES-BENZ;Clase E Coupé;220 CDI;2011;Comprobada, funcionando;1 año;En stock;268,63 € + IVA;https://desguacesmadridnorte.com/69676-pieza.html
69677;2048DJ55C;Aleta delantera izquierda;AUDI;Q3;1.4 TFSI;2010;Sin comprobar;1 año;En stock;76,34 € + IVA;https://desguacesmadridnorte.com/69677-pieza.html
69678;4617AT60E;Caja de cambios;SKODA;Octavia;1.6 TDI;2007;Comprobada, funcionando;1 año;En stock;383,28 € + IVA;https://desguacesmadridnorte.com/69678-pieza.html
69680;1079LA11D;Cárter;CITROEN;C4;1.6 VTi;2017;Comprobada, funcionando;1 año;En stock;62,52 € + IVA;https://desguacesmadridnorte.com/69680-pieza.html
69681;6648BC70E;Caja de cambios;BMW;Serie 1;120i;2014;Comprobada, funcionando;1 año;En stock;344,65 € + IVA;https://desguacesmadridnorte.com/69681-pieza.html
69684;7440KT17D;Colector de admisión;VOLKSWAGEN;Passat;2.0 TDI;2017;Desmontada de vehículo;1 año;En stock;151,03 € + IVA;https://desguacesmadridnorte.com/69684-pieza.html
69687;5299DY58C;Aleta delantera izquierda;FORD;Focus;1.6 TDCi;2020;Comprobada, funcionando;1 año;Bajo pedido 24-48h;189,99 € + IVA;https://desguacesmadridnorte.com/69687-pieza.html
69689;8187NH45C;Puerta delantera derecha;CITROEN;C4;1.6 VTi;2017;Desmontada de vehículo;1 año;Bajo pedido 24-48h;323,45 € + IVA;https://desguacesmadridnorte.com/69689-pieza.html
69690;9837XP39C;Compresor aire acondicionado;BMW;Serie 1;118d;2012;Comprobada, funcionando;1 año;En stock;204,89 € + IVA;https://desguacesmadridnorte.com/69690-pieza.html
69693;4638AH16C;Colector de admisión;MERCEDES-BENZ;Clase A;200 CDI;2011;Sin comprobar;1 año;En stock;219,12 € + IVA;https://desguacesmadridnorte.com/69693-pieza.html
69696;3623AR25A;Cuadro de instrumentos;TOYOTA;Camry;2.5 Hybrid;2016;Comprobada, funcionando;1 año;En stock;325,63 € + IVA;https://desguacesmadridnorte.com/69696-pieza.html
69698;7222CZ77D;Airbag volante;MERCEDES-BENZ;CLA;180 CDI;2011;Desmontada de vehículo;1 año;Bajo pedido 24-48h;307,19 € + IVA;https://desguacesmadridnorte.com/69698-pieza.html
69701;4277LK85B;Motor de arranque;HYUNDAI;Tucson;2.0 CRDi;2011;Desmontada de vehículo;1 año;En stock;114,22 € + IVA;https://desguacesmadridnorte.com/69701-pieza.html
69703;8714RD27F;Cerradura puerta delantera;AUDI;Q3;1.4 TFSI;2008;Desmontada de vehículo;1 año;En stock;60,89 € + IVA;https://desguacesmadridnorte.com/69703-pieza.html
69706;9399LT79E;Capó;MERCEDES-BENZ;CLA;200 CDI;2006;Sin comprobar;1 año;En stock;108,24 € + IVA;https://desguacesmadridnorte.com/69706-pieza.html
69708;5122YT89B;Retrovisor derecho;BMW;Serie 1;120i;2009;Comprobada, funcionando;1 año;En stock;116,00 € + IVA;https://desguacesmadridnorte.com/69708-pieza.html
69709;3860JH65B;Paso de rueda trasero izquierdo;PEUGEOT;208;1.6 HDi;2016;Comprobada, funcionando;1 año;Bajo pedido 24-48h;25,24 € + IVA;https://desguacesmadridnorte.com/69709-pieza.html
69711;3703JV18C;Puerta delantera derecha;SEAT;Ibiza;1.6 TDI;2017;Desmontada de vehículo;1 año;Bajo pedido 24-48h;233,77 € + IVA;https://desguacesmadridnorte.com/69711-pieza.html
69714;9070DC69B;Airbag volante;SEAT;Ateca;1.5 TSI;2017;Sin comprobar;1 año;En stock;117,28 € + IVA;https://desguacesmadridnorte.com/69714-pieza.html
69716;7068XP33A;Cárter;CITROEN;C4;1.6 VTi;2012;Desmontada de vehículo;1 año;En stock;42,59 € + IVA;https://desguacesmadridnorte.com/69716-pieza.html
69718;1906EW38B;Cárter;TOYOTA;Camry;2.5 Hybrid;2015;Comprobada, funcionando;1 año;Bajo pedido 24-48h;117,96 € + IVA;https://desguacesmadridnorte.com/69718-pieza.html
69721;3211SP44F;Capó;FORD;Fusion;1.4 TDCi;2015;Desmontada de vehículo;1 año;En stock;98,14 € + IVA;https://desguacesmadridnorte.com/69721-pieza.html
69722;8094PF93A;Cinturón de seguridad;SKODA;Fabia;1.2 TSI;2020;Comprobada, funcionando;1 año;En stock;39,56 € + IVA;https://desguacesmadridnorte.com/69722-pieza.html
69723;6255KR77C;Alternador;PEUGEOT;208;1.4 HDi;2009;Comprobada, funcionando;1 año;En stock;95,34 € + IVA;https://desguacesmadridnorte.com/69723-pieza.html
69725;5063VZ28F;Colector de admisión;CITROEN;C3;1.4 HDi;2019;Desmontada de vehículo;1 año;En stock;92,26 € + IVA;https://desguacesmadridnorte.com/69725-pieza.html
69728;5781YP76F;Capó;AUDI;A3;1.4 TFSI;2019;Comprobada, funcionando;1 año;En stock;144,01 € + IVA;https://desguacesmadridnorte.com/69728-pieza.html
69729;6707EJ13D;Airbag volante;RENAULT;Captur;0.9 TCe;2018;Desmontada de vehículo;1 año;Bajo pedido 24-48h;76,33 € + IVA;https://desguacesmadridnorte.com/69729-pieza.html
69731;4518TC11C;Cremallera de dirección;FORD;Fusion;1.4 TDCi;2020;Sin comprobar;1 año;Bajo pedido 24-48h;150,19 € + IVA;https://desguacesmadridnorte.com/69731-pieza.html
69732;4565PE47E;Faro delantero derecho;SKODA;Fabia;1.4 TDI;2007;Comprobada, funcionando;1 año;En stock;101,02 € + IVA;https://desguacesmadridnorte.com/69732-pieza.html
69734;8226NH34D;Colector de admisión;NISSAN;Qashqai;1.5 dCi;2006;Comprobada, funcionando;1 año;En stock;88,44 € + IVA;https://desguacesmadridnorte.com/69734-pieza.html
69735;5480CG29C;Airbag volante;TOYOTA;Corolla;1.4 D-4D;2009;Desmontada de vehículo;1 año;En stock;168,60 € + IVA;https://desguacesmadridnorte.com/69735-pieza.html
69736;6046DM44D;Portón trasero;TOYOTA;Corolla;1.8 Hybrid;2021;Desmontada de vehículo;1 año;En stock;435,18 € + IVA;https://desguacesmadridnorte.com/69736-pieza.html
69737;8905JA95A;Motor de arranque;NISSAN;Juke;1.2 DIG-T;2014;Comprobada, funcionando;1 año;En stock;34,65 € + IVA;https://desguacesmadridnorte.com/69737-pieza.html
69739;2591CG84D;Faro delantero derecho;AUDI;Q3;1.4 TFSI;2006;Comprobada, funcionando;1 año;En stock;199,42 € + IVA;https://desguacesmadridnorte.com/69739-pieza.html
69740;8452PL95E;Airbag volante;KIA;Ceed;1.4 CRDi;2008;Comprobada, funcionando;1 año;En stock;129,37 € + IVA;https://desguacesmadridnorte.com/69740-pieza.html
69743;7656WJ25D;Cerradura puerta delantera;HYUNDAI;i30;1.4 CRDi;2015;Desmontada de vehículo;1 año;En stock;38,71 € + IVA;https://desguacesmadridnorte.com/69743-pieza.html
69745;5922TX79B;Retrovisor derecho;SEAT;Ibiza;1.9 TDI;2012;Desmontada de vehículo;1 año;En stock;93,74 € + IVA;https://desguacesmadridnorte.com/69745-pieza.html
69747;1922FP52C;Cinturón de seguridad;VOLKSWAGEN;Polo;1.4 TDI;2016;Comprobada, funcionando;1 año;En stock;78,64 € + IVA;https://desguacesmadridnorte.com/69747-pieza.html
69749;7215JF97D;Módulo electrónico;HYUNDAI;i30;1.6 CRDi;2016;Desmontada de vehículo;1 año;En stock;133,69 € + IVA;https://desguacesmadridnorte.com/69749-pieza.html
69750;8730QS54F;Turbo;BMW;Serie 3;320d;2020;Sin comprobar;1 año;En stock;940,31 € + IVA;https://desguacesmadridnorte.com/69750-pieza.html
69751;6712AS49D;Motor de arranque;CITROEN;C3;1.2 PureTech;2008;Comprobada, funcionando;1 año;En stock;78,04 € + IVA;https://desguacesmadridnorte.com/69751-pieza.html
69752;3028EZ55C;Colector de admisión;OPEL;Corsa;1.3 CDTI;2016;Sin comprobar;1 año;En stock;72,98 € + IVA;https://desguacesmadridnorte.com/69752-pieza.html
69755;8371NL61C;Turbo;CITROEN;C3;1.4 HDi;2020;Comprobada, funcionando;1 año;En stock;324,56 € + IVA;https://desguacesmadridnorte.com/69755-pieza.html
69758;8290SX73A;Motor de arranque;NISSAN;Juke;1.5 dCi;2018;Comprobada, funcionando;1 año;En stock;113,36 € + IVA;https://desguacesmadridnorte.com/69758-pieza.html
69760;2715QR58E;Centralita motor;TOYOTA;Corolla;1.8 Hybrid;2011;Desmontada de vehículo;1 año;En stock;352,02 € + IVA;https://desguacesmadridnorte.com/69760-pieza.html
69763;8859NW87E;Aleta delantera izquierda;KIA;Sportage;2.0 CRDi;2006;Comprobada, funcionando;1 año;En stock;48,22 € + IVA;https://desguacesmadridnorte.com/69763-pieza.html
69766;6570HD25B;Cinturón de seguridad;PEUGEOT;208;1.4 HDi;2019;Comprobada, funcionando;1 año;En stock;54,90 € + IVA;https://desguacesmadridnorte.com/69766-pieza.html
69768;2883BB59D;Puerta delantera derecha;TOYOTA;Corolla;1.8 Hybrid;2018;Comprobada, funcionando;1 año;En stock;235,12 € + IVA;https://desguacesmadridnorte.com/69768-pieza.html
69769;1746GA26B;Motor completo;FORD;Focus;2.0 TDCi;2007;Comprobada, funcionando;1 año;En stock;1.527,20 € + IVA;https://desguacesmadridnorte.com/69769-pieza.html
69771;1263QT70B;Radiador;SKODA;Octavia;2.0 TDI;2019;Desmontada de vehículo;1 año;En stock;151,61 € + IVA;https://desguacesmadridnorte.com/69771-pieza.html
69772;2352EC86D;Piloto trasero izquierdo;TOYOTA;Proace City;1.5 D-4D;2009;Comprobada, funcionando;1 año;En stock;35,34 € + IVA;https://desguacesmadridnorte.com/69772-pieza.html
69775;9327MJ73A;Faro delantero derecho;FORD;Focus;1.6 TDCi;2016;Desmontada de vehículo;1 año;Bajo pedido 24-48h;136,40 € + IVA;https://desguacesmadridnorte.com/69775-pieza.html
69778;1740BG49E;Portón trasero;NISSAN;Juke;1.2 DIG-T;2017;Sin comprobar;1 año;Bajo pedido 24-48h;262,86 € + IVA;https://desguacesmadridnorte.com/69778-pieza.html
69780;2565RL13F;Módulo electrónico;VOLKSWAGEN;Passat;2.0 TDI;2018;Desmontada de vehículo;1 año;En stock;219,66 € + IVA;https://desguacesmadridnorte.com/69780-pieza.html
69782;7586QJ52B;Parachoques delantero;NISSAN;Juke;1.5 dCi;2009;Desmontada de vehículo;1 año;En stock;166,32 € + IVA;https://desguacesmadridnorte.com/69782-pieza.html
69784;3796SC66D;Puerta delantera derecha;RENAULT;Megane;1.6 dCi;2010;Desmontada de vehículo;1 año;En stock;184,49 € + IVA;https://desguacesmadridnorte.com/69784-pieza.html
69786;8106RH66F;Centralita motor;FORD;Fusion;1.4 TDCi;2013;Desmontada de vehículo;1 año;En stock;222,44 € + IVA;https://desguacesmadridnorte.com/69786-pieza.html
69789;3984EP44A;Cerradura puerta delantera;FORD;Fiesta;1.0 EcoBoost;2020;Comprobada, funcionando;1 año;En stock;43,31 € + IVA;https://desguacesmadridnorte.com/69789-pieza.html
69791;9220HS26A;Puerta delantera izquierda;RENAULT;Clio;1.5 dCi;2006;Desmontada de vehículo;1 año;En stock;104,47 € + IVA;https://desguacesmadridnorte.com/69791-pieza.html
69792;8148MH97A;Centralita motor;BMW;X1;18d;2016;Desmontada de vehículo;1 año;En stock;650,81 € + IVA;https://desguacesmadridnorte.com/69792-pieza.html
69793;7536HZ50B;Faro delantero derecho;OPEL;Astra;1.6 CDTI;2009;Comprobada, funcionando;1 año;En stock;57,27 € + IVA;https://desguacesmadridnorte.com/69793-pieza.html
69795;5492EB60A;Retrovisor derecho;SKODA;Fabia;1.2 TSI;2013;Desmontada de vehículo;1 año;Bajo pedido 24-48h;140,80 € + IVA;https://desguacesmadridnorte.com/69795-pieza.html
69797;7558JC21C;Cinturón de seguridad;MERCEDES-BENZ;Clase A;200 CDI;2016;Desmontada de vehículo;1 año;Bajo pedido 24-48h;82,68 € + IVA;https://desguacesmadridnorte.com/69797-pieza.html
69798;3431ZN29F;Caja de cambios;TOYOTA;Corolla;1.8 Hybrid;2008;Sin comprobar;1 año;En stock;636,19 € + IVA;https://desguacesmadridnorte.com/69798-pieza.html
69800;3151EV11D;Cremallera de dirección;MERCEDES-BENZ;Clase A;180 CDI;2020;Desmontada de vehículo;1 año;Bajo pedido 24-48h;580,90 € + IVA;https://desguacesmadridnorte.com/69800-pieza.html
69801;1631LH42C;Retrovisor izquierdo;SEAT;Ibiza;1.9 TDI;2021;Comprobada, funcionando;1 año;Bajo pedido 24-48h;63,48 € + IVA;https://desguacesmadridnorte.com/69801-pieza.html
69802;7151AQ98B;Capó;BMW;X1;18d;2007;Comprobada, funcionando;1 año;En stock;136,84 € + IVA;https://desguacesmadridnorte.com/69802-pieza.html
69805;4338GH26B;Centralita motor;TOYOTA;Camry;2.5 Hybrid;2005;Comprobada, funcionando;1 año;Bajo pedido 24-48h;253,26 € + IVA;https://desguacesmadridnorte.com/69805-pieza.html
69807;1703DT71E;Alternador;SKODA;Octavia;1.6 TDI;2020;Comprobada, funcionando;1 año;Bajo pedido 24-48h;166,80 € + IVA;https://desguacesmadridnorte.com/69807-pieza.html
69810;3940ZH80F;Elevalunas delantero izquierdo;NISSAN;Juke;1.5 dCi;2006;Sin comprobar;1 año;Bajo pedido 24-48h;22,41 € + IVA;https://desguacesmadridnorte.com/69810-pieza.html
69811;2128NJ80D;Portón trasero;OPEL;Corsa;1.2 16v;2018;Comprobada, funcionando;1 año;Bajo pedido 24-48h;138,61 € + IVA;https://desguacesmadridnorte.com/69811-pieza.html
69813;6563QA74C;Amortiguador delantero;VOLKSWAGEN;Passat;2.0 TDI;2016;Comprobada, funcionando;1 año;Bajo pedido 24-48h;79,59 € + IVA;https://desguacesmadridnorte.com/69813-pieza.html
69814;9985YH70A;Motor completo;KIA;Sportage;1.7 CRDi;2011;Comprobada, funcionando;1 año;En stock;2.428,38 € + IVA;https://desguacesmadridnorte.com/69814-pieza.html
69815;8073NJ91C;Cinturón de seguridad;FORD;Fusion;1.4 TDCi;2005;Desmontada de vehículo;1 año;En stock;46,39 € + IVA;https://desguacesmadridnorte.com/69815-pieza.html
69818;1207JX92A;Colector de admisión;MERCEDES-BENZ;Clase A;180 CDI;2014;Sin comprobar;1 año;En stock;191,34 € + IVA;https://desguacesmadridnorte.com/69818-pieza.html
69820;8733SH89C;Puerta delantera izquierda;CITROEN;C4;1.6 HDi;2015;Comprobada, funcionando;1 año;En stock;261,09 € + IVA;https://desguacesmadridnorte.com/69820-pieza.html
69821;6613BY36C;Portón trasero;TOYOTA;Proace City;1.5 D-4D;2019;Comprobada, funcionando;1 año;Bajo pedido 24-48h;252,05 € + IVA;https://desguacesmadridnorte.com/69821-pieza.html
69824;9301RS24A;Aleta delantera izquierda;RENAULT;Megane;1.5 dCi;2021;Comprobada, funcionando;1 año;Bajo pedido 24-48h;195,66 € + IVA;https://desguacesmadridnorte.com/69824-pieza.html
69826;1704JB29D;Motor de arranque;KIA;Sportage;1.7 CRDi;2010;Comprobada, funcionando;1 año;En stock;122,15 € + IVA;https://desguacesmadridnorte.com/69826-pieza.html
69828;5178VG16B;Capó;PEUGEOT;3008;2.0 HDi;2014;Comprobada, funcionando;1 año;En stock;213,35 € + IVA;https://desguacesmadridnorte.com/69828-pieza.html
69831;7507ZW67C;Cerradura puerta delantera;SEAT;León;1.6 TDI;2021;Desmontada de vehículo;1 año;Bajo pedido 24-48h;72,00 € + IVA;https://desguacesmadridnorte.com/69831-pieza.html
69832;3021RB65C;Capó;NISSAN;Juke;1.2 DIG-T;2008;Desmontada de vehículo;1 año;En stock;70,42 € + IVA;https://desguacesmadridnorte.com/69832-pieza.html
69833;6205TW37D;Motor completo;HYUNDAI;i30;1.6 CRDi;2021;Comprobada, funcionando;1 año;Bajo pedido 24-48h;2.370,38 € + IVA;https://desguacesmadridnorte.com/69833-pieza.html
69836;1691CD33A;Elevalunas delantero izquierdo;NISSAN;Juke;1.5 dCi;2020;Desmontada de vehículo;1 año;En stock;54,05 € + IVA;https://desguacesmadridnorte.com/69836-pieza.html
69837;7948DX60F;Faro delantero derecho;SKODA;Fabia;1.4 TDI;2006;Comprobada, funcionando;1 año;En stock;77,39 € + IVA;https://desguacesmadridnorte.com/69837-pieza.html
69839;5634RJ48C;Motor completo;SKODA;Octavia;2.0 TDI;2011;Desmontada de vehículo;1 año;Bajo pedido 24-48h;883,92 € + IVA;https://desguacesmadridnorte.com/69839-pieza.html
69842;8622FD76F;Cárter;VOLKSWAGEN;Passat;2.0 TDI;2017;Comprobada, funcionando;1 año;En stock;137,32 € + IVA;https://desguacesmadridnorte.com/69842-pieza.html
69843;8236ED46F;Bomba de agua;RENAULT;Megane;1.6 dCi;2016;Sin comprobar;1 año;Bajo pedido 24-48h;26,71 € + IVA;https://desguacesmadridnorte.com/69843-pieza.html
69844;2869FM84A;Amortiguador delantero;SKODA;Octavia;1.6 TDI;2019;Comprobada, funcionando;1 año;Bajo pedido 24-48h;73,12 € + IVA;https://desguacesmadridnorte.com/69844-pieza.html
69845;5918TS51A;Bomba de dirección;PEUGEOT;208;1.4 HDi;2010;Comprobada, funcionando;1 año;Bajo pedido 24-48h;66,94 € + IVA;https://desguacesmadridnorte.com/69845-pieza.html
69848;1507FD18E;Cerradura puerta delantera;TOYOTA;Corolla;1.4 D-4D;2016;Desmontada de vehículo;1 año;En stock;61,53 € + IVA;https://desguacesmadridnorte.com/69848-pieza.html
69851;5700NK93A;Cremallera de dirección;PEUGEOT;308;2.0 HDi;2015;Comprobada, funcionando;1 año;En stock;167,20 € + IVA;https://desguacesmadridnorte.com/69851-pieza.html
69853;9073HF24C;Turbo;KIA;Sportage;2.0 CRDi;2009;Desmontada de vehículo;1 año;En stock;459,99 € + IVA;https://desguacesmadridnorte.com/69853-pieza.html
69856;9367PC29A;Caja de cambios;SEAT;Ibiza;1.9 TDI;2012;Comprobada, funcionando;1 año;En stock;129,00 € + IVA;https://desguacesmadridnorte.com/69856-pieza.html
69859;9593ZD35E;Piloto trasero derecho;RENAULT;Megane;1.5 dCi;2008;Desmontada de vehículo;1 año;Bajo pedido 24-48h;37,39 € + IVA;https://desguacesmadridnorte.com/69859-pieza.html
69862;5768AM17A;Colector de admisión;RENAULT;Clio;1.5 dCi;2014;Comprobada, funcionando;1 año;Bajo pedido 24-48h;37,69 € + IVA;https://desguacesmadridnorte.com/69862-pieza.html
69864;1062EL83F;Motor completo;RENAULT;Clio;1.5 dCi;2013;Comprobada, funcionando;1 año;En stock;406,15 € + IVA;https://desguacesmadridnorte.com/69864-pieza.html
69866;7899GH55C;Elevalunas delantero izquierdo;MERCEDES-BENZ;Clase E Coupé;250 CDI;2006;Desmontada de vehículo;1 año;Bajo pedido 24-48h;92,04 € + IVA;https://desguacesmadridnorte.com/69866-pieza.html
69868;6331RJ31F;Intercooler;VOLKSWAGEN;Polo;1.2 TSI;2008;Comprobada, funcionando;1 año;En stock;116,81 € + IVA;https://desguacesmadridnorte.com/69868-pieza.html
69869;2393WA55B;Puerta delantera derecha;CITROEN;C4;1.6 VTi;2008;Desmontada de vehículo;1 año;En stock;230,24 € + IVA;https://desguacesmadridnorte.com/69869-pieza.html
69872;5353MR71D;Radiador;NISSAN;Qashqai;1.5 dCi;2013;Comprobada, funcionando;1 año;Bajo pedido 24-48h;95,17 € + IVA;https://desguacesmadridnorte.com/69872-pieza.html
69875;7399AM27E;Catalizador;NISSAN;Juke;1.5 dCi;2008;Comprobada, funcionando;1 año;En stock;159,74 € + IVA;https://desguacesmadridnorte.com/69875-pieza.html
69877;2282XG43F;Puerta delantera derecha;CITROEN;C4;1.6 HDi;2008;Comprobada, funcionando;1 año;En stock;278,87 € + IVA;https://desguacesmadridnorte.com/69877-pieza.html
69878;5577SV91E;Cárter;AUDI;A4;2.0 TFSI;2011;Comprobada, funcionando;1 año;Bajo pedido 24-48h;141,94 € + IVA;https://desguacesmadridnorte.com/69878-pieza.html
69881;9619AM67B;Cárter;CITROEN;C3;1.4 HDi;2019;Desmontada de vehículo;1 año;En stock;90,40 € + IVA;https://desguacesmadridnorte.com/69881-pieza.html
69884;2773XB70B;Compresor aire acondicionado;NISSAN;Juke;1.5 dCi;2013;Comprobada, funcionando;1 año;En stock;188,73 € + IVA;https://desguacesmadridnorte.com/69884-pieza.html
69887;8231HF23B;Bomba de agua;BMW;X1;18d;2005;Sin comprobar;1 año;En stock;76,34 € + IVA;https://desguacesmadridnorte.com/69887-pieza.html
69888;8933CT64F;Puerta delantera derecha;HYUNDAI;Tucson;1.7 CRDi;2015;Comprobada, funcionando;1 año;Bajo pedido 24-48h;178,71 € + IVA;https://desguacesmadridnorte.com/69888-pieza.html
69890;1889NC15E;Faro delantero derecho;AUDI;Q3;2.0 TDI;2019;Comprobada, funcionando;1 año;Bajo pedido 24-48h;159,96 € + IVA;https://desguacesmadridnorte.com/69890-pieza.html
69891;5225XC40F;Catalizador;SKODA;Fabia;1.2 TSI;2009;Sin comprobar;1 año;En stock;105,39 € + IVA;https://desguacesmadridnorte.com/69891-pieza.html
69892;7207MT89E;Módulo electrónico;VOLKSWAGEN;Passat;1.6 TDI;2018;Comprobada, funcionando;1 año;En stock;198,00 € + IVA;https://desguacesmadridnorte.com/69892-pieza.html
69894;4237PF71F;Caja de cambios;FORD;Focus;2.0 TDCi;2011;Desmontada de vehículo;1 año;En stock;738,33 € + IVA;https://desguacesmadridnorte.com/69894-pieza.html
69897;2581QM85F;Piloto trasero izquierdo;AUDI;Q3;2.0 TDI;2010;Comprobada, funcionando;1 año;Bajo pedido 24-48h;77,93 € + IVA;https://desguacesmadridnorte.com/69897-pieza.html
69900;6044WY87E;Airbag volante;MERCEDES-BENZ;CLA;180 CDI;2013;Comprobada, funcionando;1 año;Bajo pedido 24-48h;171,91 € + IVA;https://desguacesmadridnorte.com/69900-pieza.html
69902;7134GP89C;Catalizador;FORD;Focus;1.6 TDCi;2016;Comprobada, funcionando;1 año;En stock;178,16 € + IVA;https://desguacesmadridnorte.com/69902-pieza.html
69905;2843ZJ93B;Airbag volante;BMW;Serie 3;320d;2016;Comprobada, funcionando;1 año;En stock;347,71 € + IVA;https://desguacesmadridnorte.com/69905-pieza.html
69908;5431GG89D;Motor de arranque;TOYOTA;Proace City;1.5 D-4D;2019;Desmontada de vehículo;1 año;En stock;129,72 € + IVA;https://desguacesmadridnorte.com/69908-pieza.html
69909;1064XG61B;Puerta trasera izquierda;SEAT;Ateca;1.5 TSI;2012;Desmontada de vehículo;1 año;En stock;146,19 € + IVA;https://desguacesmadridnorte.com/69909-pieza.html
69912;7514HJ64B;Piloto trasero izquierdo;RENAULT;Megane;1.5 dCi;2012;Comprobada, funcionando;1 año;En stock;71,91 € + IVA;https://desguacesmadridnorte.com/69912-pieza.html
69913;7713QX28A;Puerta delantera izquierda;BMW;X1;20d;2007;Desmontada de vehículo;1 año;En stock;291,39 € + IVA;https://desguacesmadridnorte.com/69913-pieza.html
69915;6920DD78C;Capó;TOYOTA;Camry;2.5 Hybrid;2012;Desmontada de vehículo;1 año;En stock;171,21 € + IVA;https://desguacesmadridnorte.com/69915-pieza.html
69916;2081KJ46F;Airbag volante;SKODA;Octavia;1.6 TDI;2013;Comprobada, funcionando;1 año;Bajo pedido 24-48h;187,18 € + IVA;https://desguacesmadridnorte.com/69916-pieza.html
69917;3264HK29C;Aleta delantera izquierda;AUDI;A3;1.6 TDI;2021;Comprobada, funcionando;1 año;Bajo pedido 24-48h;177,38 € + IVA;https://desguacesmadridnorte.com/69917-pieza.html
69919;9243LF75D;Bomba de dirección;PEUGEOT;208;1.4 HDi;2005;Desmontada de vehículo;1 año;En stock;41,54 € + IVA;https://desguacesmadridnorte.com/69919-pieza.html
69922;1003WH12A;Bomba de dirección;NISSAN;Qashqai;1.5 dCi;2007;Sin comprobar;1 año;En stock;34,63 € + IVA;https://desguacesmadridnorte.com/69922-pieza.html
69923;2482ZG97E;Aleta delantera izquierda;SKODA;Fabia;1.2 TSI;2019;Comprobada, funcionando;1 año;En stock;132,79 € + IVA;https://desguacesmadridnorte.com/69923-pieza.html
69926;7333ND70E;Módulo electrónico;VOLKSWAGEN;Golf;1.4 TSI;2020;Desmontada de vehículo;1 año;Bajo pedido 24-48h;160,70 € + IVA;https://desguacesmadridnorte.com/69926-pieza.html
69928;6204BZ10D;Cárter;NISSAN;Qashqai;1.5 dCi;2017;Comprobada, funcionando;1 año;Bajo pedido 24-48h;59,13 € + IVA;https://desguacesmadridnorte.com/69928-pieza.html
69930;6820TE25B;Colector de admisión;SEAT;Ibiza;1.2 TSI;2020;Sin comprobar;1 año;Bajo pedido 24-48h;80,16 € + IVA;https://desguacesmadridnorte.com/69930-pieza.html
69932;1312EH91E;Colector de admisión;PEUGEOT;208;1.6 HDi;2016;Comprobada, funcionando;1 año;En stock;47,59 € + IVA;https://desguacesmadridnorte.com/69932-pieza.html
69933;9913QG65A;Motor completo;TOYOTA;Camry;2.5 Hybrid;2006;Comprobada, funcionando;1 año;En stock;1.065,69 € + IVA;https://desguacesmadridnorte.com/69933-pieza.html
69935;3609MF15F;Puerta trasera izquierda;PEUGEOT;308;1.6 HDi;2008;Comprobada, funcionando;1 año;En stock;145,11 € + IVA;https://desguacesmadridnorte.com/69935-pieza.html
69937;8234LM58D;Aleta delantera izquierda;FORD;Fusion;1.4 TDCi;2021;Comprobada, funcionando;1 año;Bajo pedido 24-48h;79,18 € + IVA;https://desguacesmadridnorte.com/69937-pieza.html
69939;1925BS70E;Elevalunas delantero izquierdo;TOYOTA;Proace City;1.5 D-4D;2005;Comprobada, funcionando;1 año;En stock;49,58 € + IVA;https://desguacesmadridnorte.com/69939-pieza.html
69941;9956QJ17B;Capó;MERCEDES-BENZ;Clase A;180 CDI;2006;Comprobada, funcionando;1 año;Bajo pedido 24-48h;240,38 € + IVA;https://desguacesmadridnorte.com/69941-pieza.html
69943;2736WG76B;Radiador;VOLKSWAGEN;Passat;2.0 TDI;2016;Desmontada de vehículo;1 año;En stock;74,93 € + IVA;https://desguacesmadridnorte.com/69943-pieza.html
69944;8572YA66C;Puerta delantera derecha;AUDI;A3;2.0 TDI;2007;Desmontada de vehículo;1 año;En stock;145,61 € + IVA;https://desguacesmadridnorte.com/69944-pieza.html
69946;1273JP40F;Retrovisor derecho;AUDI;Q3;1.4 TFSI;2012;Comprobada, funcionando;1 año;En stock;193,58 € + IVA;https://desguacesmadridnorte.com/69946-pieza.html
69947;5287VS51D;Catalizador;MERCEDES-BENZ;Clase E Coupé;220 CDI;2008;Comprobada, funcionando;1 año;Bajo pedido 24-48h;534,39 € + IVA;https://desguacesmadridnorte.com/69947-pieza.html
69950;6323LH33A;Puerta trasera izquierda;HYUNDAI;Tucson;2.0 CRDi;2008;Comprobada, funcionando;1 año;En stock;271,77 € + IVA;https://desguacesmadridnorte.com/69950-pieza.html
69952;1318RW55C;Amortiguador delantero;PEUGEOT;208;1.4 HDi;2013;Comprobada, funcionando;1 año;Bajo pedido 24-48h;35,94 € + IVA;https://desguacesmadridnorte.com/69952-pieza.html
69954;5711DN60B;Centralita motor;CITROEN;C3;1.4 HDi;2019;Desmontada de vehículo;1 año;En stock;330,53 € + IVA;https://desguacesmadridnorte.com/69954-pieza.html
69957;3585ZH57A;Cinturón de seguridad;VOLKSWAGEN;Polo;1.2 TSI;2015;Desmontada de vehículo;1 año;Bajo pedido 24-48h;32,68 € + IVA;https://desguacesmadridnorte.com/69957-pieza.html
69959;2971HF17D;Colector de admisión;NISSAN;Qashqai;1.5 dCi;2018;Desmontada de vehículo;1 año;En stock;89,98 € + IVA;https://desguacesmadridnorte.com/69959-pieza.html
69961;7720EG68C;Radiador;BMW;Serie 3;320d;2011;Desmontada de vehículo;1 año;Bajo pedido 24-48h;179,03 € + IVA;https://desguacesmadridnorte.com/69961-pieza.html
69962;1588MS79B;Faro delantero izquierdo;MERCEDES-BENZ;Clase A;180 CDI;2010;Sin comprobar;1 año;Bajo pedido 24-48h;215,40 € + IVA;https://desguacesmadridnorte.com/69962-pieza.html
69964;7316VZ14D;Parachoques trasero;SKODA;Octavia;1.6 TDI;2012;Comprobada, funcionando;1 año;En stock;211,61 € + IVA;https://desguacesmadridnorte.com/69964-pieza.html
69965;8988XX16B;Capó;OPEL;Corsa;1.2 16v;2021;Desmontada de vehículo;1 año;En stock;102,26 € + IVA;https://desguacesmadridnorte.com/69965-pieza.html
69966;5897XX75C;Piloto trasero izquierdo;RENAULT;Clio;1.5 dCi;2014;Comprobada, funcionando;1 año;En stock;66,65 € + IVA;https://desguacesmadridnorte.com/69966-pieza.html
69967;9637ME53E;Elevalunas delantero izquierdo;AUDI;Q3;1.4 TFSI;2016;Comprobada, funcionando;1 año;Bajo pedido 24-48h;132,25 € + IVA;https://desguacesmadridnorte.com/69967-pieza.html
69969;9650GY28A;Compresor aire acondicionado;KIA;Sportage;1.7 CRDi;2008;Comprobada, funcionando;1 año;En stock;209,82 € + IVA;https://desguacesmadridnorte.com/69969-pieza.html
69970;1342KZ55B;Módulo electrónico;PEUGEOT;3008;2.0 HDi;2010;Desmontada de vehículo;1 año;En stock;156,64 € + IVA;https://desguacesmadridnorte.com/69970-pieza.html
69972;4614AQ34C;Aleta delantera izquierda;AUDI;Q3;2.0 TDI;2014;Desmontada de vehículo;1 año;Bajo pedido 24-48h;228,31 € + IVA;https://desguacesmadridnorte.com/69972-pieza.html
69974;4545HY96A;Parachoques delantero;TOYOTA;Camry;2.5 Hybrid;2017;Comprobada, funcionando;1 año;En stock;128,61 € + IVA;https://desguacesmadridnorte.com/69974-pieza.html
69976;4072DV82D;Cárter;AUDI;Q3;1.4 TFSI;2019;Comprobada, funcionando;1 año;Bajo pedido 24-48h;180,05 € + IVA;https://desguacesmadridnorte.com/69976-pieza.html
69977;7589MC90A;Piloto trasero izquierdo;PEUGEOT;3008;1.6 HDi;2015;Comprobada, funcionando;1 año;En stock;55,81 € + IVA;https://desguacesmadridnorte.com/69977-pieza.html
69980;1206XP44B;Parachoques delantero;SKODA;Fabia;1.4 TDI;2008;Desmontada de vehículo;1 año;En stock;182,29 € + IVA;https://desguacesmadridnorte.com/69980-pieza.html
69983;3532MB21D;Retrovisor derecho;KIA;Sportage;1.7 CRDi;2012;Desmontada de vehículo;1 año;En stock;71,68 € + IVA;https://desguacesmadridnorte.com/69983-pieza.html
69984;5292DX80E;Capó;NISSAN;Juke;1.5 dCi;2016;Comprobada, funcionando;1 año;Bajo pedido 24-48h;135,34 € + IVA;https://desguacesmadridnorte.com/69984-pieza.html
69987;2156CV95D;Retrovisor derecho;PEUGEOT;3008;2.0 HDi;2019;Comprobada, funcionando;1 año;En stock;75,11 € + IVA;https://desguacesmadridnorte.com/69987-pieza.html
69990;6039BQ20E;Motor de arranque;HYUNDAI;Tucson;2.0 CRDi;2016;Comprobada, funcionando;1 año;En stock;64,25 € + IVA;https://desguacesmadridnorte.com/69990-pieza.html
69992;4972TZ97C;Módulo electrónico;MERCEDES-BENZ;CLA;200 CDI;2015;Desmontada de vehículo;1 año;En stock;143,52 € + IVA;https://desguacesmadridnorte.com/69992-pieza.html
69995;4794MD17F;Puerta trasera izquierda;TOYOTA;Corolla;1.8 Hybrid;2019;Desmontada de vehículo;1 año;Bajo pedido 24-48h;153,17 € + IVA;https://desguacesmadridnorte.com/69995-pieza.html
69996;9428PJ83A;Módulo electrónico;SEAT;Ibiza;1.6 TDI;2017;Comprobada, funcionando;1 año;Bajo pedido 24-48h;86,62 € + IVA;https://desguacesmadridnorte.com/69996-pieza.html
69998;6086RN89B;Intercooler;FORD;Fusion;1.4 TDCi;2015;Sin comprobar;1 año;Bajo pedido 24-48h;160,37 € + IVA;https://desguacesmadridnorte.com/69998-pieza.html
70000;9967PJ58A;Motor completo;VOLKSWAGEN;Golf;2.0 TDI;2016;Comprobada, funcionando;1 año;En stock;2.257,44 € + IVA;https://desguacesmadridnorte.com/70000-pieza.html
70003;2963CG29D;Piloto trasero izquierdo;FORD;Fusion;1.4 TDCi;2013;Comprobada, funcionando;1 año;Bajo pedido 24-48h;27,16 € + IVA;https://desguacesmadridnorte.com/70003-pieza.html
70004;9235QD91C;Puerta trasera izquierda;PEUGEOT;3008;1.6 HDi;2007;Desmontada de vehículo;1 año;En stock;178,13 € + IVA;https://desguacesmadridnorte.com/70004-pieza.html
70005;7054MH71D;Cuadro de instrumentos;NISSAN;Qashqai;1.6 dCi;2021;Desmontada de vehículo;1 año;En stock;150,79 € + IVA;https://desguacesmadridnorte.com/70005-pieza.html
70008;4709ZV39B;Cinturón de seguridad;AUDI;A4;2.0 TFSI;2010;Sin comprobar;1 año;En stock;88,23 € + IVA;https://desguacesmadridnorte.com/70008-pieza.html
70009;3558FP40E;Catalizador;CITROEN;C3;1.4 HDi;2005;Desmontada de vehículo;1 año;Bajo pedido 24-48h;196,61 € + IVA;https://desguacesmadridnorte.com/70009-pieza.html
70010;3463EJ34E;Motor completo;NISSAN;Juke;1.5 dCi;2007;Comprobada, funcionando;1 año;En stock;856,23 € + IVA;https://desguacesmadridnorte.com/70010-pieza.html
70011;5878VG34B;Bomba de dirección;BMW;Serie 3;330i;2020;Desmontada de vehículo;1 año;Bajo pedido 24-48h;251,37 € + IVA;https://desguacesmadridnorte.com/70011-pieza.html
70014;7958RS48B;Paso de rueda trasero izquierdo;AUDI;A4;3.0 TDI;2005;Comprobada, funcionando;1 año;Bajo pedido 24-48h;33,40 € + IVA;https://desguacesmadridnorte.com/70014-pieza.html
70016;2578BV86E;Puerta trasera izquierda;CITROEN;C3;1.4 HDi;2020;Desmontada de vehículo;1 año;En stock;253,38 € + IVA;https://desguacesmadridnorte.com/70016-pieza.html
70017;8534EQ82E;Bomba de dirección;NISSAN;Qashqai;1.5 dCi;2013;Comprobada, funcionando;1 año;En stock;42,27 € + IVA;https://desguacesmadridnorte.com/70017-pieza.html
70019;2175JY42B;Capó;RENAULT;Captur;0.9 TCe;2005;Comprobada, funcionando;1 año;Bajo pedido 24-48h;139,09 € + IVA;https://desguacesmadridnorte.com/70019-pieza.html
70022;5840MK50D;Módulo electrónico;SEAT;Ibiza;1.6 TDI;2015;Comprobada, funcionando;1 año;Bajo pedido 24-48h;155,86 € + IVA;https://desguacesmadridnorte.com/70022-pieza.html
70025;6278DY20E;Piloto trasero izquierdo;SEAT;Ateca;2.0 TDI;2011;Desmontada de vehículo;1 año;Bajo pedido 24-48h;38,88 € + IVA;https://desguacesmadridnorte.com/70025-pieza.html
70027;3027YZ32C;Cerradura puerta delantera;MERCEDES-BENZ;CLA;180 CDI;2005;Comprobada, funcionando;1 año;En stock;69,84 € + IVA;https://desguacesmadridnorte.com/70027-pieza.html
70028;7560MZ93A;Bomba de dirección;SKODA;Octavia;2.0 TDI;2009;Comprobada, funcionando;1 año;Bajo pedido 24-48h;82,25 € + IVA;https://desguacesmadridnorte.com/70028-pieza.html
70030;8970RP78C;Motor completo;RENAULT;Clio;1.5 dCi;2009;Comprobada, funcionando;1 año;En stock;374,88 € + IVA;https://desguacesmadridnorte.com/70030-pieza.html
70031;6928NJ40B;Faro delantero izquierdo;OPEL;Astra;1.6 CDTI;2007;Desmontada de vehículo;1 año;Bajo pedido 24-48h;148,22 € + IVA;https://desguacesmadridnorte.com/70031-pieza.html
70034;3830VA63A;Bomba de dirección;NISSAN;Qashqai;1.5 dCi;2009;Desmontada de vehículo;1 año;Bajo pedido 24-48h;41,68 € + IVA;https://desguacesmadridnorte.com/70034-pieza.html
70037;1937HJ38D;Cremallera de dirección;BMW;Serie 1;120i;2016;Comprobada, funcionando;1 año;Bajo pedido 24-48h;225,85 € + IVA;https://desguacesmadridnorte.com/70037-pieza.html
70038;2886KR99B;Bomba de agua;NISSAN;Qashqai;1.5 dCi;2013;Comprobada, funcionando;1 año;En stock;58,08 € + IVA;https://desguacesmadridnorte.com/70038-pieza.html
70039;7055PF77C;Cerradura puerta delantera;BMW;Serie 3;320d;2014;Comprobada, funcionando;1 año;Bajo pedido 24-48h;58,18 € + IVA;https://desguacesmadridnorte.com/70039-pieza.html
70040;6476JP23A;Portón trasero;TOYOTA;Corolla;1.8 Hybrid;2011;Comprobada, funcionando;1 año;Bajo pedido 24-48h;335,34 € + IVA;https://desguacesmadridnorte.com/70040-pieza.html
70043;4444CF71B;Caja de cambios;SEAT;León;1.6 TDI;2008;Desmontada de vehículo;1 año;Bajo pedido 24-48h;378,18 € + IVA;https://desguacesmadridnorte.com/70043-pieza.html
70045;7809FG52E;Caja de cambios;NISSAN;Juke;1.2 DIG-T;2015;Desmontada de vehículo;1 año;Bajo pedido 24-48h;377,87 € + IVA;https://desguacesmadridnorte.com/70045-pieza.html
70048;4040QW41D;Motor de arranque;RENAULT;Captur;0.9 TCe;2008;Comprobada, funcionando;1 año;Bajo pedido 24-48h;84,04 € + IVA;https://desguacesmadridnorte.com/70048-pieza.html
70051;9205LA38F;Bomba de agua;MERCEDES-BENZ;CLA;200 CDI;2009;Comprobada, funcionando;1 año;En stock;77,39 € + IVA;https://desguacesmadridnorte.com/70051-pieza.html
70054;7217NT41A;Faro delantero izquierdo;RENAULT;Captur;1.5 dCi;2020;Comprobada, funcionando;1 año;En stock;130,51 € + IVA;https://desguacesmadridnorte.com/70054-pieza.html
70057;5536MH19B;Elevalunas delantero izquierdo;FORD;Fiesta;1.0 EcoBoost;2017;Comprobada, funcionando;1 año;Bajo pedido 24-48h;47,98 € + IVA;https://desguacesmadridnorte.com/70057-pieza.html
70059;7261AD94E;Retrovisor izquierdo;NISSAN;Qashqai;1.6 dCi;2008;Comprobada, funcionando;1 año;Bajo pedido 24-48h;23,61 € + IVA;https://desguacesmadridnorte.com/70059-pieza.html
70062;7325PA59A;Retrovisor derecho;SKODA;Fabia;1.4 TDI;2010;Comprobada, funcionando;1 año;En stock;120,54 € + IVA;https://desguacesmadridnorte.com/70062-pieza.html
70065;7926KL73F;Cinturón de seguridad;BMW;Serie 1;120i;2014;Comprobada, funcionando;1 año;En stock;73,72 € + IVA;https://desguacesmadridnorte.com/70065-pieza.html
70066;8397HF24F;Puerta delantera izquierda;RENAULT;Captur;0.9 TCe;2021;Comprobada, funcionando;1 año;En stock;257,73 € + IVA;https://desguacesmadridnorte.com/70066-pieza.html
70067;3297QL25C;Parachoques delantero;CITROEN;C4;1.6 HDi;2012;Comprobada, funcionando;1 año;En stock;189,77 € + IVA;https://desguacesmadridnorte.com/70067-pieza.html
70069;6571HG84E;Bomba de dirección;RENAULT;Megane;1.6 dCi;2010;Comprobada, funcionando;1 año;En stock;53,61 € + IVA;https://desguacesmadridnorte.com/70069-pieza.html
70072;3466TA58B;Airbag volante;RENAULT;Clio;1.5 dCi;2016;Comprobada, funcionando;1 año;En stock;96,31 € + IVA;https://desguacesmadridnorte.com/70072-pieza.html
70073;3681BL84C;Retrovisor derecho;FORD;Fiesta;1.0 EcoBoost;2007;Comprobada, funcionando;1 año;Bajo pedido 24-48h;49,34 € + IVA;https://desguacesmadridnorte.com/70073-pieza.html
70075;5915JC67A;Cuadro de instrumentos;HYUNDAI;i30;1.4 CRDi;2018;Comprobada, funcionando;1 año;Bajo pedido 24-48h;182,22 € + IVA;https://desguacesmadridnorte.com/70075-pieza.html
70077;5113GB89A;Cinturón de seguridad;PEUGEOT;3008;1.6 HDi;2021;Comprobada, funcionando;1 año;En stock;53,92 € + IVA;https://desguacesmadridnorte.com/70077-pieza.html
70080;6839TX88D;Elevalunas delantero izquierdo;RENAULT;Megane;1.6 dCi;2010;Desmontada de vehículo;1 año;En stock;29,68 € + IVA;https://desguacesmadridnorte.com/70080-pieza.html
70082;7276WR91D;Cárter;SKODA;Fabia;1.2 TSI;2017;Desmontada de vehículo;1 año;En stock;58,04 € + IVA;https://desguacesmadridnorte.com/70082-pieza.html
70084;4393JQ72E;Faro delantero derecho;KIA;Sportage;2.0 CRDi;2015;Comprobada, funcionando;1 año;En stock;218,73 € + IVA;https://desguacesmadridnorte.com/70084-pieza.html
70085;5738AB72A;Centralita motor;SEAT;Ibiza;1.2 TSI;2006;Comprobada, funcionando;1 año;En stock;109,33 € + IVA;https://desguacesmadridnorte.com/70085-pieza.html
70088;6028FM29A;Faro delantero izquierdo;CITROEN;C4;1.6 HDi;2018;Comprobada, funcionando;1 año;Bajo pedido 24-48h;137,55 € + IVA;https://desguacesmadridnorte.com/70088-pieza.html
70091;9213YN32D;Puerta delantera izquierda;SEAT;Ateca;1.5 TSI;2014;Comprobada, funcionando;1 año;En stock;316,26 € + IVA;https://desguacesmadridnorte.com/70091-pieza.html
70092;7398DN28D;Bomba de agua;CITROEN;C4;1.6 HDi;2007;Comprobada, funcionando;1 año;En stock;57,56 € + IVA;https://desguacesmadridnorte.com/70092-pieza.html
70095;7006XL69F;Módulo electrónico;CITROEN;C4;1.6 VTi;2010;Comprobada, funcionando;1 año;En stock;129,35 € + IVA;https://desguacesmadridnorte.com/70095-pieza.html
70097;1426LL13E;Módulo electrónico;BMW;Serie 3;320d;2013;Desmontada de vehículo;1 año;En stock;271,18 € + IVA;https://desguacesmadridnorte.com/70097-pieza.html
70099;3605CZ60F;Cerradura puerta delantera;MERCEDES-BENZ;Clase A;180 CDI;2011;Comprobada, funcionando;1 año;Bajo pedido 24-48h;73,36 € + IVA;https://desguacesmadridnorte.com/70099-pieza.html
70102;8605HM91B;Turbo;PEUGEOT;3008;1.6 HDi;2010;Comprobada, funcionando;1 año;Bajo pedido 24-48h;507,43 € + IVA;https://desguacesmadridnorte.com/70102-pieza.html
70105;9717EZ21D;Parachoques delantero;BMW;Serie 1;120i;2020;Desmontada de vehículo;1 año;Bajo pedido 24-48h;248,09 € + IVA;https://desguacesmadridnorte.com/70105-pieza.html
70108;1956CQ10C;Módulo electrónico;PEUGEOT;208;1.4 HDi;2020;Desmontada de vehículo;1 año;En stock;120,42 € + IVA;https://desguacesmadridnorte.com/70108-pieza.html
70110;1563BE86A;Retrovisor derecho;AUDI;A3;1.6 TDI;2009;Comprobada, funcionando;1 año;Bajo pedido 24-48h;32,78 € + IVA;https://desguacesmadridnorte.com/70110-pieza.html
70112;7569SK77F;Turbo;VOLKSWAGEN;Golf;1.4 TSI;2010;Comprobada, funcionando;1 año;En stock;442,96 € + IVA;https://desguacesmadridnorte.com/70112-pieza.html
70114;7301VK27B;Faro delantero derecho;CITROEN;C3;1.4 HDi;2018;Comprobada, funcionando;1 año;Bajo pedido 24-48h;127,04 € + IVA;https://desguacesmadridnorte.com/70114-pieza.html
70117;6239CL54F;Alternador;OPEL;Astra;1.7 CDTI;2019;Comprobada, funcionando;1 año;En stock;66,40 € + IVA;https://desguacesmadridnorte.com/70117-pieza.html
70119;2912XV53B;Faro delantero derecho;RENAULT;Clio;1.5 dCi;2014;Desmontada de vehículo;1 año;En stock;158,65 € + IVA;https://desguacesmadridnorte.com/70119-pieza.html
70122;6375FJ94E;Cinturón de seguridad;SKODA;Octavia;1.6 TDI;2009;Desmontada de vehículo;1 año;Bajo pedido 24-48h;32,49 € + IVA;https://desguacesmadridnorte.com/70122-pieza.html
70124;4979PR27C;Bomba de dirección;NISSAN;Qashqai;1.6 dCi;2012;Desmontada de vehículo;1 año;Bajo pedido 24-48h;74,30 € + IVA;https://desguacesmadridnorte.com/70124-pieza.html
70127;9425TJ22A;Airbag volante;SEAT;Ibiza;1.9 TDI;2016;Desmontada de vehículo;1 año;Bajo pedido 24-48h;197,69 € + IVA;https://desguacesmadridnorte.com/70127-pieza.html
70128;3202NE70E;Elevalunas delantero izquierdo;PEUGEOT;208;1.4 HDi;2020;Comprobada, funcionando;1 año;Bajo pedido 24-48h;43,95 € + IVA;https://desguacesmadridnorte.com/70128-pieza.html
70131;1101JX65B;Motor de arranque;TOYOTA;Corolla;1.4 D-4D;2007;Comprobada, funcionando;1 año;Bajo pedido 24-48h;72,00 € + IVA;https://desguacesmadridnorte.com/70131-pieza.html
70132;6084TM87E;Faro delantero izquierdo;TOYOTA;Proace City;1.5 D-4D;2015;Comprobada, funcionando;1 año;En stock;199,52 € + IVA;https://desguacesmadridnorte.com/70132-pieza.html
70135;8855FL69D;Cinturón de seguridad;KIA;Sportage;2.0 CRDi;2005;Comprobada, funcionando;1 año;Bajo pedido 24-48h;23,54 € + IVA;https://desguacesmadridnorte.com/70135-pieza.html
70137;1056HX24E;Colector de admisión;BMW;X1;20d;2013;Sin comprobar;1 año;En stock;70,46 € + IVA;https://desguacesmadridnorte.com/70137-pieza.html
70138;4971GM23B;Faro delantero derecho;VOLKSWAGEN;Polo;1.4 TDI;2019;Comprobada, funcionando;1 año;Bajo pedido 24-48h;267,17 € + IVA;https://desguacesmadridnorte.com/70138-pieza.html
70141;4680QW56D;Retrovisor derecho;TOYOTA;Corolla;1.4 D-4D;2011;Sin comprobar;1 año;Bajo pedido 24-48h;53,60 € + IVA;https://desguacesmadridnorte.com/70141-pieza.html
70143;3926VB99F;Compresor aire acondicionado;SKODA;Octavia;2.0 TDI;2014;Comprobada, funcionando;1 año;En stock;218,15 € + IVA;https://desguacesmadridnorte.com/70143-pieza.html
70146;4574AD57C;Centralita motor;AUDI;A3;1.6 TDI;2008;Desmontada de vehículo;1 año;En stock;214,00 € + IVA;https://desguacesmadridnorte.com/70146-pieza.html
70148;8764SE99D;Motor de arranque;AUDI;A4;3.0 TDI;2006;Desmontada de vehículo;1 año;Bajo pedido 24-48h;41,02 € + IVA;https://desguacesmadridnorte.com/70148-pieza.html
70150;9907AH12E;Módulo electrónico;CITROEN;C4;1.6 VTi;2009;Comprobada, funcionando;1 año;En stock;159,35 € + IVA;https://desguacesmadridnorte.com/70150-pieza.html
70153;2328CP94E;Motor completo;BMW;Serie 3;320d;2008;Comprobada, funcionando;1 año;Bajo pedido 24-48h;2.527,81 € + IVA;https://desguacesmadridnorte.com/70153-pieza.html
70156;4511PJ91A;Faro delantero derecho;VOLKSWAGEN;Golf;1.4 TSI;2018;Comprobada, funcionando;1 año;En stock;70,88 € + IVA;https://desguacesmadridnorte.com/70156-pieza.html
70158;4543AX50C;Faro delantero derecho;MERCEDES-BENZ;Clase E Coupé;250 CDI;2019;Desmontada de vehículo;1 año;En stock;231,61 € + IVA;https://desguacesmadridnorte.com/70158-pieza.html
70161;3390KL94F;Compresor aire acondicionado;BMW;Serie 1;118d;2008;Comprobada, funcionando;1 año;Bajo pedido 24-48h;152,31 € + IVA;https://desguacesmadridnorte.com/70161-pieza.html
70164;1746CK20A;Parachoques delantero;CITROEN;C3;1.2 PureTech;2016;Comprobada, funcionando;1 año;En stock;118,80 € + IVA;https://desguacesmadridnorte.com/70164-pieza.html
70166;2179YE19D;Cinturón de seguridad;RENAULT;Captur;0.9 TCe;2007;Desmontada de vehículo;1 año;En stock;50,13 € + IVA;https://desguacesmadridnorte.com/70166-pieza.html
70168;7059HK12D;Airbag volante;AUDI;A4;2.0 TDI;2018;Desmontada de vehículo;1 año;En stock;123,20 € + IVA;https://desguacesmadridnorte.com/70168-pieza.html
70170;1878PK37E;Colector de admisión;NISSAN;Qashqai;1.5 dCi;2008;Desmontada de vehículo;1 año;Bajo pedido 24-48h;106,12 € + IVA;https://desguacesmadridnorte.com/70170-pieza.html
70171;1321CG97D;Retrovisor izquierdo;MERCEDES-BENZ;Clase E Coupé;250 CDI;2014;Sin comprobar;1 año;Bajo pedido 24-48h;102,24 € + IVA;https://desguacesmadridnorte.com/70171-pieza.html
70172;2504FJ33F;Piloto trasero izquierdo;SEAT;León;1.6 TDI;2012;Desmontada de vehículo;1 año;Bajo pedido 24-48h;32,10 € + IVA;https://desguacesmadridnorte.com/70172-pieza.html
70175;5791RK96C;Módulo electrónico;RENAULT;Captur;0.9 TCe;2016;Comprobada, funcionando;1 año;Bajo pedido 24-48h;156,39 € + IVA;https://desguacesmadridnorte.com/70175-pieza.html
70178;1684GL74C;Parachoques trasero;CITROEN;C4;1.6 VTi;2019;Desmontada de vehículo;1 año;Bajo pedido 24-48h;223,76 € + IVA;https://desguacesmadridnorte.com/70178-pieza.html
70180;9381CZ23D;Elevalunas delantero izquierdo;CITROEN;C3;1.2 PureTech;2020;Comprobada, funcionando;1 año;En stock;89,17 € + IVA;https://desguacesmadridnorte.com/70180-pieza.html
70183;3688QY64F;Capó;HYUNDAI;i30;1.4 CRDi;2007;Desmontada de vehículo;1 año;En stock;130,95 € + IVA;https://desguacesmadridnorte.com/70183-pieza.html
70184;7186VV27E;Faro delantero izquierdo;OPEL;Astra;1.6 CDTI;2015;Comprobada, funcionando;1 año;En stock;139,30 € + IVA;https://desguacesmadridnorte.com/70184-pieza.html
70187;9919SC13C;Cuadro de instrumentos;SEAT;León;2.0 TDI;2011;Comprobada, funcionando;1 año;En stock;136,80 € + IVA;https://desguacesmadridnorte.com/70187-pieza.html
70189;4261PR50F;Retrovisor derecho;OPEL;Corsa;1.2 16v;2014;Comprobada, funcionando;1 año;Bajo pedido 24-48h;54,19 € + IVA;https://desguacesmadridnorte.com/70189-pieza.html
70190;3658MV70C;Centralita motor;RENAULT;Clio;1.5 dCi;2012;Desmontada de vehículo;1 año;En stock;133,56 € + IVA;https://desguacesmadridnorte.com/70190-pieza.html
70193;7615SS80B;Retrovisor derecho;OPEL;Astra;1.7 CDTI;2020;Comprobada, funcionando;1 año;En stock;121,90 € + IVA;https://desguacesmadridnorte.com/70193-pieza.html
70196;1377VP70F;Faro delantero derecho;SEAT;León;1.6 TDI;2008;Comprobada, funcionando;1 año;Bajo pedido 24-48h;37,14 € + IVA;https://desguacesmadridnorte.com/70196-pieza.html
70197;2842TF10B;Módulo electrónico;SEAT;Ibiza;1.9 TDI;2014;Comprobada, funcionando;1 año;En stock;119,93 € + IVA;https://desguacesmadridnorte.com/70197-pieza.html
70199;9238HY31C;Puerta delantera derecha;PEUGEOT;208;1.4 HDi;2010;Comprobada, funcionando;1 año;En stock;71,76 € + IVA;https://desguacesmadridnorte.com/70199-pieza.html
70201;8083BY56D;Motor completo;VOLKSWAGEN;Polo;1.4 TDI;2009;Desmontada de vehículo;1 año;Bajo pedido 24-48h;1.365,83 € + IVA;https://desguacesmadridnorte.com/70201-pieza.html
70203;1166XG35C;Portón trasero;PEUGEOT;3008;2.0 HDi;2015;Sin comprobar;1 año;En stock;182,37 € + IVA;https://desguacesmadridnorte.com/70203-pieza.html
70204;5524AW78E;Puerta delantera izquierda;RENAULT;Megane;1.6 dCi;2006;Desmontada de vehículo;1 año;Bajo pedido 24-48h;225,07 € + IVA;https://desguacesmadridnorte.com/70204-pieza.html
70206;2190BD85B;Retrovisor derecho;SEAT;Ateca;1.5 TSI;2020;Comprobada, funcionando;1 año;Bajo pedido 24-48h;54,46 € + IVA;https://desguacesmadridnorte.com/70206-pieza.html
70209;2309NM91E;Compresor aire acondicionado;TOYOTA;Corolla;1.4 D-4D;2008;Desmontada de vehículo;1 año;En stock;168,56 € + IVA;https://desguacesmadridnorte.com/70209-pieza.html
70212;5910QA59B;Módulo electrónico;BMW;X1;18d;2007;Comprobada, funcionando;1 año;En stock;138,52 € + IVA;https://desguacesmadridnorte.com/70212-pieza.html
70214;3350NW12F;Cremallera de dirección;NISSAN;Qashqai;1.5 dCi;2016;Desmontada de vehículo;1 año;En stock;233,11 € + IVA;https://desguacesmadridnorte.com/70214-pieza.html
70216;1774AA88C;Puerta delantera izquierda;MERCEDES-BENZ;Clase A;180 CDI;2007;Comprobada, funcionando;1 año;En stock;185,09 € + IVA;https://desguacesmadridnorte.com/70216-pieza.html
70218;8032XG22D;Airbag volante;NISSAN;Juke;1.2 DIG-T;2010;Comprobada, funcionando;1 año;En stock;171,84 € + IVA;https://desguacesmadridnorte.com/70218-pieza.html
70220;1091VS87A;Capó;RENAULT;Megane;1.6 dCi;2011;Desmontada de vehículo;1 año;En stock;199,12 € + IVA;https://desguacesmadridnorte.com/70220-pieza.html
70222;2222JC85B;Portón trasero;KIA;Ceed;1.6 CRDi;2017;Comprobada, funcionando;1 año;En stock;322,70 € + IVA;https://desguacesmadridnorte.com/70222-pieza.html
70224;9413GQ57B;Parachoques delantero;MERCEDES-BENZ;Clase A;180 CDI;2005;Comprobada, funcionando;1 año;En stock;73,04 € + IVA;https://desguacesmadridnorte.com/70224-pieza.html
70226;9930JC52E;Radiador;RENAULT;Captur;1.5 dCi;2013;Desmontada de vehículo;1 año;Bajo pedido 24-48h;62,67 € + IVA;https://desguacesmadridnorte.com/70226-pieza.html
70227;4505FQ91E;Portón trasero;OPEL;Astra;1.6 CDTI;2017;Comprobada, funcionando;1 año;En stock;244,45 € + IVA;https://desguacesmadridnorte.com/70227-pieza.html
70229;2696FM69B;Motor completo;MERCEDES-BENZ;Clase E Coupé;250 CDI;2021;Desmontada de vehículo;1 año;En stock;2.286,92 € + IVA;https://desguacesmadridnorte.com/70229-pieza.html
70232;5589RL72F;Capó;FORD;Fusion;1.4 TDCi;2017;Comprobada, funcionando;1 año;En stock;171,63 € + IVA;https://desguacesmadridnorte.com/70232-pieza.html
70234;6939ZL70E;Bomba de agua;NISSAN;Qashqai;1.6 dCi;2020;Comprobada, funcionando;1 año;En stock;74,25 € + IVA;https://desguacesmadridnorte.com/70234-pieza.html
70235;2689DC53B;Portón trasero;SEAT;León;1.6 TDI;2012;Comprobada, funcionando;1 año;Bajo pedido 24-48h;138,97 € + IVA;https://desguacesmadridnorte.com/70235-pieza.html
70236;7565WX82C;Motor completo;FORD;Fiesta;1.5 TDCi;2021;Desmontada de vehículo;1 año;Bajo pedido 24-48h;1.723,35 € + IVA;https://desguacesmadridnorte.com/70236-pieza.html
70239;4357SM88B;Faro delantero derecho;HYUNDAI;i30;1.4 CRDi;2018;Desmontada de vehículo;1 año;En stock;76,25 € + IVA;https://desguacesmadridnorte.com/70239-pieza.html
70242;7311DD24A;Cremallera de dirección;BMW;X1;20d;2019;Sin comprobar;1 año;Bajo pedido 24-48h;591,54 € + IVA;https://desguacesmadridnorte.com/70242-pieza.html
70243;5394NZ65B;Colector de admisión;SEAT;Ateca;2.0 TDI;2013;Sin comprobar;1 año;En stock;128,89 € + IVA;https://desguacesmadridnorte.com/70243-pieza.html
70246;5255AL23F;Puerta delantera derecha;CITROEN;C3;1.2 PureTech;2011;Desmontada de vehículo;1 año;Bajo pedido 24-48h;143,59 € + IVA;https://desguacesmadridnorte.com/70246-pieza.html
70247;6475AL28C;Puerta trasera izquierda;AUDI;A3;1.4 TFSI;2008;Comprobada, funcionando;1 año;En stock;200,42 € + IVA;https://desguacesmadridnorte.com/70247-pieza.html
70249;7401DW40B;Retrovisor izquierdo;FORD;Fiesta;1.5 TDCi;2017;Comprobada, funcionando;1 año;En stock;62,36 € + IVA;https://desguacesmadridnorte.com/70249-pieza.html
70251;2824TZ40F;Cárter;PEUGEOT;308;1.6 HDi;2006;Sin comprobar;1 año;Bajo pedido 24-48h;36,86 € + IVA;https://desguacesmadridnorte.com/70251-pieza.html
70254;7583ZP27B;Puerta trasera izquierda;NISSAN;Qashqai;1.6 dCi;2018;Desmontada de vehículo;1 año;Bajo pedido 24-48h;201,90 € + IVA;https://desguacesmadridnorte.com/70254-pieza.html
70256;5463FN17C;Cerradura puerta delantera;SEAT;Ibiza;1.9 TDI;2011;Comprobada, funcionando;1 año;Bajo pedido 24-48h;19,16 € + IVA;https://desguacesmadridnorte.com/70256-pieza.html
70258;7805JA28C;Compresor aire acondicionado;NISSAN;Qashqai;1.5 dCi;2019;Desmontada de vehículo;1 año;En stock;283,48 € + IVA;https://desguacesmadridnorte.com/70258-pieza.html
70261;8219KQ42B;Compresor aire acondicionado;BMW;X1;20d;2013;Sin comprobar;1 año;En stock;327,48 € + IVA;https://desguacesmadridnorte.com/70261-pieza.html
70263;8114ER98D;Turbo;MERCEDES-BENZ;Clase E Coupé;250 CDI;2010;Desmontada de vehículo;1 año;Bajo pedido 24-48h;624,74 € + IVA;https://desguacesmadridnorte.com/70263-pieza.html
70265;5583MN93E;Capó;PEUGEOT;3008;2.0 HDi;2019;Comprobada, funcionando;1 año;En stock;184,49 € + IVA;https://desguacesmadridnorte.com/70265-pieza.html
70267;8911FB90C;Capó;NISSAN;Qashqai;1.5 dCi;2021;Sin comprobar;1 año;En stock;133,93 € + IVA;https://desguacesmadridnorte.com/70267-pieza.html
70269;8315HC81B;Colector de admisión;KIA;Sportage;1.7 CRDi;2017;Desmontada de vehículo;1 año;Bajo pedido 24-48h;52,85 € + IVA;https://desguacesmadridnorte.com/70269-pieza.html
70270;6620WP67B;Airbag volante;KIA;Sportage;1.7 CRDi;2015;Desmontada de vehículo;1 año;Bajo pedido 24-48h;83,46 € + IVA;https://desguacesmadridnorte.com/70270-pieza.html
70272;5726RQ72E;Parachoques delantero;CITROEN;C4;1.6 VTi;2016;Desmontada de vehículo;1 año;En stock;187,54 € + IVA;https://desguacesmadridnorte.com/70272-pieza.html
70273;3966CV56E;Radiador;AUDI;A3;1.6 TDI;2020;Sin comprobar;1 año;En stock;137,46 € + IVA;https://desguacesmadridnorte.com/70273-pieza.html
70275;8251PQ86C;Centralita motor;RENAULT;Clio;1.2 16v;2009;Comprobada, funcionando;1 año;Bajo pedido 24-48h;117,86 € + IVA;https://desguacesmadridnorte.com/70275-pieza.html
70278;3705PA42A;Cremallera de dirección;FORD;Fiesta;1.5 TDCi;2007;Sin comprobar;1 año;Bajo pedido 24-48h;101,98 € + IVA;https://desguacesmadridnorte.com/70278-pieza.html
70280;8041ZQ38C;Cuadro de instrumentos;CITROEN;C3;1.4 HDi;2007;Comprobada, funcionando;1 año;Bajo pedido 24-48h;123,57 € + IVA;https://desguacesmadridnorte.com/70280-pieza.html
70281;1844RH37B;Catalizador;MERCEDES-BENZ;CLA;200 CDI;2009;Desmontada de vehículo;1 año;Bajo pedido 24-48h;344,58 € + IVA;https://desguacesmadridnorte.com/70281-pieza.html
70283;8182XZ59A;Cárter;RENAULT;Clio;1.2 16v;2015;Comprobada, funcionando;1 año;En stock;73,06 € + IVA;https://desguacesmadridnorte.com/70283-pieza.html
70286;8476ZX91B;Cremallera de dirección;FORD;Fiesta;1.5 TDCi;2008;Sin comprobar;1 año;Bajo pedido 24-48h;203,17 € + IVA;https://desguacesmadridnorte.com/70286-pieza.html
70289;9829MG34B;Turbo;NISSAN;Juke;1.5 dCi;2016;Comprobada, funcionando;1 año;En stock;270,04 € + IVA;https://desguacesmadridnorte.com/70289-pieza.html
70291;5724LY33E;Cinturón de seguridad;RENAULT;Captur;0.9 TCe;2008;Comprobada, funcionando;1 año;Bajo pedido 24-48h;50,83 € + IVA;https://desguacesmadridnorte.com/70291-pieza.html
70293;7173CS62A;Piloto trasero izquierdo;FORD;Fiesta;1.5 TDCi;2005;Comprobada, funcionando;1 año;Bajo pedido 24-48h;35,85 € + IVA;https://desguacesmadridnorte.com/70293-pieza.html
70295;4974MJ37F;Piloto trasero derecho;OPEL;Astra;1.7 CDTI;2018;Comprobada, funcionando;1 año;En stock;54,41 € + IVA;https://desguacesmadridnorte.com/70295-pieza.html
70297;7029NC61E;Elevalunas delantero izquierdo;BMW;Serie 3;318d;2008;Comprobada, funcionando;1 año;En stock;49,98 € + IVA;https://desguacesmadridnorte.com/70297-pieza.html
70298;8281NK61C;Cremallera de dirección;SKODA;Octavia;1.6 TDI;2013;Comprobada, funcionando;1 año;En stock;165,02 € + IVA;https://desguacesmadridnorte.com/70298-pieza.html
70301;7366SB45C;Colector de admisión;TOYOTA;Camry;2.5 Hybrid;2006;Comprobada, funcionando;1 año;Bajo pedido 24-48h;98,42 € + IVA;https://desguacesmadridnorte.com/70301-pieza.html
70302;9892JX97F;Puerta trasera izquierda;VOLKSWAGEN;Passat;2.0 TDI;2020;Comprobada, funcionando;1 año;Bajo pedido 24-48h;312,45 € + IVA;https://desguacesmadridnorte.com/70302-pieza.html
70304;9166LZ67B;Faro delantero derecho;FORD;Focus;1.6 TDCi;2013;Comprobada, funcionando;1 año;Bajo pedido 24-48h;102,28 € + IVA;https://desguacesmadridnorte.com/70304-pieza.html
70307;9045HW20E;Centralita motor;RENAULT;Captur;0.9 TCe;2007;Comprobada, funcionando;1 año;Bajo pedido 24-48h;168,59 € + IVA;https://desguacesmadridnorte.com/70307-pieza.html
70308;8249ZJ57F;Capó;KIA;Ceed;1.6 CRDi;2020;Comprobada, funcionando;1 año;En stock;251,43 € + IVA;https://desguacesmadridnorte.com/70308-pieza.html
70309;7947ML13B;Catalizador;KIA;Ceed;1.6 CRDi;2009;Comprobada, funcionando;1 año;Bajo pedido 24-48h;209,46 € + IVA;https://desguacesmadridnorte.com/70309-pieza.html
70312;7969HX92F;Bomba de agua;NISSAN;Juke;1.5 dCi;2013;Comprobada, funcionando;1 año;En stock;36,15 € + IVA;https://desguacesmadridnorte.com/70312-pieza.html
70314;5653VF43E;Piloto trasero derecho;MERCEDES-BENZ;Clase A;200 CDI;2018;Comprobada, funcionando;1 año;Bajo pedido 24-48h;72,28 € + IVA;https://desguacesmadridnorte.com/70314-pieza.html
70316;9769EP92A;Piloto trasero izquierdo;SKODA;Octavia;2.0 TDI;2008;Desmontada de vehículo;1 año;En stock;55,47 € + IVA;https://desguacesmadridnorte.com/70316-pieza.html
70317;4639FY43D;Piloto trasero izquierdo;PEUGEOT;208;1.6 HDi;2021;Desmontada de vehículo;1 año;En stock;27,03 € + IVA;https://desguacesmadridnorte.com/70317-pieza.html
70318;2297CY19E;Intercooler;OPEL;Corsa;1.2 16v;2009;Comprobada, funcionando;1 año;En stock;127,48 € + IVA;https://desguacesmadridnorte.com/70318-pieza.html
70319;6633HQ51E;Faro delantero derecho;PEUGEOT;208;1.4 HDi;2010;Comprobada, funcionando;1 año;En stock;116,95 € + IVA;https://desguacesmadridnorte.com/70319-pieza.html
70320;3184HR17D;Alternador;SKODA;Octavia;1.6 TDI;2006;Comprobada, funcionando;1 año;En stock;41,08 € + IVA;https://desguacesmadridnorte.com/70320-pieza.html
70322;7362JG69A;Parachoques trasero;MERCEDES-BENZ;Clase A;180 CDI;2015;Comprobada, funcionando;1 año;En stock;384,78 € + IVA;https://desguacesmadridnorte.com/70322-pieza.html
70324;1991PC30C;Caja de cambios;HYUNDAI;i30;1.4 CRDi;2010;Desmontada de vehículo;1 año;En stock;252,80 € + IVA;https://desguacesmadridnorte.com/70324-pieza.html
70325;7865WV91D;Puerta trasera izquierda;RENAULT;Captur;1.5 dCi;2016;Desmontada de vehículo;1 año;En stock;237,06 € + IVA;https://desguacesmadridnorte.com/70325-pieza.html
70328;1365GK77A;Amortiguador delantero;BMW;X1;20d;2009;Desmontada de vehículo;1 año;Bajo pedido 24-48h;62,04 € + IVA;https://desguacesmadridnorte.com/70328-pieza.html
70331;6539HX53D;Portón trasero;AUDI;A4;2.0 TFSI;2008;Desmontada de vehículo;1 año;Bajo pedido 24-48h;324,69 € + IVA;https://desguacesmadridnorte.com/70331-pieza.html
70333;1424QW60F;Puerta delantera izquierda;SKODA;Octavia;2.0 TDI;2010;Desmontada de vehículo;1 año;En stock;118,45 € + IVA;https://desguacesmadridnorte.com/70333-pieza.html
70336;4436CA44D;Elevalunas delantero izquierdo;HYUNDAI;Tucson;1.7 CRDi;2009;Comprobada, funcionando;1 año;Bajo pedido 24-48h;66,64 € + IVA;https://desguacesmadridnorte.com/70336-pieza.html
70338;9057NF30D;Portón trasero;HYUNDAI;Tucson;1.7 CRDi;2020;Desmontada de vehículo;1 año;En stock;389,65 € + IVA;https://desguacesmadridnorte.com/70338-pieza.html
70341;9782LJ82F;Parachoques trasero;CITROEN;C3;1.2 PureTech;2006;Comprobada, funcionando;1 año;En stock;128,58 € + IVA;https://desguacesmadridnorte.com/70341-pieza.html
70342;1967KN96E;Caja de cambios;SEAT;León;2.0 TDI;2009;Desmontada de vehículo;1 año;Bajo pedido 24-48h;432,58 € + IVA;https://desguacesmadridnorte.com/70342-pieza.html
70344;5717JY97F;Paso de rueda trasero izquierdo;OPEL;Corsa;1.3 CDTI;2018;Comprobada, funcionando;1 año;En stock;41,38 € + IVA;https://desguacesmadridnorte.com/70344-pieza.html
70345;8614NK51A;Colector de admisión;SEAT;Ibiza;1.6 TDI;2007;Comprobada, funcionando;1 año;En stock;47,96 € + IVA;https://desguacesmadridnorte.com/70345-pieza.html
70348;9742SM25B;Bomba de agua;CITROEN;C4;1.6 VTi;2021;Desmontada de vehículo;1 año;En stock;88,02 € + IVA;https://desguacesmadridnorte.com/70348-pieza.html
70350;3309XT85B;Retrovisor derecho;TOYOTA;Camry;2.5 Hybrid;2018;Comprobada, funcionando;1 año;En stock;132,97 € + IVA;https://desguacesmadridnorte.com/70350-pieza.html
70351;6981XC48D;Portón trasero;OPEL;Astra;1.6 CDTI;2015;Comprobada, funcionando;1 año;En stock;195,02 € + IVA;https://desguacesmadridnorte.com/70351-pieza.html
70353;6788LB97F;Centralita motor;RENAULT;Clio;1.5 dCi;2005;Comprobada, funcionando;1 año;Bajo pedido 24-48h;210,22 € + IVA;https://desguacesmadridnorte.com/70353-pieza.html
70356;2734YM97D;Piloto trasero derecho;OPEL;Astra;1.6 CDTI;2010;Desmontada de vehículo;1 año;En stock;45,33 € + IVA;https://desguacesmadridnorte.com/70356-pieza.html
70358;7386QK38D;Amortiguador delantero;OPEL;Corsa;1.3 CDTI;2020;Sin comprobar;1 año;En stock;51,41 € + IVA;https://desguacesmadridnorte.com/70358-pieza.html
70359;3437BM88B;Retrovisor derecho;AUDI;A4;2.0 TFSI;2014;Comprobada, funcionando;1 año;Bajo pedido 24-48h;72,87 € + IVA;https://desguacesmadridnorte.com/70359-pieza.html
70361;9127MG17A;Faro delantero derecho;VOLKSWAGEN;Passat;2.0 TDI;2012;Comprobada, funcionando;1 año;Bajo pedido 24-48h;54,00 € + IVA;https://desguacesmadridnorte.com/70361-pieza.html
70364;1935FR16A;Motor completo;HYUNDAI;i30;1.4 CRDi;2006;Sin comprobar;1 año;Bajo pedido 24-48h;1.621,90 € + IVA;https://desguacesmadridnorte.com/70364-pieza.html
70366;5593BA70D;Piloto trasero derecho;FORD;Fiesta;1.0 EcoBoost;2009;Comprobada, funcionando;1 año;En stock;54,05 € + IVA;https://desguacesmadridnorte.com/70366-pieza.html
70368;5608XF25F;Radiador;BMW;X1;18d;2016;Comprobada, funcionando;1 año;Bajo pedido 24-48h;199,86 € + IVA;https://desguacesmadridnorte.com/70368-pieza.html
70370;6341FQ69E;Colector de admisión;SKODA;Octavia;1.6 TDI;2015;Comprobada, funcionando;1 año;Bajo pedido 24-48h;121,57 € + IVA;https://desguacesmadridnorte.com/70370-pieza.html
70373;4165DZ78D;Alternador;AUDI;Q3;1.4 TFSI;2021;Desmontada de vehículo;1 año;En stock;238,40 € + IVA;https://desguacesmadridnorte.com/70373-pieza.html
70376;3563XF42B;Airbag volante;KIA;Ceed;1.4 CRDi;2015;Desmontada de vehículo;1 año;Bajo pedido 24-48h;135,44 € + IVA;https://desguacesmadridnorte.com/70376-pieza.html
70378;6015AK90F;Capó;HYUNDAI;i30;1.4 CRDi;2015;Desmontada de vehículo;1 año;Bajo pedido 24-48h;164,52 € + IVA;https://desguacesmadridnorte.com/70378-pieza.html
70380;7726TN50A;Piloto trasero izquierdo;SEAT;Ibiza;1.2 TSI;2009;Desmontada de vehículo;1 año;Bajo pedido 24-48h;19,57 € + IVA;https://desguacesmadridnorte.com/70380-pieza.html
70381;2931GK37C;Alternador;CITROEN;C4;1.6 HDi;2018;Comprobada, funcionando;1 año;En stock;117,43 € + IVA;https://desguacesmadridnorte.com/70381-pieza.html
70384;2283RB40D;Cerradura puerta delantera;KIA;Sportage;2.0 CRDi;2018;Desmontada de vehículo;1 año;En stock;63,63 € + IVA;https://desguacesmadridnorte.com/70384-pieza.html
70385;4687FW34E;Capó;CITROEN;C3;1.4 HDi;2005;Desmontada de vehículo;1 año;En stock;142,78 € + IVA;https://desguacesmadridnorte.com/70385-pieza.html
70387;5317DV82C;Aleta delantera izquierda;HYUNDAI;Tucson;2.0 CRDi;2011;Sin comprobar;1 año;En stock;151,48 € + IVA;https://desguacesmadridnorte.com/70387-pieza.html
70389;1810PE66C;Piloto trasero derecho;BMW;X1;18d;2014;Desmontada de vehículo;1 año;En stock;70,75 € + IVA;https://desguacesmadridnorte.com/70389-pieza.html
70392;7543QT69A;Cremallera de dirección;VOLKSWAGEN;Golf;1.4 TSI;2007;Comprobada, funcionando;1 año;Bajo pedido 24-48h;80,00 € + IVA;https://desguacesmadridnorte.com/70392-pieza.html
70393;1211CX41B;Parachoques delantero;FORD;Focus;2.0 TDCi;2007;Comprobada, funcionando;1 año;En stock;50,75 € + IVA;https://desguacesmadridnorte.com/70393-pieza.html
70394;1642CA10E;Colector de admisión;KIA;Sportage;1.7 CRDi;2021;Comprobada, funcionando;1 año;En stock;220,32 € + IVA;https://desguacesmadridnorte.com/70394-pieza.html
70397;2557ZT41A;Retrovisor derecho;OPEL;Astra;1.6 CDTI;2005;Comprobada, funcionando;1 año;En stock;44,11 € + IVA;https://desguacesmadridnorte.com/70397-pieza.html
70399;5492CH67D;Cinturón de seguridad;BMW;Serie 3;318d;2011;Desmontada de vehículo;1 año;Bajo pedido 24-48h;84,64 € + IVA;https://desguacesmadridnorte.com/70399-pieza.html
70402;9963AE82D;Bomba de dirección;OPEL;Corsa;1.2 16v;2010;Comprobada, funcionando;1 año;Bajo pedido 24-48h;114,19 € + IVA;https://desguacesmadridnorte.com/70402-pieza.html
70405;1148ZR10F;Aleta delantera izquierda;MERCEDES-BENZ;CLA;200 CDI;2014;Comprobada, funcionando;1 año;Bajo pedido 24-48h;262,62 € + IVA;https://desguacesmadridnorte.com/70405-pieza.html
70406;5501ZC76B;Amortiguador delantero;FORD;Fiesta;1.5 TDCi;2013;Comprobada, funcionando;1 año;Bajo pedido 24-48h;38,87 € + IVA;https://desguacesmadridnorte.com/70406-pieza.html
70409;1124QP96C;Faro delantero izquierdo;BMW;Serie 3;318d;2013;Desmontada de vehículo;1 año;Bajo pedido 24-48h;338,84 € + IVA;https://desguacesmadridnorte.com/70409-pieza.html
70411;5898PK88B;Motor completo;MERCEDES-BENZ;Clase E Coupé;220 CDI;2010;Sin comprobar;1 año;En stock;2.713,23 € + IVA;https://desguacesmadridnorte.com/70411-pieza.html
70413;4653JE36E;Motor completo;RENAULT;Clio;1.5 dCi;2020;Desmontada de vehículo;1 año;Bajo pedido 24-48h;1.159,36 € + IVA;https://desguacesmadridnorte.com/70413-pieza.html
70414;8852YS89A;Amortiguador delantero;CITROEN;C4;1.6 HDi;2006;Comprobada, funcionando;1 año;En stock;34,38 € + IVA;https://desguacesmadridnorte.com/70414-pieza.html
70417;2438HN15D;Faro delantero derecho;RENAULT;Clio;1.2 16v;2021;Comprobada, funcionando;1 año;Bajo pedido 24-48h;190,01 € + IVA;https://desguacesmadridnorte.com/70417-pieza.html
70420;5499EE27C;Centralita motor;AUDI;A4;3.0 TDI;2021;Sin comprobar;1 año;En stock;263,43 € + IVA;https://desguacesmadridnorte.com/70420-pieza.html
70423;5136MD61E;Radiador;CITROEN;C3;1.4 HDi;2014;Desmontada de vehículo;1 año;En stock;75,75 € + IVA;https://desguacesmadridnorte.com/70423-pieza.html
70425;3204FH29B;Puerta delantera izquierda;TOYOTA;Proace City;1.5 D-4D;2007;Sin comprobar;1 año;En stock;122,99 € + IVA;https://desguacesmadridnorte.com/70425-pieza.html
70426;2375PS36B;Parachoques trasero;KIA;Ceed;1.6 CRDi;2012;Desmontada de vehículo;1 año;Bajo pedido 24-48h;140,95 € + IVA;https://desguacesmadridnorte.com/70426-pieza.html
70428;2953JH74D;Puerta delantera izquierda;AUDI;Q3;2.0 TDI;2009;Desmontada de vehículo;1 año;Bajo pedido 24-48h;204,43 € + IVA;https://desguacesmadridnorte.com/70428-pieza.html
70430;2695TF48C;Parachoques delantero;FORD;Fusion;1.4 TDCi;2012;Comprobada, funcionando;1 año;En stock;83,42 € + IVA;https://desguacesmadridnorte.com/70430-pieza.html
70431;7418GM69F;Piloto trasero izquierdo;VOLKSWAGEN;Passat;1.6 TDI;2017;Comprobada, funcionando;1 año;En stock;48,64 € + IVA;https://desguacesmadridnorte.com/70431-pieza.html
70434;6535KB26F;Retrovisor izquierdo;PEUGEOT;3008;1.6 HDi;2013;Desmontada de vehículo;1 año;Bajo pedido 24-48h;41,82 € + IVA;https://desguacesmadridnorte.com/70434-pieza.html
70436;2194QH48C;Cinturón de seguridad;KIA;Ceed;1.4 CRDi;2020;Desmontada de vehículo;1 año;Bajo pedido 24-48h;52,93 € + IVA;https://desguacesmadridnorte.com/70436-pieza.html
70438;1119FA20B;Bomba de agua;AUDI;Q3;1.4 TFSI;2016;Desmontada de vehículo;1 año;Bajo pedido 24-48h;68,12 € + IVA;https://desguacesmadridnorte.com/70438-pieza.html
70441;9877FM89F;Motor completo;BMW;Serie 1;120i;2011;Comprobada, funcionando;1 año;En stock;1.538,37 € + IVA;https://desguacesmadridnorte.com/70441-pieza.html
70443;2033CH57F;Alternador;PEUGEOT;3008;2.0 HDi;2006;Comprobada, funcionando;1 año;En stock;134,90 € + IVA;https://desguacesmadridnorte.com/70443-pieza.html
70444;4244HX71C;Alternador;BMW;X1;20d;2015;Comprobada, funcionando;1 año;En stock;216,49 € + IVA;https://desguacesmadridnorte.com/70444-pieza.html
70447;8627KB31F;Caja de cambios;CITROEN;C3;1.4 HDi;2012;Comprobada, funcionando;1 año;Bajo pedido 24-48h;277,85 € + IVA;https://desguacesmadridnorte.com/70447-pieza.html
70449;1588VL24B;Bomba de agua;SKODA;Octavia;2.0 TDI;2019;Comprobada, funcionando;1 año;En stock;85,90 € + IVA;https://desguacesmadridnorte.com/70449-pieza.html
70452;4346YJ38B;Cinturón de seguridad;SEAT;Ibiza;1.2 TSI;2018;Comprobada, funcionando;1 año;Bajo pedido 24-48h;70,54 € + IVA;https://desguacesmadridnorte.com/70452-pieza.html
70455;2768JF62F;Cuadro de instrumentos;RENAULT;Megane;1.6 dCi;2018;Comprobada, funcionando;1 año;Bajo pedido 24-48h;198,26 € + IVA;https://desguacesmadridnorte.com/70455-pieza.html
70458;9904TH19C;Puerta trasera izquierda;MERCEDES-BENZ;Clase E Coupé;220 CDI;2017;Comprobada, funcionando;1 año;Bajo pedido 24-48h;426,06 € + IVA;https://desguacesmadridnorte.com/70458-pieza.html
70459;5890PF29A;Cremallera de dirección;CITROEN;C3;1.4 HDi;2020;Comprobada, funcionando;1 año;En stock;224,13 € + IVA;https://desguacesmadridnorte.com/70459-pieza.html
70461;1449PP20B;Módulo electrónico;AUDI;A3;1.4 TFSI;2011;Comprobada, funcionando;1 año;Bajo pedido 24-48h;224,36 € + IVA;https://desguacesmadridnorte.com/70461-pieza.html
70462;6703ML16B;Parachoques delantero;SKODA;Fabia;1.2 TSI;2005;Comprobada, funcionando;1 año;En stock;133,61 € + IVA;https://desguacesmadridnorte.com/70462-pieza.html
70465;7818MR12C;Bomba de agua;RENAULT;Captur;0.9 TCe;2014;Comprobada, funcionando;1 año;Bajo pedido 24-48h;61,85 € + IVA;https://desguacesmadridnorte.com/70465-pieza.html
70468;9874PM23C;Bomba de dirección;SEAT;Ateca;2.0 TDI;2013;Comprobada, funcionando;1 año;En stock;65,22 € + IVA;https://desguacesmadridnorte.com/70468-pieza.html
70469;8624KX39C;Motor de arranque;BMW;Serie 1;118d;2014;Comprobada, funcionando;1 año;En stock;178,91 € + IVA;https://desguacesmadridnorte.com/70469-pieza.html
70471;6081HD92D;Turbo;AUDI;Q3;1.4 TFSI;2015;Comprobada, funcionando;1 año;En stock;534,94 € + IVA;https://desguacesmadridnorte.com/70471-pieza.html
70472;2214KA22E;Amortiguador delantero;HYUNDAI;i30;1.6 CRDi;2010;Comprobada, funcionando;1 año;En stock;70,31 € + IVA;https://desguacesmadridnorte.com/70472-pieza.html
70475;9660MY34C;Aleta delantera izquierda;AUDI;A3;1.4 TFSI;2016;Comprobada, funcionando;1 año;En stock;87,60 € + IVA;https://desguacesmadridnorte.com/70475-pieza.html
70477;7396CD41F;Caja de cambios;SEAT;Ateca;2.0 TDI;2018;Comprobada, funcionando;1 año;Bajo pedido 24-48h;615,88 € + IVA;https://desguacesmadridnorte.com/70477-pieza.html
70478;4489PA12B;Turbo;VOLKSWAGEN;Passat;2.0 TDI;2007;Comprobada, funcionando;1 año;En stock;320,18 € + IVA;https://desguacesmadridnorte.com/70478-pieza.html
70479;3415VZ93F;Módulo electrónico;SKODA;Fabia;1.4 TDI;2018;Comprobada, funcionando;1 año;En stock;186,69 € + IVA;https://desguacesmadridnorte.com/70479-pieza.html
70482;8674RL65E;Cremallera de dirección;FORD;Focus;1.6 TDCi;2015;Desmontada de vehículo;1 año;En stock;226,16 € + IVA;https://desguacesmadridnorte.com/70482-pieza.html
70485;9310CV41F;Alternador;SKODA;Octavia;1.6 TDI;2008;Sin comprobar;1 año;Bajo pedido 24-48h;77,91 € + IVA;https://desguacesmadridnorte.com/70485-pieza.html
70486;4322WQ15D;Motor completo;KIA;Sportage;2.0 CRDi;2019;Desmontada de vehículo;1 año;Bajo pedido 24-48h;1.044,83 € + IVA;https://desguacesmadridnorte.com/70486-pieza.html
70488;3597CG29D;Motor de arranque;HYUNDAI;Tucson;1.7 CRDi;2008;Sin comprobar;1 año;En stock;124,77 € + IVA;https://desguacesmadridnorte.com/70488-pieza.html
70489;4870XQ56E;Motor de arranque;SKODA;Fabia;1.2 TSI;2013;Comprobada, funcionando;1 año;En stock;84,21 € + IVA;https://desguacesmadridnorte.com/70489-pieza.html
70491;3754NB77F;Portón trasero;SKODA;Octavia;1.6 TDI;2014;Desmontada de vehículo;1 año;En stock;353,58 € + IVA;https://desguacesmadridnorte.com/70491-pieza.html
70493;3085BK69C;Intercooler;PEUGEOT;3008;1.6 HDi;2012;Comprobada, funcionando;1 año;En stock;134,45 € + IVA;https://desguacesmadridnorte.com/70493-pieza.html
70494;1683JX65B;Catalizador;AUDI;A4;2.0 TFSI;2012;Desmontada de vehículo;1 año;En stock;447,47 € + IVA;https://desguacesmadridnorte.com/70494-pieza.html
70497;9101WS61F;Aleta delantera izquierda;PEUGEOT;308;1.6 HDi;2011;Comprobada, funcionando;1 año;En stock;125,59 € + IVA;https://desguacesmadridnorte.com/70497-pieza.html
70499;1998JX45D;Caja de cambios;BMW;Serie 1;116d;2010;Desmontada de vehículo;1 año;Bajo pedido 24-48h;218,28 € + IVA;https://desguacesmadridnorte.com/70499-pieza.html
70501;1106EB68C;Alternador;HYUNDAI;i30;1.6 CRDi;2014;Comprobada, funcionando;1 año;En stock;106,57 € + IVA;https://desguacesmadridnorte.com/70501-pieza.html
70503;8313HT99D;Cuadro de instrumentos;HYUNDAI;Tucson;1.7 CRDi;2011;Desmontada de vehículo;1 año;Bajo pedido 24-48h;228,53 € + IVA;https://desguacesmadridnorte.com/70503-pieza.html
70505;9492RH76E;Compresor aire acondicionado;OPEL;Astra;1.6 CDTI;2007;Desmontada de vehículo;1 año;Bajo pedido 24-48h;175,55 € + IVA;https://desguacesmadridnorte.com/70505-pieza.html
70508;7823HC27E;Paso de rueda trasero izquierdo;KIA;Ceed;1.4 CRDi;2015;Comprobada, funcionando;1 año;En stock;27,40 € + IVA;https://desguacesmadridnorte.com/70508-pieza.html
70511;7482MZ44F;Radiador;VOLKSWAGEN;Golf;1.6 TDI;2006;Desmontada de vehículo;1 año;Bajo pedido 24-48h;124,43 € + IVA;https://desguacesmadridnorte.com/70511-pieza.html
70513;5558SR99E;Módulo electrónico;PEUGEOT;208;1.6 HDi;2008;Comprobada, funcionando;1 año;Bajo pedido 24-48h;152,60 € + IVA;https://desguacesmadridnorte.com/70513-pieza.html
70514;3512JY77C;Cinturón de seguridad;TOYOTA;Proace City;1.5 D-4D;2010;Sin comprobar;1 año;En stock;53,33 € + IVA;https://desguacesmadridnorte.com/70514-pieza.html
70517;2485EM63D;Airbag volante;PEUGEOT;208;1.4 HDi;2021;Comprobada, funcionando;1 año;Bajo pedido 24-48h;154,82 € + IVA;https://desguacesmadridnorte.com/70517-pieza.html
70520;2649XE56E;Bomba de agua;RENAULT;Megane;1.6 dCi;2013;Desmontada de vehículo;1 año;En stock;61,13 € + IVA;https://desguacesmadridnorte.com/70520-pieza.html
70521;6772AQ12D;Retrovisor izquierdo;FORD;Fiesta;1.0 EcoBoost;2015;Desmontada de vehículo;1 año;Bajo pedido 24-48h;114,45 € + IVA;https://desguacesmadridnorte.com/70521-pieza.html
70522;6499GM85A;Airbag volante;BMW;X1;20d;2010;Sin comprobar;1 año;En stock;90,09 € + IVA;https://desguacesmadridnorte.com/70522-pieza.html
70524;1114QS62D;Parachoques trasero;AUDI;A4;2.0 TDI;2011;Sin comprobar;1 año;Bajo pedido 24-48h;248,49 € + IVA;https://desguacesmadridnorte.com/70524-pieza.html
70525;9431WJ37B;Retrovisor derecho;TOYOTA;Corolla;1.8 Hybrid;2011;Desmontada de vehículo;1 año;En stock;64,72 € + IVA;https://desguacesmadridnorte.com/70525-pieza.html
70526;6237VF17E;Piloto trasero izquierdo;CITROEN;C3;1.4 HDi;2013;Comprobada, funcionando;1 año;En stock;56,53 € + IVA;https://desguacesmadridnorte.com/70526-pieza.html
70527;9446LT42C;Aleta delantera izquierda;OPEL;Astra;1.7 CDTI;2011;Desmontada de vehículo;1 año;En stock;119,34 € + IVA;https://desguacesmadridnorte.com/70527-pieza.html
70528;6405VB83D;Capó;SKODA;Fabia;1.2 TSI;2017;Comprobada, funcionando;1 año;En stock;102,88 € + IVA;https://desguacesmadridnorte.com/70528-pieza.html
70531;4980DN92E;Bomba de dirección;VOLKSWAGEN;Polo;1.2 TSI;2016;Comprobada, funcionando;1 año;Bajo pedido 24-48h;125,48 € + IVA;https://desguacesmadridnorte.com/70531-pieza.html
70534;4978QG47B;Parachoques delantero;TOYOTA;Corolla;1.4 D-4D;2010;Comprobada, funcionando;1 año;Bajo pedido 24-48h;107,63 € + IVA;https://desguacesmadridnorte.com/70534-pieza.html
70537;9160DW43A;Caja de cambios;MERCEDES-BENZ;Clase E Coupé;220 CDI;2009;Comprobada, funcionando;1 año;Bajo pedido 24-48h;835,40 € + IVA;https://desguacesmadridnorte.com/70537-pieza.html
70538;5226WD33B;Bomba de dirección;OPEL;Corsa;1.2 16v;2018;Desmontada de vehículo;1 año;En stock;137,03 € + IVA;https://desguacesmadridnorte.com/70538-pieza.html
70540;4778AR42D;Caja de cambios;RENAULT;Megane;1.5 dCi;2005;Comprobada, funcionando;1 año;Bajo pedido 24-48h;483,29 € + IVA;https://desguacesmadridnorte.com/70540-pieza.html
70543;3868GB25E;Cremallera de dirección;BMW;Serie 1;116d;2009;Desmontada de vehículo;1 año;En stock;189,67 € + IVA;https://desguacesmadridnorte.com/70543-pieza.html
70545;9604EK67C;Cinturón de seguridad;AUDI;A4;2.0 TFSI;2011;Comprobada, funcionando;1 año;Bajo pedido 24-48h;68,61 € + IVA;https://desguacesmadridnorte.com/70545-pieza.html
70547;9198GZ35A;Retrovisor izquierdo;SKODA;Fabia;1.4 TDI;2015;Comprobada, funcionando;1 año;En stock;107,60 € + IVA;https://desguacesmadridnorte.com/70547-pieza.html
70548;4594NF24D;Parachoques delantero;OPEL;Corsa;1.2 16v;2021;Comprobada, funcionando;1 año;Bajo pedido 24-48h;103,08 € + IVA;https://desguacesmadridnorte.com/70548-pieza.html
70550;9709MK51F;Cremallera de dirección;TOYOTA;Corolla;1.4 D-4D;2020;Desmontada de vehículo;1 año;En stock;356,06 € + IVA;https://desguacesmadridnorte.com/70550-pieza.html
70552;4415ES53A;Módulo electrónico;SEAT;León;2.0 TDI;2018;Desmontada de vehículo;1 año;En stock;195,54 € + IVA;https://desguacesmadridnorte.com/70552-pieza.html
70554;6776QV16B;Cárter;OPEL;Astra;1.6 CDTI;2008;Comprobada, funcionando;1 año;Bajo pedido 24-48h;87,55 € + IVA;https://desguacesmadridnorte.com/70554-pieza.html
70555;4174WQ29B;Portón trasero;HYUNDAI;i30;1.4 CRDi;2014;Comprobada, funcionando;1 año;En stock;276,77 € + IVA;https://desguacesmadridnorte.com/70555-pieza.html
70557;3510XT38B;Parachoques trasero;PEUGEOT;208;1.6 HDi;2008;Comprobada, funcionando;1 año;En stock;91,98 € + IVA;https://desguacesmadridnorte.com/70557-pieza.html
70558;8645HB48F;Amortiguador delantero;AUDI;Q3;2.0 TDI;2014;Desmontada de vehículo;1 año;Bajo pedido 24-48h;52,21 € + IVA;https://desguacesmadridnorte.com/70558-pieza.html
70560;3886YZ96A;Módulo electrónico;TOYOTA;Camry;2.5 Hybrid;2021;Comprobada, funcionando;1 año;Bajo pedido 24-48h;155,61 € + IVA;https://desguacesmadridnorte.com/70560-pieza.html
70563;5205GA31E;Motor de arranque;PEUGEOT;308;1.6 HDi;2017;Comprobada, funcionando;1 año;En stock;110,51 € + IVA;https://desguacesmadridnorte.com/70563-pieza.html
70565;4470GW35B;Motor completo;SKODA;Octavia;2.0 TDI;2005;Comprobada, funcionando;1 año;Bajo pedido 24-48h;1.242,54 € + IVA;https://desguacesmadridnorte.com/70565-pieza.html
70567;6184WC56F;Aleta delantera izquierda;OPEL;Astra;1.7 CDTI;2005;Desmontada de vehículo;1 año;En stock;71,13 € + IVA;https://desguacesmadridnorte.com/70567-pieza.html
70568;5624CZ95D;Bomba de agua;MERCEDES-BENZ;Clase A;180 CDI;2016;Desmontada de vehículo;1 año;En stock;50,49 € + IVA;https://desguacesmadridnorte.com/70568-pieza.html
70571;4418JJ78D;Elevalunas delantero izquierdo;FORD;Fiesta;1.0 EcoBoost;2011;Sin comprobar;1 año;En stock;79,42 € + IVA;https://desguacesmadridnorte.com/70571-pieza.html
70572;8450FT73B;Cerradura puerta delantera;AUDI;A3;2.0 TDI;2018;Sin comprobar;1 año;En stock;80,59 € + IVA;https://desguacesmadridnorte.com/70572-pieza.html
70575;8000PP84A;Parachoques trasero;BMW;X1;20d;2016;Comprobada, funcionando;1 año;En stock;384,62 € + IVA;https://desguacesmadridnorte.com/70575-pieza.html
70576;7593FC67A;Intercooler;BMW;Serie 3;320d;2013;Comprobada, funcionando;1 año;Bajo pedido 24-48h;326,26 € + IVA;https://desguacesmadridnorte.com/70576-pieza.html
70578;6647AH76D;Cinturón de seguridad;SKODA;Fabia;1.2 TSI;2018;Desmontada de vehículo;1 año;En stock;71,26 € + IVA;https://desguacesmadridnorte.com/70578-pieza.html
70579;9932FC86B;Alternador;RENAULT;Captur;0.9 TCe;2007;Comprobada, funcionando;1 año;En stock;108,89 € + IVA;https://desguacesmadridnorte.com/70579-pieza.html
70581;9099VZ79F;Aleta delantera izquierda;FORD;Fusion;1.4 TDCi;2014;Comprobada, funcionando;1 año;Bajo pedido 24-48h;63,03 € + IVA;https://desguacesmadridnorte.com/70581-pieza.html
70583;6041NH46E;Puerta trasera izquierda;SEAT;Ateca;1.5 TSI;2019;Comprobada, funcionando;1 año;En stock;111,01 € + IVA;https://desguacesmadridnorte.com/70583-pieza.html
70584;8717HL41E;Aleta delantera izquierda;AUDI;A3;1.4 TFSI;2020;Comprobada, funcionando;1 año;En stock;110,43 € + IVA;https://desguacesmadridnorte.com/70584-pieza.html
70585;6577NL34A;Cerradura puerta delantera;FORD;Fiesta;1.5 TDCi;2020;Desmontada de vehículo;1 año;En stock;36,57 € + IVA;https://desguacesmadridnorte.com/70585-pieza.html
70588;7813AF28A;Capó;SKODA;Fabia;1.4 TDI;2017;Desmontada de vehículo;1 año;Bajo pedido 24-48h;75,13 € + IVA;https://desguacesmadridnorte.com/70588-pieza.html
70591;3248AA13B;Bomba de dirección;FORD;Fusion;1.4 TDCi;2009;Desmontada de vehículo;1 año;En stock;94,51 € + IVA;https://desguacesmadridnorte.com/70591-pieza.html
70593;3827RL91D;Puerta delantera izquierda;BMW;Serie 3;330i;2008;Comprobada, funcionando;1 año;Bajo pedido 24-48h;376,37 € + IVA;https://desguacesmadridnorte.com/70593-pieza.html
70596;2882PV30E;Motor completo;CITROEN;C3;1.4 HDi;2020;Desmontada de vehículo;1 año;Bajo pedido 24-48h;1.391,27 € + IVA;https://desguacesmadridnorte.com/70596-pieza.html
70597;1855CB41D;Centralita motor;OPEL;Corsa;1.3 CDTI;2016;Comprobada, funcionando;1 año;Bajo pedido 24-48h;123,36 € + IVA;https://desguacesmadridnorte.com/70597-pieza.html
70599;8372SM23A;Centralita motor;FORD;Fiesta;1.0 EcoBoost;2020;Comprobada, funcionando;1 año;Bajo pedido 24-48h;95,84 € + IVA;https://desguacesmadridnorte.com/70599-pieza.html
70601;3924HK41C;Amortiguador delantero;BMW;Serie 3;320d;2008;Comprobada, funcionando;1 año;En stock;94,95 € + IVA;https://desguacesmadridnorte.com/70601-pieza.html
70602;4347XB65F;Caja de cambios;FORD;Fiesta;1.5 TDCi;2019;Desmontada de vehículo;1 año;Bajo pedido 24-48h;535,90 € + IVA;https://desguacesmadridnorte.com/70602-pieza.html
70605;4573MV48E;Cerradura puerta delantera;KIA;Sportage;2.0 CRDi;2011;Desmontada de vehículo;1 año;En stock;48,76 € + IVA;https://desguacesmadridnorte.com/70605-pieza.html
70607;3126CT13B;Cuadro de instrumentos;HYUNDAI;i30;1.4 CRDi;2017;Comprobada, funcionando;1 año;En stock;167,85 € + IVA;https://desguacesmadridnorte.com/70607-pieza.html
70609;4258XN84D;Puerta delantera izquierda;PEUGEOT;208;1.6 HDi;2012;Sin comprobar;1 año;Bajo pedido 24-48h;188,75 € + IVA;https://desguacesmadridnorte.com/70609-pieza.html
70610;1920VN75E;Retrovisor derecho;KIA;Sportage;1.7 CRDi;2017;Comprobada, funcionando;1 año;En stock;179,79 € + IVA;https://desguacesmadridnorte.com/70610-pieza.html
70611;1783QY97A;Parachoques trasero;TOYOTA;Camry;2.5 Hybrid;2015;Comprobada, funcionando;1 año;Bajo pedido 24-48h;95,44 € + IVA;https://desguacesmadridnorte.com/70611-pieza.html
70614;4991HT77A;Puerta delantera derecha;AUDI;A4;3.0 TDI;2019;Desmontada de vehículo;1 año;En stock;604,45 € + IVA;https://desguacesmadridnorte.com/70614-pieza.html
70617;4965XY45C;Centralita motor;OPEL;Astra;1.6 CDTI;2017;Comprobada, funcionando;1 año;En stock;413,92 € + IVA;https://desguacesmadridnorte.com/70617-pieza.html
70619;4937ZR55F;Puerta trasera izquierda;TOYOTA;Camry;2.5 Hybrid;2011;Desmontada de vehículo;1 año;En stock;337,93 € + IVA;https://desguacesmadridnorte.com/70619-pieza.html
70621;9931DR67C;Intercooler;KIA;Sportage;2.0 CRDi;2009;Desmontada de vehículo;1 año;Bajo pedido 24-48h;114,63 € + IVA;https://desguacesmadridnorte.com/70621-pieza.html
70623;3391KN78D;Faro delantero izquierdo;CITROEN;C3;1.2 PureTech;2021;Comprobada, funcionando;1 año;Bajo pedido 24-48h;102,12 € + IVA;https://desguacesmadridnorte.com/70623-pieza.html
70624;7596PA16B;Cuadro de instrumentos;KIA;Ceed;1.6 CRDi;2021;Desmontada de vehículo;1 año;En stock;209,94 € + IVA;https://desguacesmadridnorte.com/70624-pieza.html
70625;5062GV79D;Catalizador;BMW;X1;18d;2016;Comprobada, funcionando;1 año;En stock;685,31 € + IVA;https://desguacesmadridnorte.com/70625-pieza.html
70628;1908KP87E;Compresor aire acondicionado;FORD;Fusion;1.4 TDCi;2007;Comprobada, funcionando;1 año;En stock;63,22 € + IVA;https://desguacesmadridnorte.com/70628-pieza.html
70631;7203DQ40C;Centralita motor;BMW;X1;18d;2009;Comprobada, funcionando;1 año;Bajo pedido 24-48h;476,20 € + IVA;https://desguacesmadridnorte.com/70631-pieza.html
70633;5278HA34C;Módulo electrónico;AUDI;Q3;2.0 TDI;2011;Comprobada, funcionando;1 año;En stock;215,87 € + IVA;https://desguacesmadridnorte.com/70633-pieza.html
70634;4348XR77A;Cinturón de seguridad;TOYOTA;Camry;2.5 Hybrid;2011;Comprobada, funcionando;1 año;En stock;71,85 € + IVA;https://desguacesmadridnorte.com/70634-pieza.html
70636;9610XD84A;Bomba de agua;NISSAN;Juke;1.2 DIG-T;2021;Desmontada de vehículo;1 año;En stock;80,51 € + IVA;https://desguacesmadridnorte.com/70636-pieza.html
70639;4181YL44B;Bomba de agua;PEUGEOT;208;1.6 HDi;2012;Desmontada de vehículo;1 año;En stock;30,28 € + IVA;https://desguacesmadridnorte.com/70639-pieza.html
70642;7925EP90C;Alternador;OPEL;Corsa;1.3 CDTI;2008;Comprobada, funcionando;1 año;Bajo pedido 24-48h;117,44 € + IVA;https://desguacesmadridnorte.com/70642-pieza.html
70645;9908SY80E;Colector de admisión;OPEL;Corsa;1.2 16v;2018;Comprobada, funcionando;1 año;Bajo pedido 24-48h;113,20 € + IVA;https://desguacesmadridnorte.com/70645-pieza.html
70647;6162NX14F;Faro delantero izquierdo;VOLKSWAGEN;Passat;1.6 TDI;2010;Comprobada, funcionando;1 año;En stock;169,07 € + IVA;https://desguacesmadridnorte.com/70647-pieza.html
70650;6110GV63E;Piloto trasero izquierdo;HYUNDAI;i30;1.6 CRDi;2019;Comprobada, funcionando;1 año;En stock;101,77 € + IVA;https://desguacesmadridnorte.com/70650-pieza.html
70651;9997RB10F;Puerta delantera izquierda;NISSAN;Qashqai;1.6 dCi;2006;Desmontada de vehículo;1 año;Bajo pedido 24-48h;244,69 € + IVA;https://desguacesmadridnorte.com/70651-pieza.html
70654;2923WF17B;Compresor aire acondicionado;VOLKSWAGEN;Passat;2.0 TDI;2018;Comprobada, funcionando;1 año;En stock;366,89 € + IVA;https://desguacesmadridnorte.com/70654-pieza.html
70656;4848AJ61E;Cinturón de seguridad;OPEL;Astra;1.7 CDTI;2010;Desmontada de vehículo;1 año;En stock;20,30 € + IVA;https://desguacesmadridnorte.com/70656-pieza.html
70658;8539QW48B;Turbo;FORD;Focus;2.0 TDCi;2013;Comprobada, funcionando;1 año;Bajo pedido 24-48h;382,88 € + IVA;https://desguacesmadridnorte.com/70658-pieza.html
70660;7696VQ12E;Puerta delantera izquierda;FORD;Fusion;1.4 TDCi;2018;Sin comprobar;1 año;En stock;155,49 € + IVA;https://desguacesmadridnorte.com/70660-pieza.html
70663;1967YN50A;Cárter;SEAT;Ibiza;1.6 TDI;2020;Comprobada, funcionando;1 año;Bajo pedido 24-48h;49,04 € + IVA;https://desguacesmadridnorte.com/70663-pieza.html
70665;3210MY85D;Centralita motor;RENAULT;Clio;1.2 16v;2006;Comprobada, funcionando;1 año;En stock;73,34 € + IVA;https://desguacesmadridnorte.com/70665-pieza.html
70667;3829ZJ32D;Bomba de dirección;KIA;Sportage;2.0 CRDi;2018;Sin comprobar;1 año;En stock;88,95 € + IVA;https://desguacesmadridnorte.com/70667-pieza.html
70669;8539ET46D;Capó;KIA;Ceed;1.4 CRDi;2005;Sin comprobar;1 año;Bajo pedido 24-48h;61,61 € + IVA;https://desguacesmadridnorte.com/70669-pieza.html
70671;2028KF55F;Bomba de dirección;SEAT;Ateca;1.5 TSI;2018;Comprobada, funcionando;1 año;Bajo pedido 24-48h;111,62 € + IVA;https://desguacesmadridnorte.com/70671-pieza.html
70673;9956GE44E;Cárter;BMW;X1;20d;2005;Desmontada de vehículo;1 año;En stock;92,97 € + IVA;https://desguacesmadridnorte.com/70673-pieza.html
70675;4963EX25D;Colector de admisión;KIA;Sportage;1.7 CRDi;2019;Comprobada, funcionando;1 año;Bajo pedido 24-48h;162,26 € + IVA;https://desguacesmadridnorte.com/70675-pieza.html
70677;7366QM34B;Portón trasero;TOYOTA;Camry;2.5 Hybrid;2021;Comprobada, funcionando;1 año;Bajo pedido 24-48h;347,31 € + IVA;https://desguacesmadridnorte.com/70677-pieza.html
70679;8719WB14F;Turbo;SEAT;Ibiza;1.6 TDI;2005;Sin comprobar;1 año;En stock;94,11 € + IVA;https://desguacesmadridnorte.com/70679-pieza.html
70681;6990HW70F;Piloto trasero izquierdo;PEUGEOT;3008;1.6 HDi;2016;Comprobada, funcionando;1 año;En stock;67,27 € + IVA;https://desguacesmadridnorte.com/70681-pieza.html
70683;4231WZ94D;Capó;RENAULT;Megane;1.5 dCi;2020;Desmontada de vehículo;1 año;En stock;124,70 € + IVA;https://desguacesmadridnorte.com/70683-pieza.html
70686;9389TD39B;Elevalunas delantero izquierdo;MERCEDES-BENZ;CLA;200 CDI;2009;Comprobada, funcionando;1 año;Bajo pedido 24-48h;109,03 € + IVA;https://desguacesmadridnorte.com/70686-pieza.html
70689;5466ZK53F;Aleta delantera izquierda;FORD;Focus;1.6 TDCi;2007;Comprobada, funcionando;1 año;En stock;128,68 € + IVA;https://desguacesmadridnorte.com/70689-pieza.html
70692;5947TW10D;Amortiguador delantero;BMW;Serie 1;120i;2011;Comprobada, funcionando;1 año;Bajo pedido 24-48h;48,63 € + IVA;https://desguacesmadridnorte.com/70692-pieza.html
70694;2534RJ16B;Amortiguador delantero;FORD;Fiesta;1.0 EcoBoost;2021;Comprobada, funcionando;1 año;Bajo pedido 24-48h;76,70 € + IVA;https://desguacesmadridnorte.com/70694-pieza.html
70697;8748XR93C;Faro delantero izquierdo;SKODA;Octavia;2.0 TDI;2008;Comprobada, funcionando;1 año;En stock;73,01 € + IVA;https://desguacesmadridnorte.com/70697-pieza.html
70698;1736GE35C;Elevalunas delantero izquierdo;CITROEN;C4;1.6 HDi;2014;Comprobada, funcionando;1 año;En stock;58,93 € + IVA;https://desguacesmadridnorte.com/70698-pieza.html
70700;3821ED74C;Piloto trasero izquierdo;SKODA;Octavia;1.6 TDI;2016;Comprobada, funcionando;1 año;En stock;78,07 € + IVA;https://desguacesmadridnorte.com/70700-pieza.html
70701;2990HW48D;Motor de arranque;AUDI;A4;3.0 TDI;2011;Sin comprobar;1 año;Bajo pedido 24-48h;59,18 € + IVA;https://desguacesmadridnorte.com/70701-pieza.html
70704;4464JL27D;Puerta delantera izquierda;MERCEDES-BENZ;CLA;200 CDI;2011;Sin comprobar;1 año;En stock;394,04 € + IVA;https://desguacesmadridnorte.com/70704-pieza.html
70706;2657BH63B;Paso de rueda trasero izquierdo;SKODA;Octavia;2.0 TDI;2006;Desmontada de vehículo;1 año;En stock;23,96 € + IVA;https://desguacesmadridnorte.com/70706-pieza.html
70709;3184WW59B;Bomba de dirección;TOYOTA;Camry;2.5 Hybrid;2007;Desmontada de vehículo;1 año;En stock;58,76 € + IVA;https://desguacesmadridnorte.com/70709-pieza.html
70710;2383CK97C;Faro delantero izquierdo;HYUNDAI;i30;1.6 CRDi;2021;Comprobada, funcionando;1 año;En stock;63,00 € + IVA;https://desguacesmadridnorte.com/70710-pieza.html
70713;4152VG51A;Cinturón de seguridad;TOYOTA;Proace City;1.5 D-4D;2009;Comprobada, funcionando;1 año;Bajo pedido 24-48h;27,92 € + IVA;https://desguacesmadridnorte.com/70713-pieza.html
70716;2191RK28A;Elevalunas delantero izquierdo;BMW;Serie 1;118d;2005;Desmontada de vehículo;1 año;Bajo pedido 24-48h;35,20 € + IVA;https://desguacesmadridnorte.com/70716-pieza.html
70719;9375XL47F;Cremallera de dirección;RENAULT;Captur;0.9 TCe;2013;Comprobada, funcionando;1 año;Bajo pedido 24-48h;198,69 € + IVA;https://desguacesmadridnorte.com/70719-pieza.html
70722;9918LC81B;Centralita motor;OPEL;Astra;1.7 CDTI;2012;Comprobada, funcionando;1 año;En stock;292,27 € + IVA;https://desguacesmadridnorte.com/70722-pieza.html
70723;5449WR17E;Airbag volante;OPEL;Corsa;1.3 CDTI;2009;Comprobada, funcionando;1 año;En stock;92,04 € + IVA;https://desguacesmadridnorte.com/70723-pieza.html
70726;6803BE68C;Parachoques delantero;BMW;Serie 3;330i;2009;Comprobada, funcionando;1 año;Bajo pedido 24-48h;248,76 € + IVA;https://desguacesmadridnorte.com/70726-pieza.html
70727;5470FQ39D;Portón trasero;BMW;Serie 1;120i;2013;Comprobada, funcionando;1 año;En stock;426,66 € + IVA;https://desguacesmadridnorte.com/70727-pieza.html
70728;3041VH70F;Airbag volante;PEUGEOT;308;2.0 HDi;2021;Comprobada, funcionando;1 año;En stock;164,21 € + IVA;https://desguacesmadridnorte.com/70728-pieza.html
70731;5790EX67E;Motor de arranque;SEAT;Ibiza;1.9 TDI;2010;Sin comprobar;1 año;Bajo pedido 24-48h;65,09 € + IVA;https://desguacesmadridnorte.com/70731-pieza.html
70733;5131YP21D;Cárter;TOYOTA;Proace City;1.5 D-4D;2020;Desmontada de vehículo;1 año;Bajo pedido 24-48h;43,20 € + IVA;https://desguacesmadridnorte.com/70733-pieza.html
70736;8708GG67E;Módulo electrónico;BMW;X1;20d;2014;Desmontada de vehículo;1 año;Bajo pedido 24-48h;141,60 € + IVA;https://desguacesmadridnorte.com/70736-pieza.html
70738;8087NM96F;Cinturón de seguridad;BMW;X1;20d;2010;Comprobada, funcionando;1 año;En stock;78,59 € + IVA;https://desguacesmadridnorte.com/70738-pieza.html
70741;2334XG53C;Parachoques trasero;KIA;Ceed;1.4 CRDi;2012;Desmontada de vehículo;1 año;Bajo pedido 24-48h;117,78 € + IVA;https://desguacesmadridnorte.com/70741-pieza.html
70743;7998JL15B;Motor de arranque;OPEL;Corsa;1.3 CDTI;2017;Desmontada de vehículo;1 año;En stock;137,72 € + IVA;https://desguacesmadridnorte.com/70743-pieza.html
70745;4141RK19F;Alternador;FORD;Focus;2.0 TDCi;2021;Comprobada, funcionando;1 año;En stock;65,16 € + IVA;https://desguacesmadridnorte.com/70745-pieza.html
70747;6986PW49D;Parachoques delantero;SEAT;Ateca;2.0 TDI;2015;Sin comprobar;1 año;En stock;94,19 € + IVA;https://desguacesmadridnorte.com/70747-pieza.html
70750;7863CD57E;Puerta trasera izquierda;NISSAN;Qashqai;1.5 dCi;2010;Comprobada, funcionando;1 año;En stock;189,73 € + IVA;https://desguacesmadridnorte.com/70750-pieza.html
70752;5714JZ94B;Módulo electrónico;AUDI;A4;3.0 TDI;2007;Comprobada, funcionando;1 año;En stock;94,60 € + IVA;https://desguacesmadridnorte.com/70752-pieza.html
70754;5883DY65A;Cremallera de dirección;FORD;Focus;1.6 TDCi;2009;Sin comprobar;1 año;En stock;126,54 € + IVA;https://desguacesmadridnorte.com/70754-pieza.html
70756;6573SX52F;Cárter;FORD;Focus;2.0 TDCi;2020;Comprobada, funcionando;1 año;En stock;98,20 € + IVA;https://desguacesmadridnorte.com/70756-pieza.html
70759;6195HV22E;Piloto trasero izquierdo;CITROEN;C4;1.6 HDi;2006;Desmontada de vehículo;1 año;En stock;36,89 € + IVA;https://desguacesmadridnorte.com/70759-pieza.html
70760;1625GS71E;Airbag volante;SKODA;Fabia;1.4 TDI;2014;Comprobada, funcionando;1 año;En stock;71,86 € + IVA;https://desguacesmadridnorte.com/70760-pieza.html
70761;1475MA38D;Faro delantero izquierdo;TOYOTA;Proace City;1.5 D-4D;2021;Comprobada, funcionando;1 año;Bajo pedido 24-48h;186,56 € + IVA;https://desguacesmadridnorte.com/70761-pieza.html
70762;5092XP55C;Caja de cambios;BMW;Serie 1;120i;2017;Desmontada de vehículo;1 año;En stock;1.142,67 € + IVA;https://desguacesmadridnorte.com/70762-pieza.html
70764;7184PK71C;Alternador;FORD;Fusion;1.4 TDCi;2013;Comprobada, funcionando;1 año;En stock;60,60 € + IVA;https://desguacesmadridnorte.com/70764-pieza.html
70767;3514BL23A;Compresor aire acondicionado;CITROEN;C3;1.2 PureTech;2016;Comprobada, funcionando;1 año;Bajo pedido 24-48h;210,66 € + IVA;https://desguacesmadridnorte.com/70767-pieza.html
70770;5682RX55A;Bomba de dirección;MERCEDES-BENZ;Clase E Coupé;220 CDI;2011;Comprobada, funcionando;1 año;Bajo pedido 24-48h;80,77 € + IVA;https://desguacesmadridnorte.com/70770-pieza.html
70772;5840LJ54D;Amortiguador delantero;BMW;Serie 3;318d;2013;Comprobada, funcionando;1 año;Bajo pedido 24-48h;55,89 € + IVA;https://desguacesmadridnorte.com/70772-pieza.html
70775;7487AP71C;Retrovisor derecho;PEUGEOT;3008;2.0 HDi;2014;Comprobada, funcionando;1 año;Bajo pedido 24-48h;62,33 € + IVA;https://desguacesmadridnorte.com/70775-pieza.html
70778;9448VG67F;Paso de rueda trasero izquierdo;NISSAN;Qashqai;1.6 dCi;2007;Comprobada, funcionando;1 año;En stock;21,06 € + IVA;https://desguacesmadridnorte.com/70778-pieza.html
70780;7319AF26A;Cárter;AUDI;A4;2.0 TDI;2013;Comprobada, funcionando;1 año;Bajo pedido 24-48h;66,13 € + IVA;https://desguacesmadridnorte.com/70780-pieza.html
70782;6544LE60C;Amortiguador delantero;BMW;Serie 1;116d;2020;Comprobada, funcionando;1 año;En stock;97,27 € + IVA;https://desguacesmadridnorte.com/70782-pieza.html
70785;4255TJ95B;Motor completo;KIA;Sportage;2.0 CRDi;2014;Comprobada, funcionando;1 año;En stock;1.823,39 € + IVA;https://desguacesmadridnorte.com/70785-pieza.html
70787;5685WY74E;Cremallera de dirección;SKODA;Fabia;1.2 TSI;2008;Comprobada, funcionando;1 año;En stock;138,64 € + IVA;https://desguacesmadridnorte.com/70787-pieza.html
70789;6974AX38B;Cinturón de seguridad;SKODA;Octavia;2.0 TDI;2018;Sin comprobar;1 año;Bajo pedido 24-48h;31,35 € + IVA;https://desguacesmadridnorte.com/70789-pieza.html
70790;2325NG93E;Cárter;SEAT;Ateca;1.5 TSI;2021;Sin comprobar;1 año;En stock;72,16 € + IVA;https://desguacesmadridnorte.com/70790-pieza.html
70791;3613KX87C;Compresor aire acondicionado;FORD;Fiesta;1.5 TDCi;2012;Desmontada de vehículo;1 año;En stock;179,84 € + IVA;https://desguacesmadridnorte.com/70791-pieza.html
70792;2149HP74E;Elevalunas delantero izquierdo;BMW;X1;18d;2019;Comprobada, funcionando;1 año;Bajo pedido 24-48h;107,33 € + IVA;https://desguacesmadridnorte.com/70792-pieza.html
70795;4366CK72E;Caja de cambios;SEAT;Ibiza;1.9 TDI;2006;Comprobada, funcionando;1 año;En stock;239,38 € + IVA;https://desguacesmadridnorte.com/70795-pieza.html
70797;4190JM41F;Bomba de agua;SEAT;Ateca;1.5 TSI;2005;Comprobada, funcionando;1 año;Bajo pedido 24-48h;31,16 € + IVA;https://desguacesmadridnorte.com/70797-pieza.html
70800;3484CV55C;Faro delantero izquierdo;TOYOTA;Proace City;1.5 D-4D;2005;Desmontada de vehículo;1 año;En stock;100,98 € + IVA;https://desguacesmadridnorte.com/70800-pieza.html
70803;6924WF62F;Intercooler;RENAULT;Megane;1.6 dCi;2020;Comprobada, funcionando;1 año;Bajo pedido 24-48h;95,13 € + IVA;https://desguacesmadridnorte.com/70803-pieza.html
70806;6754RQ83D;Capó;HYUNDAI;i30;1.4 CRDi;2006;Desmontada de vehículo;1 año;Bajo pedido 24-48h;112,50 € + IVA;https://desguacesmadridnorte.com/70806-pieza.html
70807;1006ZW26F;Caja de cambios;FORD;Fiesta;1.5 TDCi;2014;Comprobada, funcionando;1 año;En stock;269,22 € + IVA;https://desguacesmadridnorte.com/70807-pieza.html
70810;7633YD98B;Bomba de dirección;OPEL;Astra;1.6 CDTI;2010;Desmontada de vehículo;1 año;En stock;100,49 € + IVA;https://desguacesmadridnorte.com/70810-pieza.html
70811;5848XG47D;Elevalunas delantero izquierdo;VOLKSWAGEN;Passat;1.6 TDI;2006;Sin comprobar;1 año;Bajo pedido 24-48h;50,38 € + IVA;https://desguacesmadridnorte.com/70811-pieza.html
70813;5588HD52D;Puerta delantera derecha;CITROEN;C4;1.6 VTi;2010;Comprobada, funcionando;1 año;En stock;247,26 € + IVA;https://desguacesmadridnorte.com/70813-pieza.html
70814;7203HS31C;Alternador;AUDI;A3;1.4 TFSI;2008;Desmontada de vehículo;1 año;En stock;113,41 € + IVA;https://desguacesmadridnorte.com/70814-pieza.html
70816;2806HV84D;Puerta delantera derecha;NISSAN;Qashqai;1.5 dCi;2018;Comprobada, funcionando;1 año;En stock;306,15 € + IVA;https://desguacesmadridnorte.com/70816-pieza.html
70818;3128WR83C;Capó;CITROEN;C4;1.6 HDi;2017;Desmontada de vehículo;1 año;En stock;216,59 € + IVA;https://desguacesmadridnorte.com/70818-pieza.html
70819;8900XY90B;Paso de rueda trasero izquierdo;CITROEN;C3;1.2 PureTech;2005;Comprobada, funcionando;1 año;En stock;18,43 € + IVA;https://desguacesmadridnorte.com/70819-pieza.html
70821;5608RC70E;Compresor aire acondicionado;RENAULT;Clio;1.5 dCi;2019;Comprobada, funcionando;1 año;Bajo pedido 24-48h;120,89 € + IVA;https://desguacesmadridnorte.com/70821-pieza.html
70823;2209JR12B;Compresor aire acondicionado;NISSAN;Qashqai;1.5 dCi;2013;Comprobada, funcionando;1 año;En stock;287,22 € + IVA;https://desguacesmadridnorte.com/70823-pieza.html
70824;6589MF13C;Puerta delantera izquierda;HYUNDAI;Tucson;2.0 CRDi;2019;Sin comprobar;1 año;En stock;218,03 € + IVA;https://desguacesmadridnorte.com/70824-pieza.html
70825;9476KB49B;Retrovisor izquierdo;BMW;Serie 1;116d;2008;Desmontada de vehículo;1 año;Bajo pedido 24-48h;110,77 € + IVA;https://desguacesmadridnorte.com/70825-pieza.html
70828;3015DC34A;Cárter;AUDI;Q3;1.4 TFSI;2016;Desmontada de vehículo;1 año;En stock;76,18 € + IVA;https://desguacesmadridnorte.com/70828-pieza.html
70831;8944TM23D;Portón trasero;KIA;Sportage;1.7 CRDi;2011;Desmontada de vehículo;1 año;Bajo pedido 24-48h;265,95 € + IVA;https://desguacesmadridnorte.com/70831-pieza.html
70832;2272NN27A;Retrovisor derecho;AUDI;Q3;1.4 TFSI;2020;Comprobada, funcionando;1 año;En stock;54,56 € + IVA;https://desguacesmadridnorte.com/70832-pieza.html
70835;5267MX10B;Motor de arranque;SEAT;Ibiza;1.9 TDI;2015;Sin comprobar;1 año;En stock;138,08 € + IVA;https://desguacesmadridnorte.com/70835-pieza.html
70838;7738LA64C;Paso de rueda trasero izquierdo;VOLKSWAGEN;Golf;2.0 TDI;2008;Comprobada, funcionando;1 año;En stock;41,18 € + IVA;https://desguacesmadridnorte.com/70838-pieza.html
70840;8202YB95C;Colector de admisión;FORD;Fiesta;1.0 EcoBoost;2019;Sin comprobar;1 año;En stock;72,62 € + IVA;https://desguacesmadridnorte.com/70840-pieza.html
70841;3007KM80F;Parachoques delantero;RENAULT;Megane;1.6 dCi;2019;Comprobada, funcionando;1 año;Bajo pedido 24-48h;214,58 € + IVA;https://desguacesmadridnorte.com/70841-pieza.html
70844;9870VT14F;Motor de arranque;RENAULT;Megane;1.6 dCi;2017;Comprobada, funcionando;1 año;En stock;145,17 € + IVA;https://desguacesmadridnorte.com/70844-pieza.html
70847;6568FB51B;Módulo electrónico;KIA;Ceed;1.6 CRDi;2009;Comprobada, funcionando;1 año;En stock;163,99 € + IVA;https://desguacesmadridnorte.com/70847-pieza.html
70850;5356BA34C;Retrovisor derecho;SEAT;Ibiza;1.9 TDI;2013;Comprobada, funcionando;1 año;En stock;135,82 € + IVA;https://desguacesmadridnorte.com/70850-pieza.html
70851;4569YK85E;Turbo;KIA;Sportage;1.7 CRDi;2009;Comprobada, funcionando;1 año;En stock;307,05 € + IVA;https://desguacesmadridnorte.com/70851-pieza.html
70854;7317ZQ95C;Aleta delantera izquierda;FORD;Focus;2.0 TDCi;2018;Comprobada, funcionando;1 año;Bajo pedido 24-48h;146,68 € + IVA;https://desguacesmadridnorte.com/70854-pieza.html
70855;2482VW18C;Compresor aire acondicionado;NISSAN;Qashqai;1.6 dCi;2014;Comprobada, funcionando;1 año;En stock;198,24 € + IVA;https://desguacesmadridnorte.com/70855-pieza.html
70858;9543CP72F;Centralita motor;VOLKSWAGEN;Passat;2.0 TDI;2019;Comprobada, funcionando;1 año;Bajo pedido 24-48h;204,91 € + IVA;https://desguacesmadridnorte.com/70858-pieza.html
70861;3635CK39C;Faro delantero derecho;FORD;Fusion;1.4 TDCi;2018;Comprobada, funcionando;1 año;En stock;52,51 € + IVA;https://desguacesmadridnorte.com/70861-pieza.html
70863;6494YM35F;Faro delantero izquierdo;FORD;Focus;2.0 TDCi;2014;Comprobada, funcionando;1 año;Bajo pedido 24-48h;220,88 € + IVA;https://desguacesmadridnorte.com/70863-pieza.html
70864;9894RL85A;Intercooler;OPEL;Corsa;1.2 16v;2011;Comprobada, funcionando;1 año;Bajo pedido 24-48h;45,42 € + IVA;https://desguacesmadridnorte.com/70864-pieza.html
70867;8094BV70E;Piloto trasero derecho;VOLKSWAGEN;Passat;2.0 TDI;2011;Sin comprobar;1 año;En stock;77,42 € + IVA;https://desguacesmadridnorte.com/70867-pieza.html
70870;6035FF36A;Motor completo;SEAT;León;1.6 TDI;2007;Desmontada de vehículo;1 año;Bajo pedido 24-48h;1.521,89 € + IVA;https://desguacesmadridnorte.com/70870-pieza.html
70871;2517LV24A;Motor de arranque;SKODA;Fabia;1.2 TSI;2017;Desmontada de vehículo;1 año;En stock;44,15 € + IVA;https://desguacesmadridnorte.com/70871-pieza.html
70872;3896HT68D;Compresor aire acondicionado;VOLKSWAGEN;Passat;2.0 TDI;2006;Comprobada, funcionando;1 año;Bajo pedido 24-48h;160,30 € + IVA;https://desguacesmadridnorte.com/70872-pieza.html
70875;7976VD54D;Cuadro de instrumentos;OPEL;Astra;1.6 CDTI;2015;Comprobada, funcionando;1 año;En stock;151,97 € + IVA;https://desguacesmadridnorte.com/70875-pieza.html
70877;7781YK61E;Piloto trasero izquierdo;FORD;Focus;1.6 TDCi;2014;Comprobada, funcionando;1 año;Bajo pedido 24-48h;38,32 € + IVA;https://desguacesmadridnorte.com/70877-pieza.html
70878;6972GC57B;Parachoques delantero;FORD;Fusion;1.4 TDCi;2005;Comprobada, funcionando;1 año;Bajo pedido 24-48h;70,51 € + IVA;https://desguacesmadridnorte.com/70878-pieza.html
70880;4290HR65E;Aleta delantera izquierda;HYUNDAI;i30;1.6 CRDi;2010;Desmontada de vehículo;1 año;En stock;118,82 € + IVA;https://desguacesmadridnorte.com/70880-pieza.html
70881;6631GY81A;Portón trasero;CITROEN;C3;1.2 PureTech;2019;Comprobada, funcionando;1 año;En stock;207,74 € + IVA;https://desguacesmadridnorte.com/70881-pieza.html
70882;6646ZB76E;Caja de cambios;OPEL;Corsa;1.3 CDTI;2017;Sin comprobar;1 año;Bajo pedido 24-48h;614,22 € + IVA;https://desguacesmadridnorte.com/70882-pieza.html
70883;8029JL74A;Portón trasero;VOLKSWAGEN;Passat;2.0 TDI;2021;Desmontada de vehículo;1 año;En stock;186,56 € + IVA;https://desguacesmadridnorte.com/70883-pieza.html
70886;4280MT49F;Bomba de dirección;PEUGEOT;3008;1.6 HDi;2020;Desmontada de vehículo;1 año;En stock;132,56 € + IVA;https://desguacesmadridnorte.com/70886-pieza.html
70888;2061QR59C;Caja de cambios;KIA;Ceed;1.6 CRDi;2015;Comprobada, funcionando;1 año;En stock;668,89 € + IVA;https://desguacesmadridnorte.com/70888-pieza.html
70891;2659XN52C;Colector de admisión;CITROEN;C3;1.2 PureTech;2009;Comprobada, funcionando;1 año;En stock;81,77 € + IVA;https://desguacesmadridnorte.com/70891-pieza.html
70893;9795PQ11D;Motor completo;TOYOTA;Proace City;1.5 D-4D;2014;Desmontada de vehículo;1 año;Bajo pedido 24-48h;1.919,77 € + IVA;https://desguacesmadridnorte.com/70893-pieza.html
70895;1610SJ93F;Puerta trasera izquierda;NISSAN;Juke;1.2 DIG-T;2009;Comprobada, funcionando;1 año;En stock;173,22 € + IVA;https://desguacesmadridnorte.com/70895-pieza.html
70898;5945JZ32F;Retrovisor izquierdo;VOLKSWAGEN;Golf;2.0 TDI;2010;Comprobada, funcionando;1 año;Bajo pedido 24-48h;97,98 € + IVA;https://desguacesmadridnorte.com/70898-pieza.html
70901;5177LM10E;Faro delantero izquierdo;PEUGEOT;208;1.4 HDi;2017;Comprobada, funcionando;1 año;Bajo pedido 24-48h;187,29 € + IVA;https://desguacesmadridnorte.com/70901-pieza.html
70903;3586RB88B;Piloto trasero izquierdo;HYUNDAI;i30;1.6 CRDi;2006;Comprobada, funcionando;1 año;En stock;31,44 € + IVA;https://desguacesmadridnorte.com/70903-pieza.html
70904;9511NP33B;Módulo electrónico;CITROEN;C3;1.2 PureTech;2005;Comprobada, funcionando;1 año;En stock;144,82 € + IVA;https://desguacesmadridnorte.com/70904-pieza.html
70907;8158KF80C;Aleta delantera izquierda;PEUGEOT;208;1.6 HDi;2018;Comprobada, funcionando;1 año;En stock;154,89 € + IVA;https://desguacesmadridnorte.com/70907-pieza.html
70910;2972PC56F;Airbag volante;CITROEN;C3;1.2 PureTech;2020;Comprobada, funcionando;1 año;En stock;88,81 € + IVA;https://desguacesmadridnorte.com/70910-pieza.html
70913;4289MS16C;Retrovisor derecho;TOYOTA;Corolla;1.8 Hybrid;2008;Desmontada de vehículo;1 año;En stock;92,79 € + IVA;https://desguacesmadridnorte.com/70913-pieza.html
70914;7933QP96D;Bomba de agua;AUDI;A4;2.0 TDI;2013;Comprobada, funcionando;1 año;En stock;87,46 € + IVA;https://desguacesmadridnorte.com/70914-pieza.html
70915;3740PN73F;Paso de rueda trasero izquierdo;SEAT;Ibiza;1.9 TDI;2008;Desmontada de vehículo;1 año;En stock;17,75 € + IVA;https://desguacesmadridnorte.com/70915-pieza.html
70916;6552JJ75A;Amortiguador delantero;MERCEDES-BENZ;CLA;200 CDI;2008;Desmontada de vehículo;1 año;En stock;73,66 € + IVA;https://desguacesmadridnorte.com/70916-pieza.html
70919;4935FK70B;Cinturón de seguridad;MERCEDES-BENZ;Clase A;200 CDI;2006;Desmontada de vehículo;1 año;Bajo pedido 24-48h;44,77 € + IVA;https://desguacesmadridnorte.com/70919-pieza.html
70920;6284ST98F;Caja de cambios;SKODA;Fabia;1.2 TSI;2021;Comprobada, funcionando;1 año;Bajo pedido 24-48h;491,56 € + IVA;https://desguacesmadridnorte.com/70920-pieza.html
70922;2295GE46A;Piloto trasero derecho;HYUNDAI;i30;1.4 CRDi;2012;Desmontada de vehículo;1 año;En stock;32,40 € + IVA;https://desguacesmadridnorte.com/70922-pieza.html
70923;2147MZ69B;Intercooler;OPEL;Corsa;1.3 CDTI;2021;Desmontada de vehículo;1 año;Bajo pedido 24-48h;136,93 € + IVA;https://desguacesmadridnorte.com/70923-pieza.html
70924;3762HN45F;Intercooler;SEAT;León;1.6 TDI;2013;Comprobada, funcionando;1 año;Bajo pedido 24-48h;184,87 € + IVA;https://desguacesmadridnorte.com/70924-pieza.html
70925;5041XL79E;Piloto trasero derecho;SEAT;León;1.6 TDI;2017;Comprobada, funcionando;1 año;Bajo pedido 24-48h;44,44 € + IVA;https://desguacesmadridnorte.com/70925-pieza.html
70928;6708XN20F;Radiador;NISSAN;Juke;1.5 dCi;2007;Comprobada, funcionando;1 año;En stock;61,55 € + IVA;https://desguacesmadridnorte.com/70928-pieza.html
70929;2524WS24D;Colector de admisión;PEUGEOT;208;1.4 HDi;2017;Desmontada de vehículo;1 año;En stock;65,04 € + IVA;https://desguacesmadridnorte.com/70929-pieza.html
70931;7851RM29E;Paso de rueda trasero izquierdo;SKODA;Fabia;1.4 TDI;2016;Comprobada, funcionando;1 año;En stock;26,79 € + IVA;https://desguacesmadridnorte.com/70931-pieza.html
70933;5110BK99F;Intercooler;OPEL;Astra;1.6 CDTI;2008;Comprobada, funcionando;1 año;En stock;109,40 € + IVA;https://desguacesmadridnorte.com/70933-pieza.html
70936;2411SW64C;Cuadro de instrumentos;KIA;Ceed;1.4 CRDi;2018;Sin comprobar;1 año;En stock;125,17 € + IVA;https://desguacesmadridnorte.com/70936-pieza.html
70939;1154FQ42B;Intercooler;CITROEN;C4;1.6 HDi;2018;Sin comprobar;1 año;En stock;61,97 € + IVA;https://desguacesmadridnorte.com/70939-pieza.html
70940;2287RC50B;Piloto trasero izquierdo;FORD;Fusion;1.4 TDCi;2011;Comprobada, funcionando;1 año;En stock;50,89 € + IVA;https://desguacesmadridnorte.com/70940-pieza.html
70941;9100VZ52D;Cuadro de instrumentos;KIA;Sportage;2.0 CRDi;2007;Sin comprobar;1 año;En stock;130,91 € + IVA;https://desguacesmadridnorte.com/70941-pieza.html
70943;3837WF44B;Turbo;TOYOTA;Corolla;1.8 Hybrid;2016;Comprobada, funcionando;1 año;Bajo pedido 24-48h;478,13 € + IVA;https://desguacesmadridnorte.com/70943-pieza.html
70945;7901SX88B;Cuadro de instrumentos;NISSAN;Qashqai;1.5 dCi;2006;Comprobada, funcionando;1 año;En stock;154,59 € + IVA;https://desguacesmadridnorte.com/70945-pieza.html
70946;1820TK48E;Puerta trasera izquierda;KIA;Ceed;1.6 CRDi;2012;Desmontada de vehículo;1 año;Bajo pedido 24-48h;181,96 € + IVA;https://desguacesmadridnorte.com/70946-pieza.html
70949;9980YX43D;Portón trasero;FORD;Fusion;1.4 TDCi;2009;Comprobada, funcionando;1 año;En stock;149,32 € + IVA;https://desguacesmadridnorte.com/70949-pieza.html
70950;9026PE64D;Intercooler;CITROEN;C4;1.6 VTi;2020;Comprobada, funcionando;1 año;En stock;167,85 € + IVA;https://desguacesmadridnorte.com/70950-pieza.html
70952;5168RR95B;Centralita motor;MERCEDES-BENZ;Clase A;200 CDI;2014;Sin comprobar;1 año;En stock;161,43 € + IVA;https://desguacesmadridnorte.com/70952-pieza.html
70954;7640EE10C;Puerta trasera izquierda;SEAT;Ibiza;1.6 TDI;2016;Desmontada de vehículo;1 año;Bajo pedido 24-48h;155,00 € + IVA;https://desguacesmadridnorte.com/70954-pieza.html
70955;1922BD41F;Bomba de dirección;SEAT;Ibiza;1.6 TDI;2021;Comprobada, funcionando;1 año;Bajo pedido 24-48h;107,39 € + IVA;https://desguacesmadridnorte.com/70955-pieza.html
70956;8933BG67A;Elevalunas delantero izquierdo;SKODA;Octavia;2.0 TDI;2014;Comprobada, funcionando;1 año;Bajo pedido 24-48h;73,72 € + IVA;https://desguacesmadridnorte.com/70956-pieza.html
70957;9912XL57E;Faro delantero izquierdo;KIA;Sportage;2.0 CRDi;2009;Comprobada, funcionando;1 año;En stock;167,09 € + IVA;https://desguacesmadridnorte.com/70957-pieza.html
70958;1522WM76D;Radiador;HYUNDAI;i30;1.4 CRDi;2006;Comprobada, funcionando;1 año;En stock;113,73 € + IVA;https://desguacesmadridnorte.com/70958-pieza.html
70960;1531XK28B;Catalizador;RENAULT;Captur;0.9 TCe;2012;Comprobada, funcionando;1 año;Bajo pedido 24-48h;89,54 € + IVA;https://desguacesmadridnorte.com/70960-pieza.html
70961;4921VZ87D;Capó;FORD;Fiesta;1.0 EcoBoost;2016;Comprobada, funcionando;1 año;En stock;90,41 € + IVA;https://desguacesmadridnorte.com/70961-pieza.html
70964;1296VA50B;Caja de cambios;OPEL;Corsa;1.3 CDTI;2011;Comprobada, funcionando;1 año;En stock;288,44 € + IVA;https://desguacesmadridnorte.com/70964-pieza.html
70966;2700FG27C;Elevalunas delantero izquierdo;PEUGEOT;3008;1.6 HDi;2010;Comprobada, funcionando;1 año;En stock;74,12 € + IVA;https://desguacesmadridnorte.com/70966-pieza.html
70967;1804LH22A;Parachoques trasero;KIA;Sportage;2.0 CRDi;2020;Comprobada, funcionando;1 año;En stock;216,92 € + IVA;https://desguacesmadridnorte.com/70967-pieza.html
70970;4195LB89F;Amortiguador delantero;CITROEN;C3;1.4 HDi;2021;Sin comprobar;1 año;En stock;64,20 € + IVA;https://desguacesmadridnorte.com/70970-pieza.html
70973;4906WC60B;Cuadro de instrumentos;NISSAN;Juke;1.5 dCi;2014;Comprobada, funcionando;1 año;Bajo pedido 24-48h;174,85 € + IVA;https://desguacesmadridnorte.com/70973-pieza.html
70974;1734QG89C;Airbag volante;MERCEDES-BENZ;Clase E Coupé;220 CDI;2011;Comprobada, funcionando;1 año;En stock;372,78 € + IVA;https://desguacesmadridnorte.com/70974-pieza.html
70977;9394FQ54B;Faro delantero derecho;KIA;Ceed;1.6 CRDi;2018;Comprobada, funcionando;1 año;En stock;217,99 € + IVA;https://desguacesmadridnorte.com/70977-pieza.html
70978;5719ZJ51C;Turbo;RENAULT;Clio;1.2 16v;2007;Comprobada, funcionando;1 año;En stock;114,58 € + IVA;https://desguacesmadridnorte.com/70978-pieza.html
70981;5798MA85D;Motor completo;SEAT;Ibiza;1.9 TDI;2017;Comprobada, funcionando;1 año;En stock;976,13 € + IVA;https://desguacesmadridnorte.com/70981-pieza.html
70984;4912YH84A;Airbag volante;SEAT;Ibiza;1.9 TDI;2006;Desmontada de vehículo;1 año;En stock;62,46 € + IVA;https://desguacesmadridnorte.com/70984-pieza.html
70987;6385YE63C;Portón trasero;RENAULT;Megane;1.5 dCi;2016;Desmontada de vehículo;1 año;En stock;297,87 € + IVA;https://desguacesmadridnorte.com/70987-pieza.html
70990;3452JH27B;Cremallera de dirección;MERCEDES-BENZ;CLA;200 CDI;2006;Comprobada, funcionando;1 año;En stock;216,78 € + IVA;https://desguacesmadridnorte.com/70990-pieza.html
70991;4648JK43D;Cerradura puerta delantera;KIA;Ceed;1.4 CRDi;2005;Desmontada de vehículo;1 año;En stock;44,05 € + IVA;https://desguacesmadridnorte.com/70991-pieza.html
70993;4063DY39C;Colector de admisión;OPEL;Corsa;1.2 16v;2006;Comprobada, funcionando;1 año;Bajo pedido 24-48h;101,09 € + IVA;https://desguacesmadridnorte.com/70993-pieza.html
70994;2965FD25A;Cremallera de dirección;NISSAN;Juke;1.5 dCi;2008;Comprobada, funcionando;1 año;En stock;205,28 € + IVA;https://desguacesmadridnorte.com/70994-pieza.html
70997;1274QC92F;Puerta delantera izquierda;RENAULT;Clio;1.5 dCi;2021;Desmontada de vehículo;1 año;Bajo pedido 24-48h;149,14 € + IVA;https://desguacesmadridnorte.com/70997-pieza.html
71000;1370AH68D;Módulo electrónico;AUDI;Q3;2.0 TDI;2010;Sin comprobar;1 año;En stock;81,43 € + IVA;https://desguacesmadridnorte.com/71000-pieza.html
71002;1008XG26E;Piloto trasero derecho;KIA;Sportage;2.0 CRDi;2007;Desmontada de vehículo;1 año;En stock;55,12 € + IVA;https://desguacesmadridnorte.com/71002-pieza.html
71004;6207QE70A;Centralita motor;SEAT;León;2.0 TDI;2010;Comprobada, funcionando;1 año;En stock;310,48 € + IVA;https://desguacesmadridnorte.com/71004-pieza.html
71005;1815CJ55A;Retrovisor derecho;PEUGEOT;3008;2.0 HDi;2008;Comprobada, funcionando;1 año;Bajo pedido 24-48h;38,81 € + IVA;https://desguacesmadridnorte.com/71005-pieza.html
71008;8795SW12B;Alternador;NISSAN;Qashqai;1.6 dCi;2009;Comprobada, funcionando;1 año;Bajo pedido 24-48h;74,38 € + IVA;https://desguacesmadridnorte.com/71008-pieza.html
71011;6622CM20E;Cerradura puerta delantera;MERCEDES-BENZ;Clase E Coupé;250 CDI;2009;Comprobada, funcionando;1 año;En stock;62,55 € + IVA;https://desguacesmadridnorte.com/71011-pieza.html
71012;4163XB70F;Radiador;OPEL;Astra;1.6 CDTI;2015;Desmontada de vehículo;1 año;Bajo pedido 24-48h;117,44 € + IVA;https://desguacesmadridnorte.com/71012-pieza.html
71013;2313VT50A;Motor completo;SEAT;León;1.6 TDI;2012;Desmontada de vehículo;1 año;En stock;1.798,91 € + IVA;https://desguacesmadridnorte.com/71013-pieza.html
71014;4153NC56D;Catalizador;CITROEN;C4;1.6 HDi;2013;Comprobada, funcionando;1 año;En stock;229,20 € + IVA;https://desguacesmadridnorte.com/71014-pieza.html
71016;4896YF11C;Airbag volante;FORD;Focus;2.0 TDCi;2010;Comprobada, funcionando;1 año;Bajo pedido 24-48h;181,73 € + IVA;https://desguacesmadridnorte.com/71016-pieza.html
71019;3343VR47E;Elevalunas delantero izquierdo;SEAT;Ibiza;1.9 TDI;2005;Desmontada de vehículo;1 año;Bajo pedido 24-48h;45,07 € + IVA;https://desguacesmadridnorte.com/71019-pieza.html
71020;5658NJ88C;Centralita motor;CITROEN;C4;1.6 HDi;2012;Desmontada de vehículo;1 año;En stock;161,94 € + IVA;https://desguacesmadridnorte.com/71020-pieza.html
71023;4096LC72B;Turbo;MERCEDES-BENZ;Clase E Coupé;250 CDI;2014;Desmontada de vehículo;1 año;Bajo pedido 24-48h;985,12 € + IVA;https://desguacesmadridnorte.com/71023-pieza.html
71026;6591PZ98A;Parachoques delantero;TOYOTA;Corolla;1.8 Hybrid;2018;Comprobada, funcionando;1 año;Bajo pedido 24-48h;241,09 € + IVA;https://desguacesmadridnorte.com/71026-pieza.html
71027;4171NJ40C;Parachoques trasero;FORD;Fusion;1.4 TDCi;2018;Comprobada, funcionando;1 año;En stock;68,74 € + IVA;https://desguacesmadridnorte.com/71027-pieza.html
71029;6814PH98E;Puerta trasera izquierda;TOYOTA;Proace City;1.5 D-4D;2010;Comprobada, funcionando;1 año;En stock;246,16 € + IVA;https://desguacesmadridnorte.com/71029-pieza.html
71030;2289JK62D;Paso de rueda trasero izquierdo;KIA;Ceed;1.4 CRDi;2009;Desmontada de vehículo;1 año;En stock;19,91 € + IVA;https://desguacesmadridnorte.com/71030-pieza.html
71031;9540DQ43B;Cremallera de dirección;SEAT;Ibiza;1.9 TDI;2013;Desmontada de vehículo;1 año;Bajo pedido 24-48h;222,33 € + IVA;https://desguacesmadridnorte.com/71031-pieza.html
71034;9131DX86D;Intercooler;KIA;Sportage;1.7 CRDi;2010;Desmontada de vehículo;1 año;En stock;59,93 € + IVA;https://desguacesmadridnorte.com/71034-pieza.html
71035;8106DT96D;Cárter;MERCEDES-BENZ;CLA;180 CDI;2017;Desmontada de vehículo;1 año;En stock;52,15 € + IVA;https://desguacesmadridnorte.com/71035-pieza.html
71037;9817LC93C;Cerradura puerta delantera;SKODA;Octavia;2.0 TDI;2019;Desmontada de vehículo;1 año;Bajo pedido 24-48h;34,87 € + IVA;https://desguacesmadridnorte.com/71037-pieza.html
71040;6750FQ17C;Cerradura puerta delantera;FORD;Focus;2.0 TDCi;2019;Comprobada, funcionando;1 año;En stock;72,03 € + IVA;https://desguacesmadridnorte.com/71040-pieza.html
71043;2492JF15F;Aleta delantera izquierda;MERCEDES-BENZ;CLA;200 CDI;2005;Comprobada, funcionando;1 año;En stock;104,09 € + IVA;https://desguacesmadridnorte.com/71043-pieza.html
71045;2828YJ96F;Centralita motor;OPEL;Astra;1.7 CDTI;2015;Desmontada de vehículo;1 año;Bajo pedido 24-48h;210,19 € + IVA;https://desguacesmadridnorte.com/71045-pieza.html
71048;2878RW19D;Caja de cambios;CITROEN;C4;1.6 HDi;2020;Desmontada de vehículo;1 año;En stock;907,44 € + IVA;https://desguacesmadridnorte.com/71048-pieza.html
71051;9732SC12F;Retrovisor derecho;SKODA;Octavia;2.0 TDI;2020;Comprobada, funcionando;1 año;Bajo pedido 24-48h;77,40 € + IVA;https://desguacesmadridnorte.com/71051-pieza.html
71053;4330AQ96B;Portón trasero;OPEL;Astra;1.7 CDTI;2017;Comprobada, funcionando;1 año;En stock;281,64 € + IVA;https://desguacesmadridnorte.com/71053-pieza.html
71055;1961XF13F;Elevalunas delantero izquierdo;OPEL;Corsa;1.3 CDTI;2017;Comprobada, funcionando;1 año;En stock;57,31 € + IVA;https://desguacesmadridnorte.com/71055-pieza.html
71057;1931MG75E;Caja de cambios;PEUGEOT;308;2.0 HDi;2008;Comprobada, funcionando;1 año;En stock;417,76 € + IVA;https://desguacesmadridnorte.com/71057-pieza.html
71059;5482AH85F;Piloto trasero izquierdo;MERCEDES-BENZ;Clase E Coupé;250 CDI;2016;Comprobada, funcionando;1 año;En stock;119,07 € + IVA;https://desguacesmadridnorte.com/71059-pieza.html
71062;6272DC47F;Turbo;TOYOTA;Proace City;1.5 D-4D;2010;Sin comprobar;1 año;Bajo pedido 24-48h;142,89 € + IVA;https://desguacesmadridnorte.com/71062-pieza.html
71064;9418SP42E;Módulo electrónico;BMW;Serie 1;116d;2006;Comprobada, funcionando;1 año;Bajo pedido 24-48h;62,19 € + IVA;https://desguacesmadridnorte.com/71064-pieza.html
71065;3308WC60E;Cremallera de dirección;MERCEDES-BENZ;Clase A;200 CDI;2009;Comprobada, funcionando;1 año;Bajo pedido 24-48h;122,68 € + IVA;https://desguacesmadridnorte.com/71065-pieza.html
71066;9207QY95A;Módulo electrónico;BMW;Serie 1;118d;2005;Comprobada, funcionando;1 año;Bajo pedido 24-48h;202,53 € + IVA;https://desguacesmadridnorte.com/71066-pieza.html
71068;3830JG97C;Airbag volante;SEAT;Ateca;2.0 TDI;2014;Desmontada de vehículo;1 año;Bajo pedido 24-48h;238,24 € + IVA;https://desguacesmadridnorte.com/71068-pieza.html
71070;9964ZY36F;Bomba de agua;SKODA;Octavia;2.0 TDI;2008;Sin comprobar;1 año;En stock;64,23 € + IVA;https://desguacesmadridnorte.com/71070-pieza.html
71073;9670ZE47B;Cuadro de instrumentos;RENAULT;Megane;1.5 dCi;2005;Comprobada, funcionando;1 año;En stock;81,87 € + IVA;https://desguacesmadridnorte.com/71073-pieza.html
71075;3102PE75E;Cremallera de dirección;HYUNDAI;i30;1.6 CRDi;2020;Comprobada, funcionando;1 año;En stock;220,80 € + IVA;https://desguacesmadridnorte.com/71075-pieza.html
71078;3187ZK77C;Puerta trasera izquierda;BMW;Serie 3;320d;2012;Comprobada, funcionando;1 año;En stock;265,81 € + IVA;https://desguacesmadridnorte.com/71078-pieza.html
71081;7062LL50F;Caja de cambios;NISSAN;Juke;1.2 DIG-T;2021;Comprobada, funcionando;1 año;Bajo pedido 24-48h;247,75 € + IVA;https://desguacesmadridnorte.com/71081-pieza.html
71083;4680QL98F;Portón trasero;BMW;Serie 3;330i;2016;Comprobada, funcionando;1 año;Bajo pedido 24-48h;291,08 € + IVA;https://desguacesmadridnorte.com/71083-pieza.html
71084;3339AK81C;Capó;KIA;Ceed;1.6 CRDi;2015;Desmontada de vehículo;1 año;En stock;100,12 € + IVA;https://desguacesmadridnorte.com/71084-pieza.html
71085;3840WZ10B;Portón trasero;AUDI;Q3;1.4 TFSI;2014;Comprobada, funcionando;1 año;En stock;321,39 € + IVA;https://desguacesmadridnorte.com/71085-pieza.html
71087;7673ME68C;Parachoques trasero;NISSAN;Qashqai;1.5 dCi;2017;Comprobada, funcionando;1 año;En stock;93,87 € + IVA;https://desguacesmadridnorte.com/71087-pieza.html
71089;6126NM95B;Cerradura puerta delantera;FORD;Fiesta;1.5 TDCi;2005;Comprobada, funcionando;1 año;Bajo pedido 24-48h;32,32 € + IVA;https://desguacesmadridnorte.com/71089-pieza.html
71091;9113YN24E;Módulo electrónico;MERCEDES-BENZ;CLA;200 CDI;2005;Comprobada, funcionando;1 año;Bajo pedido 24-48h;96,42 € + IVA;https://desguacesmadridnorte.com/71091-pieza.html
71094;7043ZF36D;Motor completo;SKODA;Octavia;1.6 TDI;2019;Comprobada, funcionando;1 año;En stock;2.034,20 € + IVA;https://desguacesmadridnorte.com/71094-pieza.html
71096;5577LD47D;Puerta trasera izquierda;NISSAN;Qashqai;1.6 dCi;2009;Comprobada, funcionando;1 año;Bajo pedido 24-48h;195,70 € + IVA;https://desguacesmadridnorte.com/71096-pieza.html
71097;2927XC87C;Cremallera de dirección;NISSAN;Qashqai;1.6 dCi;2012;Comprobada, funcionando;1 año;En stock;216,22 € + IVA;https://desguacesmadridnorte.com/71097-pieza.html
71098;9465PD94A;Puerta delantera izquierda;KIA;Sportage;2.0 CRDi;2015;Desmontada de vehículo;1 año;En stock;263,26 € + IVA;https://desguacesmadridnorte.com/71098-pieza.html
71099;3385XC45A;Faro delantero izquierdo;FORD;Fusion;1.4 TDCi;2010;Comprobada, funcionando;1 año;En stock;71,40 € + IVA;https://desguacesmadridnorte.com/71099-pieza.html
71101;2984DV86B;Parachoques delantero;FORD;Fusion;1.4 TDCi;2009;Comprobada, funcionando;1 año;En stock;102,22 € + IVA;https://desguacesmadridnorte.com/71101-pieza.html
71102;4436AV58E;Portón trasero;MERCEDES-BENZ;CLA;180 CDI;2019;Comprobada, funcionando;1 año;Bajo pedido 24-48h;351,88 € + IVA;https://desguacesmadridnorte.com/71102-pieza.html
71105;9491ZT61D;Colector de admisión;SEAT;Ateca;2.0 TDI;2017;Desmontada de vehículo;1 año;En stock;83,88 € + IVA;https://desguacesmadridnorte.com/71105-pieza.html
71108;9103CV34E;Airbag volante;CITROEN;C4;1.6 VTi;2008;Desmontada de vehículo;1 año;En stock;183,59 € + IVA;https://desguacesmadridnorte.com/71108-pieza.html
71111;6788FX27B;Puerta delantera derecha;SEAT;León;1.6 TDI;2021;Comprobada, funcionando;1 año;En stock;163,18 € + IVA;https://desguacesmadridnorte.com/71111-pieza.html
71112;2583XP16A;Faro delantero derecho;PEUGEOT;3008;2.0 HDi;2017;Comprobada, funcionando;1 año;En stock;150,82 € + IVA;https://desguacesmadridnorte.com/71112-pieza.html
71113;4174DA65E;Cerradura puerta delantera;AUDI;A3;1.4 TFSI;2007;Desmontada de vehículo;1 año;Bajo pedido 24-48h;74,91 € + IVA;https://desguacesmadridnorte.com/71113-pieza.html
71114;4490WY24F;Parachoques delantero;PEUGEOT;308;1.6 HDi;2011;Comprobada, funcionando;1 año;Bajo pedido 24-48h;183,99 € + IVA;https://desguacesmadridnorte.com/71114-pieza.html
71116;2919EZ69C;Cuadro de instrumentos;NISSAN;Qashqai;1.5 dCi;2009;Comprobada, funcionando;1 año;En stock;149,15 € + IVA;https://desguacesmadridnorte.com/71116-pieza.html
71118;5053PB32E;Cárter;FORD;Fiesta;1.5 TDCi;2018;Comprobada, funcionando;1 año;Bajo pedido 24-48h;46,73 € + IVA;https://desguacesmadridnorte.com/71118-pieza.html
71119;9750XZ31D;Bomba de agua;SEAT;Ateca;1.5 TSI;2019;Desmontada de vehículo;1 año;Bajo pedido 24-48h;34,27 € + IVA;https://desguacesmadridnorte.com/71119-pieza.html
71121;2430BQ42B;Bomba de agua;TOYOTA;Camry;2.5 Hybrid;2009;Sin comprobar;1 año;En stock;80,18 € + IVA;https://desguacesmadridnorte.com/71121-pieza.html
71122;1056HJ73D;Aleta delantera izquierda;HYUNDAI;i30;1.6 CRDi;2006;Desmontada de vehículo;1 año;Bajo pedido 24-48h;56,76 € + IVA;https://desguacesmadridnorte.com/71122-pieza.html
71125;6487ZG20E;Piloto trasero derecho;CITROEN;C4;1.6 VTi;2008;Comprobada, funcionando;1 año;Bajo pedido 24-48h;63,87 € + IVA;https://desguacesmadridnorte.com/71125-pieza.html
71126;6428NH99F;Cremallera de dirección;SEAT;Ateca;1.5 TSI;2020;Comprobada, funcionando;1 año;En stock;290,51 € + IVA;https://desguacesmadridnorte.com/71126-pieza.html
71128;9684GW58E;Cinturón de seguridad;MERCEDES-BENZ;Clase A;180 CDI;2016;Comprobada, funcionando;1 año;En stock;50,56 € + IVA;https://desguacesmadridnorte.com/71128-pieza.html
71131;2391RN28B;Retrovisor izquierdo;FORD;Fusion;1.4 TDCi;2020;Comprobada, funcionando;1 año;En stock;78,45 € + IVA;https://desguacesmadridnorte.com/71131-pieza.html
71133;6247KE62C;Motor completo;RENAULT;Clio;1.2 16v;2018;Comprobada, funcionando;1 año;En stock;1.045,58 € + IVA;https://desguacesmadridnorte.com/71133-pieza.html
71134;4950BM45F;Alternador;OPEL;Astra;1.7 CDTI;2009;Desmontada de vehículo;1 año;En stock;150,18 € + IVA;https://desguacesmadridnorte.com/71134-pieza.html
71136;4881TD90B;Módulo electrónico;KIA;Ceed;1.4 CRDi;2013;Comprobada, funcionando;1 año;En stock;190,52 € + IVA;https://desguacesmadridnorte.com/71136-pieza.html
71138;7234CA45A;Puerta delantera izquierda;NISSAN;Juke;1.5 dCi;2012;Comprobada, funcionando;1 año;En stock;127,37 € + IVA;https://desguacesmadridnorte.com/71138-pieza.html
71141;9031LQ95B;Capó;MERCEDES-BENZ;Clase A;200 CDI;2012;Sin comprobar;1 año;Bajo pedido 24-48h;238,12 € + IVA;https://desguacesmadridnorte.com/71141-pieza.html
71142;1457BP17C;Cremallera de dirección;OPEL;Astra;1.7 CDTI;2019;Comprobada, funcionando;1 año;Bajo pedido 24-48h;227,83 € + IVA;https://desguacesmadridnorte.com/71142-pieza.html
71143;6904QP47E;Paso de rueda trasero izquierdo;BMW;X1;18d;2019;Comprobada, funcionando;1 año;Bajo pedido 24-48h;61,28 € + IVA;https://desguacesmadridnorte.com/71143-pieza.html
71145;8467HA94E;Paso de rueda trasero izquierdo;SKODA;Fabia;1.2 TSI;2005;Sin comprobar;1 año;Bajo pedido 24-48h;15,63 € + IVA;https://desguacesmadridnorte.com/71145-pieza.html
71148;5491LP53F;Módulo electrónico;PEUGEOT;3008;1.6 HDi;2014;Comprobada, funcionando;1 año;Bajo pedido 24-48h;162,13 € + IVA;https://desguacesmadridnorte.com/71148-pieza.html
71149;8929CC89D;Compresor aire acondicionado;VOLKSWAGEN;Polo;1.2 TSI;2012;Comprobada, funcionando;1 año;Bajo pedido 24-48h;108,23 € + IVA;https://desguacesmadridnorte.com/71149-pieza.html
71152;4291WP65E;Radiador;NISSAN;Qashqai;1.5 dCi;2008;Comprobada, funcionando;1 año;En stock;83,90 € + IVA;https://desguacesmadridnorte.com/71152-pieza.html
71154;5193MW50F;Intercooler;TOYOTA;Corolla;1.4 D-4D;2021;Comprobada, funcionando;1 año;En stock;128,53 € + IVA;https://desguacesmadridnorte.com/71154-pieza.html
71155;9207YF28E;Intercooler;AUDI;A3;1.4 TFSI;2020;Desmontada de vehículo;1 año;En stock;179,71 € + IVA;https://desguacesmadridnorte.com/71155-pieza.html
71156;8629GG72C;Parachoques trasero;AUDI;A3;1.4 TFSI;2015;Comprobada, funcionando;1 año;Bajo pedido 24-48h;160,52 € + IVA;https://desguacesmadridnorte.com/71156-pieza.html
71158;4779LE79C;Amortiguador delantero;OPEL;Astra;1.6 CDTI;2012;Comprobada, funcionando;1 año;Bajo pedido 24-48h;64,15 € + IVA;https://desguacesmadridnorte.com/71158-pieza.html
71160;8514EF54B;Portón trasero;HYUNDAI;Tucson;1.7 CRDi;2010;Comprobada, funcionando;1 año;Bajo pedido 24-48h;273,54 € + IVA;https://desguacesmadridnorte.com/71160-pieza.html
71161;4400LH73C;Parachoques trasero;KIA;Sportage;1.7 CRDi;2019;Desmontada de vehículo;1 año;En stock;227,19 € + IVA;https://desguacesmadridnorte.com/71161-pieza.html
71163;7737BY39A;Turbo;MERCEDES-BENZ;Clase A;180 CDI;2008;Sin comprobar;1 año;Bajo pedido 24-48h;379,49 € + IVA;https://desguacesmadridnorte.com/71163-pieza.html
71164;1668CD70F;Módulo electrónico;PEUGEOT;308;1.6 HDi;2007;Desmontada de vehículo;1 año;En stock;108,36 € + IVA;https://desguacesmadridnorte.com/71164-pieza.html
71165;7041CH19F;Capó;CITROEN;C3;1.4 HDi;2010;Comprobada, funcionando;1 año;Bajo pedido 24-48h;70,86 € + IVA;https://desguacesmadridnorte.com/71165-pieza.html
71168;3740TH48C;Catalizador;HYUNDAI;Tucson;2.0 CRDi;2011;Desmontada de vehículo;1 año;En stock;445,57 € + IVA;https://desguacesmadridnorte.com/71168-pieza.html
71170;7830MJ81E;Puerta delantera derecha;SEAT;León;1.6 TDI;2014;Comprobada, funcionando;1 año;Bajo pedido 24-48h;175,44 € + IVA;https://desguacesmadridnorte.com/71170-pieza.html
71171;2372GC39C;Turbo;BMW;Serie 1;120i;2016;Comprobada, funcionando;1 año;Bajo pedido 24-48h;591,66 € + IVA;https://desguacesmadridnorte.com/71171-pieza.html
71172;5115PB66E;Cárter;RENAULT;Captur;1.5 dCi;2018;Comprobada, funcionando;1 año;En stock;63,72 € + IVA;https://desguacesmadridnorte.com/71172-pieza.html
71175;4881DX55B;Retrovisor izquierdo;PEUGEOT;308;2.0 HDi;2007;Comprobada, funcionando;1 año;Bajo pedido 24-48h;65,87 € + IVA;https://desguacesmadridnorte.com/71175-pieza.html
71176;7888AY58F;Parachoques trasero;KIA;Sportage;2.0 CRDi;2018;Comprobada, funcionando;1 año;En stock;100,60 € + IVA;https://desguacesmadridnorte.com/71176-pieza.html
71177;6174GT76F;Cerradura puerta delantera;SKODA;Octavia;1.6 TDI;2005;Desmontada de vehículo;1 año;En stock;47,95 € + IVA;https://desguacesmadridnorte.com/71177-pieza.html
71178;8855DL94D;Puerta delantera derecha;HYUNDAI;i30;1.4 CRDi;2020;Sin comprobar;1 año;En stock;175,71 € + IVA;https://desguacesmadridnorte.com/71178-pieza.html
71179;3727ZG10B;Centralita motor;SKODA;Octavia;2.0 TDI;2009;Comprobada, funcionando;1 año;Bajo pedido 24-48h;273,54 € + IVA;https://desguacesmadridnorte.com/71179-pieza.html
71180;3270CF84E;Portón trasero;SKODA;Octavia;1.6 TDI;2008;Comprobada, funcionando;1 año;En stock;272,17 € + IVA;https://desguacesmadridnorte.com/71180-pieza.html
71181;1907SM53F;Puerta delantera izquierda;BMW;Serie 3;330i;2006;Comprobada, funcionando;1 año;En stock;282,45 € + IVA;https://desguacesmadridnorte.com/71181-pieza.html
71182;4751NA72B;Piloto trasero izquierdo;NISSAN;Qashqai;1.5 dCi;2016;Sin comprobar;1 año;En stock;52,57 € + IVA;https://desguacesmadridnorte.com/71182-pieza.html
71185;5518DF45A;Motor completo;RENAULT;Megane;1.5 dCi;2007;Comprobada, funcionando;1 año;Bajo pedido 24-48h;1.683,88 € + IVA;https://desguacesmadridnorte.com/71185-pieza.html
71187;2869DK82A;Bomba de dirección;PEUGEOT;3008;2.0 HDi;2019;Desmontada de vehículo;1 año;Bajo pedido 24-48h;144,20 € + IVA;https://desguacesmadridnorte.com/71187-pieza.html
71188;6625RH81E;Intercooler;TOYOTA;Camry;2.5 Hybrid;2009;Sin comprobar;1 año;En stock;60,49 € + IVA;https://desguacesmadridnorte.com/71188-pieza.html
71191;8405BF11A;Módulo electrónico;NISSAN;Juke;1.5 dCi;2006;Comprobada, funcionando;1 año;Bajo pedido 24-48h;101,60 € + IVA;https://desguacesmadridnorte.com/71191-pieza.html
71192;6984SD26D;Portón trasero;SEAT;Ibiza;1.6 TDI;2012;Comprobada, funcionando;1 año;En stock;237,86 € + IVA;https://desguacesmadridnorte.com/71192-pieza.html
71194;1595XY45F;Retrovisor derecho;VOLKSWAGEN;Polo;1.4 TDI;2009;Comprobada, funcionando;1 año;En stock;51,43 € + IVA;https://desguacesmadridnorte.com/71194-pieza.html
71196;2755JW87A;Amortiguador delantero;MERCEDES-BENZ;Clase A;200 CDI;2017;Sin comprobar;1 año;Bajo pedido 24-48h;51,28 € + IVA;https://desguacesmadridnorte.com/71196-pieza.html
71198;6482EE31E;Puerta delantera derecha;SEAT;Ibiza;1.2 TSI;2014;Desmontada de vehículo;1 año;Bajo pedido 24-48h;138,03 € + IVA;https://desguacesmadridnorte.com/71198-pieza.html
71199;5288LP66E;Paso de rueda trasero izquierdo;SKODA;Fabia;1.2 TSI;2008;Desmontada de vehículo;1 año;En stock;28,47 € + IVA;https://desguacesmadridnorte.com/71199-pieza.html
71200;5055PT28D;Capó;AUDI;Q3;2.0 TDI;2020;Comprobada, funcionando;1 año;En stock;273,49 € + IVA;https://desguacesmadridnorte.com/71200-pieza.html
71201;6318XV71B;Puerta delantera derecha;AUDI;Q3;2.0 TDI;2005;Sin comprobar;1 año;En stock;347,78 € + IVA;https://desguacesmadridnorte.com/71201-pieza.html
71204;8926PY69A;Retrovisor derecho;MERCEDES-BENZ;CLA;180 CDI;2016;Desmontada de vehículo;1 año;Bajo pedido 24-48h;91,43 € + IVA;https://desguacesmadridnorte.com/71204-pieza.html
71205;7000LW60F;Parachoques delantero;TOYOTA;Camry;2.5 Hybrid;2007;Desmontada de vehículo;1 año;En stock;245,16 € + IVA;https://desguacesmadridnorte.com/71205-pieza.html
71208;2296PC65B;Motor de arranque;BMW;Serie 3;320d;2017;Desmontada de vehículo;1 año;En stock;125,13 € + IVA;https://desguacesmadridnorte.com/71208-pieza.html
71210;2225KZ24D;Capó;MERCEDES-BENZ;Clase E Coupé;220 CDI;2005;Desmontada de vehículo;1 año;En stock;319,71 € + IVA;https://desguacesmadridnorte.com/71210-pieza.html
71211;9191HA87D;Caja de cambios;OPEL;Astra;1.6 CDTI;2008;Comprobada, funcionando;1 año;En stock;594,27 € + IVA;https://desguacesmadridnorte.com/71211-pieza.html
71214;6501SB72D;Catalizador;FORD;Fiesta;1.0 EcoBoost;2010;Comprobada, funcionando;1 año;En stock;289,86 € + IVA;https://desguacesmadridnorte.com/71214-pieza.html
71216;4197VF43C;Cárter;SKODA;Octavia;2.0 TDI;2018;Desmontada de vehículo;1 año;En stock;114,26 € + IVA;https://desguacesmadridnorte.com/71216-pieza.html
71218;1533YX66B;Intercooler;RENAULT;Clio;1.5 dCi;2020;Comprobada, funcionando;1 año;Bajo pedido 24-48h;114,66 € + IVA;https://desguacesmadridnorte.com/71218-pieza.html
71219;3453CP58A;Portón trasero;SEAT;Ibiza;1.9 TDI;2016;Sin comprobar;1 año;En stock;261,04 € + IVA;https://desguacesmadridnorte.com/71219-pieza.html
71220;9657AT86B;Bomba de agua;PEUGEOT;308;1.6 HDi;2016;Desmontada de vehículo;1 año;Bajo pedido 24-48h;87,76 € + IVA;https://desguacesmadridnorte.com/71220-pieza.html
71222;6411BL37C;Motor de arranque;KIA;Sportage;1.7 CRDi;2006;Comprobada, funcionando;1 año;En stock;56,25 € + IVA;https://desguacesmadridnorte.com/71222-pieza.html
71225;6514HW34E;Parachoques delantero;SKODA;Fabia;1.2 TSI;2012;Comprobada, funcionando;1 año;En stock;128,12 € + IVA;https://desguacesmadridnorte.com/71225-pieza.html
71227;4016VJ50E;Módulo electrónico;PEUGEOT;3008;2.0 HDi;2015;Desmontada de vehículo;1 año;En stock;206,54 € + IVA;https://desguacesmadridnorte.com/71227-pieza.html
71230;1736LV80E;Capó;FORD;Focus;1.6 TDCi;2006;Comprobada, funcionando;1 año;En stock;136,96 € + IVA;https://desguacesmadridnorte.com/71230-pieza.html
71232;2012PF44A;Portón trasero;SKODA;Octavia;1.6 TDI;2017;Desmontada de vehículo;1 año;En stock;218,34 € + IVA;https://desguacesmadridnorte.com/71232-pieza.html
71233;9302LK31C;Cerradura puerta delantera;TOYOTA;Camry;2.5 Hybrid;2008;Comprobada, funcionando;1 año;En stock;55,15 € + IVA;https://desguacesmadridnorte.com/71233-pieza.html
71235;9646PY29A;Puerta trasera izquierda;PEUGEOT;208;1.4 HDi;2010;Comprobada, funcionando;1 año;Bajo pedido 24-48h;219,50 € + IVA;https://desguacesmadridnorte.com/71235-pieza.html
71238;8718DR72B;Aleta delantera izquierda;OPEL;Astra;1.7 CDTI;2017;Desmontada de vehículo;1 año;Bajo pedido 24-48h;107,44 € + IVA;https://desguacesmadridnorte.com/71238-pieza.html
71240;2155HH29B;Retrovisor derecho;NISSAN;Qashqai;1.5 dCi;2021;Comprobada, funcionando;1 año;En stock;144,30 € + IVA;https://desguacesmadridnorte.com/71240-pieza.html
71243;5461BD14D;Centralita motor;MERCEDES-BENZ;CLA;200 CDI;2017;Comprobada, funcionando;1 año;En stock;610,02 € + IVA;https://desguacesmadridnorte.com/71243-pieza.html
71246;5010BS31F;Caja de cambios;OPEL;Astra;1.7 CDTI;2008;Comprobada, funcionando;1 año;En stock;676,88 € + IVA;https://desguacesmadridnorte.com/71246-pieza.html
71248;7452NQ46A;Cuadro de instrumentos;KIA;Ceed;1.4 CRDi;2010;Desmontada de vehículo;1 año;En stock;66,87 € + IVA;https://desguacesmadridnorte.com/71248-pieza.html
71250;2354XH52B;Portón trasero;OPEL;Astra;1.7 CDTI;2013;Comprobada, funcionando;1 año;Bajo pedido 24-48h;154,12 € + IVA;https://desguacesmadridnorte.com/71250-pieza.html
71253;9997GJ73A;Faro delantero izquierdo;KIA;Ceed;1.4 CRDi;2005;Comprobada, funcionando;1 año;En stock;86,17 € + IVA;https://desguacesmadridnorte.com/71253-pieza.html
71254;2726AJ35E;Parachoques delantero;AUDI;A4;2.0 TFSI;2005;Comprobada, funcionando;1 año;Bajo pedido 24-48h;159,25 € + IVA;https://desguacesmadridnorte.com/71254-pieza.html
71257;2929GQ19B;Bomba de agua;KIA;Sportage;1.7 CRDi;2007;Comprobada, funcionando;1 año;Bajo pedido 24-48h;33,74 € + IVA;https://desguacesmadridnorte.com/71257-pieza.html
71258;6107NW56C;Portón trasero;HYUNDAI;Tucson;2.0 CRDi;2016;Desmontada de vehículo;1 año;En stock;172,19 € + IVA;https://desguacesmadridnorte.com/71258-pieza.html
71259;5284VT31A;Airbag volante;NISSAN;Juke;1.5 dCi;2014;Desmontada de vehículo;1 año;En stock;97,98 € + IVA;https://desguacesmadridnorte.com/71259-pieza.html
71260;7933YX77A;Piloto trasero izquierdo;SEAT;Ateca;1.5 TSI;2018;Desmontada de vehículo;1 año;En stock;57,04 € + IVA;https://desguacesmadridnorte.com/71260-pieza.html
71261;6753DW39A;Catalizador;MERCEDES-BENZ;CLA;200 CDI;2011;Sin comprobar;1 año;En stock;209,24 € + IVA;https://desguacesmadridnorte.com/71261-pieza.html
71263;2576HA63A;Amortiguador delantero;PEUGEOT;308;2.0 HDi;2009;Desmontada de vehículo;1 año;En stock;23,32 € + IVA;https://desguacesmadridnorte.com/71263-pieza.html
71265;6747RY22C;Cerradura puerta delantera;SEAT;Ateca;2.0 TDI;2005;Desmontada de vehículo;1 año;Bajo pedido 24-48h;17,32 € + IVA;https://desguacesmadridnorte.com/71265-pieza.html
71267;1452DE35C;Motor completo;BMW;Serie 3;330i;2020;Comprobada, funcionando;1 año;En stock;2.976,16 € + IVA;https://desguacesmadridnorte.com/71267-pieza.html
71269;9440TF52F;Amortiguador delantero;NISSAN;Juke;1.5 dCi;2019;Comprobada, funcionando;1 año;En stock;65,62 € + IVA;https://desguacesmadridnorte.com/71269-pieza.html
71271;2798TY60A;Puerta delantera izquierda;VOLKSWAGEN;Polo;1.4 TDI;2018;Desmontada de vehículo;1 año;En stock;346,76 € + IVA;https://desguacesmadridnorte.com/71271-pieza.html
71274;6300LP81C;Cinturón de seguridad;AUDI;A3;1.4 TFSI;2010;Desmontada de vehículo;1 año;Bajo pedido 24-48h;83,26 € + IVA;https://desguacesmadridnorte.com/71274-pieza.html
71276;1603JL28B;Centralita motor;MERCEDES-BENZ;Clase E Coupé;250 CDI;2011;Comprobada, funcionando;1 año;En stock;456,04 € + IVA;https://desguacesmadridnorte.com/71276-pieza.html
71277;5566HE51E;Faro delantero derecho;PEUGEOT;208;1.4 HDi;2021;Desmontada de vehículo;1 año;Bajo pedido 24-48h;93,40 € + IVA;https://desguacesmadridnorte.com/71277-pieza.html
71278;4137JT78D;Colector de admisión;SKODA;Fabia;1.2 TSI;2009;Comprobada, funcionando;1 año;Bajo pedido 24-48h;55,31 € + IVA;https://desguacesmadridnorte.com/71278-pieza.html
71280;2924VV17C;Cremallera de dirección;TOYOTA;Proace City;1.5 D-4D;2005;Sin comprobar;1 año;Bajo pedido 24-48h;123,20 € + IVA;https://desguacesmadridnorte.com/71280-pieza.html
71282;4582TJ75F;Compresor aire acondicionado;TOYOTA;Camry;2.5 Hybrid;2009;Comprobada, funcionando;1 año;En stock;162,02 € + IVA;https://desguacesmadridnorte.com/71282-pieza.html
71285;5653VQ77B;Faro delantero derecho;VOLKSWAGEN;Golf;1.6 TDI;2014;Desmontada de vehículo;1 año;En stock;121,14 € + IVA;https://desguacesmadridnorte.com/71285-pieza.html
71287;1732JC29D;Centralita motor;VOLKSWAGEN;Passat;2.0 TDI;2015;Comprobada, funcionando;1 año;Bajo pedido 24-48h;386,28 € + IVA;https://desguacesmadridnorte.com/71287-pieza.html
71290;2659HB85C;Piloto trasero derecho;RENAULT;Clio;1.2 16v;2005;Desmontada de vehículo;1 año;En stock;27,81 € + IVA;https://desguacesmadridnorte.com/71290-pieza.html
71292;2984RW93A;Retrovisor izquierdo;PEUGEOT;308;1.6 HDi;2005;Comprobada, funcionando;1 año;En stock;101,09 € + IVA;https://desguacesmadridnorte.com/71292-pieza.html
71295;7555BH43D;Intercooler;MERCEDES-BENZ;Clase A;180 CDI;2005;Desmontada de vehículo;1 año;En stock;171,27 € + IVA;https://desguacesmadridnorte.com/71295-pieza.html
71298;2846VG13E;Módulo electrónico;FORD;Focus;1.6 TDCi;2005;Comprobada, funcionando;1 año;En stock;118,55 € + IVA;https://desguacesmadridnorte.com/71298-pieza.html
71300;9581QS16E;Piloto trasero derecho;RENAULT;Megane;1.5 dCi;2020;Desmontada de vehículo;1 año;En stock;92,37 € + IVA;https://desguacesmadridnorte.com/71300-pieza.html
71301;3887JX12E;Cerradura puerta delantera;VOLKSWAGEN;Golf;1.6 TDI;2005;Desmontada de vehículo;1 año;En stock;53,18 € + IVA;https://desguacesmadridnorte.com/71301-pieza.html
71303;5142EY76D;Faro delantero derecho;FORD;Fiesta;1.0 EcoBoost;2012;Comprobada, funcionando;1 año;En stock;119,41 € + IVA;https://desguacesmadridnorte.com/71303-pieza.html
71304;1262GE80F;Cárter;HYUNDAI;Tucson;2.0 CRDi;2011;Comprobada, funcionando;1 año;En stock;79,48 € + IVA;https://desguacesmadridnorte.com/71304-pieza.html
71306;9797NM65C;Airbag volante;VOLKSWAGEN;Passat;2.0 TDI;2005;Comprobada, funcionando;1 año;En stock;88,54 € + IVA;https://desguacesmadridnorte.com/71306-pieza.html
71309;2296KX95E;Faro delantero izquierdo;TOYOTA;Corolla;1.4 D-4D;2010;Comprobada, funcionando;1 año;En stock;78,11 € + IVA;https://desguacesmadridnorte.com/71309-pieza.html
71312;8143TP29F;Catalizador;NISSAN;Juke;1.5 dCi;2020;Comprobada, funcionando;1 año;Bajo pedido 24-48h;128,41 € + IVA;https://desguacesmadridnorte.com/71312-pieza.html
71314;2523FY47C;Puerta trasera izquierda;PEUGEOT;3008;2.0 HDi;2009;Comprobada, funcionando;1 año;En stock;245,44 € + IVA;https://desguacesmadridnorte.com/71314-pieza.html
71316;4597SC66D;Retrovisor izquierdo;CITROEN;C3;1.4 HDi;2005;Comprobada, funcionando;1 año;En stock;23,35 € + IVA;https://desguacesmadridnorte.com/71316-pieza.html
71318;9257GT46B;Puerta delantera izquierda;SEAT;Ateca;1.5 TSI;2015;Comprobada, funcionando;1 año;En stock;323,61 € + IVA;https://desguacesmadridnorte.com/71318-pieza.html
71321;4557WF35F;Portón trasero;KIA;Sportage;2.0 CRDi;2018;Comprobada, funcionando;1 año;Bajo pedido 24-48h;274,73 € + IVA;https://desguacesmadridnorte.com/71321-pieza.html
71323;1644YN43F;Capó;OPEL;Astra;1.7 CDTI;2010;Desmontada de vehículo;1 año;Bajo pedido 24-48h;168,14 € + IVA;https://desguacesmadridnorte.com/71323-pieza.html
71324;8002VX81F;Intercooler;HYUNDAI;i30;1.4 CRDi;2011;Desmontada de vehículo;1 año;En stock;98,96 € + IVA;https://desguacesmadridnorte.com/71324-pieza.html
71325;3919MZ92B;Bomba de dirección;MERCEDES-BENZ;Clase E Coupé;250 CDI;2005;Desmontada de vehículo;1 año;Bajo pedido 24-48h;183,40 € + IVA;https://desguacesmadridnorte.com/71325-pieza.html
71326;3348SF44A;Cerradura puerta delantera;HYUNDAI;Tucson;2.0 CRDi;2016;Comprobada, funcionando;1 año;Bajo pedido 24-48h;61,52 € + IVA;https://desguacesmadridnorte.com/71326-pieza.html
71329;8603HA44B;Aleta delantera izquierda;CITROEN;C4;1.6 VTi;2014;Comprobada, funcionando;1 año;En stock;76,55 € + IVA;https://desguacesmadridnorte.com/71329-pieza.html
71330;8897SD11C;Compresor aire acondicionado;OPEL;Astra;1.6 CDTI;2015;Comprobada, funcionando;1 año;Bajo pedido 24-48h;137,67 € + IVA;https://desguacesmadridnorte.com/71330-pieza.html
71331;3723ZG84F;Catalizador;OPEL;Corsa;1.2 16v;2019;Comprobada, funcionando;1 año;Bajo pedido 24-48h;96,18 € + IVA;https://desguacesmadridnorte.com/71331-pieza.html
71333;1577LF69A;Puerta trasera izquierda;KIA;Sportage;1.7 CRDi;2014;Desmontada de vehículo;1 año;En stock;157,33 € + IVA;https://desguacesmadridnorte.com/71333-pieza.html
71335;6220GC43A;Cuadro de instrumentos;PEUGEOT;3008;2.0 HDi;2014;Comprobada, funcionando;1 año;En stock;95,63 € + IVA;https://desguacesmadridnorte.com/71335-pieza.html
71338;9172ND39D;Cinturón de seguridad;RENAULT;Megane;1.6 dCi;2008;Comprobada, funcionando;1 año;Bajo pedido 24-48h;34,61 € + IVA;https://desguacesmadridnorte.com/71338-pieza.html
71339;2617LV57D;Cárter;RENAULT;Megane;1.5 dCi;2021;Sin comprobar;1 año;En stock;62,75 € + IVA;https://desguacesmadridnorte.com/71339-pieza.html
71341;9271YX15B;Retrovisor izquierdo;FORD;Fiesta;1.5 TDCi;2016;Comprobada, funcionando;1 año;Bajo pedido 24-48h;110,28 € + IVA;https://desguacesmadridnorte.com/71341-pieza.html
71343;8871LW57C;Cinturón de seguridad;KIA;Ceed;1.6 CRDi;2011;Comprobada, funcionando;1 año;Bajo pedido 24-48h;36,82 € + IVA;https://desguacesmadridnorte.com/71343-pieza.html
71344;3599EP97B;Airbag volante;VOLKSWAGEN;Golf;1.6 TDI;2020;Comprobada, funcionando;1 año;En stock;93,31 € + IVA;https://desguacesmadridnorte.com/71344-pieza.html
71346;5592AB29A;Puerta delantera izquierda;RENAULT;Clio;1.5 dCi;2016;Desmontada de vehículo;1 año;En stock;120,40 € + IVA;https://desguacesmadridnorte.com/71346-pieza.html
71347;8952QS64B;Paso de rueda trasero izquierdo;AUDI;A4;2.0 TDI;2008;Comprobada, funcionando;1 año;En stock;69,48 € + IVA;https://desguacesmadridnorte.com/71347-pieza.html
71350;6295KB43B;Cuadro de instrumentos;PEUGEOT;208;1.6 HDi;2019;Desmontada de vehículo;1 año;Bajo pedido 24-48h;244,51 € + IVA;https://desguacesmadridnorte.com/71350-pieza.html
71352;4790MG75E;Bomba de dirección;MERCEDES-BENZ;Clase A;200 CDI;2013;Comprobada, funcionando;1 año;En stock;75,92 € + IVA;https://desguacesmadridnorte.com/71352-pieza.html
71353;2311BM40A;Retrovisor izquierdo;SEAT;Ateca;2.0 TDI;2017;Comprobada, funcionando;1 año;En stock;92,60 € + IVA;https://desguacesmadridnorte.com/71353-pieza.html
71356;2679TG25B;Caja de cambios;TOYOTA;Proace City;1.5 D-4D;2011;Comprobada, funcionando;1 año;En stock;809,95 € + IVA;https://desguacesmadridnorte.com/71356-pieza.html
71358;6975BS62E;Motor de arranque;TOYOTA;Corolla;1.8 Hybrid;2010;Comprobada, funcionando;1 año;En stock;63,78 € + IVA;https://desguacesmadridnorte.com/71358-pieza.html
71360;4419JD99A;Radiador;RENAULT;Captur;0.9 TCe;2007;Comprobada, funcionando;1 año;En stock;84,17 € + IVA;https://desguacesmadridnorte.com/71360-pieza.html
71363;4673GB73C;Radiador;VOLKSWAGEN;Polo;1.4 TDI;2015;Sin comprobar;1 año;En stock;101,67 € + IVA;https://desguacesmadridnorte.com/71363-pieza.html
71365;5804GZ51F;Puerta trasera izquierda;BMW;Serie 3;320d;2021;Sin comprobar;1 año;En stock;321,00 € + IVA;https://desguacesmadridnorte.com/71365-pieza.html
71366;8467SB95D;Elevalunas delantero izquierdo;VOLKSWAGEN;Golf;1.6 TDI;2017;Comprobada, funcionando;1 año;En stock;119,37 € + IVA;https://desguacesmadridnorte.com/71366-pieza.html
71367;4116VX85F;Retrovisor derecho;VOLKSWAGEN;Passat;1.6 TDI;2011;Comprobada, funcionando;1 año;En stock;71,16 € + IVA;https://desguacesmadridnorte.com/71367-pieza.html
71368;6442HJ73A;Paso de rueda trasero izquierdo;RENAULT;Megane;1.6 dCi;2008;Desmontada de vehículo;1 año;En stock;17,17 € + IVA;https://desguacesmadridnorte.com/71368-pieza.html
71371;7658PX98C;Retrovisor izquierdo;SEAT;Ateca;2.0 TDI;2010;Sin comprobar;1 año;Bajo pedido 24-48h;105,64 € + IVA;https://desguacesmadridnorte.com/71371-pieza.html
71372;8153MC50E;Bomba de agua;KIA;Sportage;1.7 CRDi;2011;Sin comprobar;1 año;Bajo pedido 24-48h;25,33 € + IVA;https://desguacesmadridnorte.com/71372-pieza.html
71373;6445AT21E;Airbag volante;CITROEN;C3;1.4 HDi;2018;Comprobada, funcionando;1 año;En stock;152,34 € + IVA;https://desguacesmadridnorte.com/71373-pieza.html
71374;7306SE32E;Airbag volante;CITROEN;C3;1.2 PureTech;2016;Comprobada, funcionando;1 año;En stock;155,37 € + IVA;https://desguacesmadridnorte.com/71374-pieza.html
71377;6870XH75C;Catalizador;SEAT;León;2.0 TDI;2006;Comprobada, funcionando;1 año;En stock;93,96 € + IVA;https://desguacesmadridnorte.com/71377-pieza.html
71380;7883DV52B;Alternador;SEAT;Ibiza;1.9 TDI;2020;Comprobada, funcionando;1 año;Bajo pedido 24-48h;104,05 € + IVA;https://desguacesmadridnorte.com/71380-pieza.html
71382;1197FE90E;Cinturón de seguridad;AUDI;A4;2.0 TFSI;2021;Desmontada de vehículo;1 año;En stock;55,13 € + IVA;https://desguacesmadridnorte.com/71382-pieza.html
71385;4140ZR43D;Radiador;AUDI;A4;3.0 TDI;2006;Comprobada, funcionando;1 año;En stock;183,21 € + IVA;https://desguacesmadridnorte.com/71385-pieza.html
71388;4918XV23E;Catalizador;KIA;Sportage;2.0 CRDi;2021;Comprobada, funcionando;1 año;En stock;456,67 € + IVA;https://desguacesmadridnorte.com/71388-pieza.html
71390;8211CK59F;Cerradura puerta delantera;SEAT;Ibiza;1.2 TSI;2010;Sin comprobar;1 año;En stock;20,20 € + IVA;https://desguacesmadridnorte.com/71390-pieza.html
71391;9966TV45A;Piloto trasero derecho;RENAULT;Captur;0.9 TCe;2006;Comprobada, funcionando;1 año;Bajo pedido 24-48h;30,99 € + IVA;https://desguacesmadridnorte.com/71391-pieza.html
71393;9334KH83E;Turbo;TOYOTA;Camry;2.5 Hybrid;2014;Comprobada, funcionando;1 año;En stock;706,23 € + IVA;https://desguacesmadridnorte.com/71393-pieza.html
71396;8606HV29B;Parachoques delantero;RENAULT;Megane;1.6 dCi;2013;Comprobada, funcionando;1 año;Bajo pedido 24-48h;193,73 € + IVA;https://desguacesmadridnorte.com/71396-pieza.html
71399;9471LH11B;Retrovisor derecho;RENAULT;Captur;1.5 dCi;2016;Comprobada, funcionando;1 año;En stock;80,58 € + IVA;https://desguacesmadridnorte.com/71399-pieza.html
71400;9961WN79B;Puerta delantera izquierda;KIA;Ceed;1.6 CRDi;2017;Comprobada, funcionando;1 año;Bajo pedido 24-48h;139,17 € + IVA;https://desguacesmadridnorte.com/71400-pieza.html
71403;9924ZS78D;Paso de rueda trasero izquierdo;HYUNDAI;i30;1.4 CRDi;2017;Desmontada de vehículo;1 año;En stock;23,33 € + IVA;https://desguacesmadridnorte.com/71403-pieza.html
71404;4853JQ43F;Elevalunas delantero izquierdo;SKODA;Fabia;1.2 TSI;2014;Comprobada, funcionando;1 año;En stock;73,04 € + IVA;https://desguacesmadridnorte.com/71404-pieza.html
71407;2731NZ85E;Turbo;CITROEN;C3;1.4 HDi;2008;Comprobada, funcionando;1 año;En stock;307,00 € + IVA;https://desguacesmadridnorte.com/71407-pieza.html
71409;2971XK58D;Motor completo;BMW;Serie 1;120i;2016;Comprobada, funcionando;1 año;En stock;1.615,72 € + IVA;https://desguacesmadridnorte.com/71409-pieza.html
71411;5448ZW46E;Caja de cambios;VOLKSWAGEN;Passat;2.0 TDI;2006;Comprobada, funcionando;1 año;Bajo pedido 24-48h;550,55 € + IVA;https://desguacesmadridnorte.com/71411-pieza.html
71414;7154HV42F;Cerradura puerta delantera;NISSAN;Qashqai;1.6 dCi;2020;Desmontada de vehículo;1 año;En stock;35,75 € + IVA;https://desguacesmadridnorte.com/71414-pieza.html
71417;3154EZ34D;Parachoques delantero;FORD;Fiesta;1.0 EcoBoost;2006;Comprobada, funcionando;1 año;En stock;95,17 € + IVA;https://desguacesmadridnorte.com/71417-pieza.html
71418;6389NA45D;Compresor aire acondicionado;VOLKSWAGEN;Passat;2.0 TDI;2014;Desmontada de vehículo;1 año;En stock;185,49 € + IVA;https://desguacesmadridnorte.com/71418-pieza.html
71420;7856JR59A;Módulo electrónico;KIA;Ceed;1.4 CRDi;2021;Comprobada, funcionando;1 año;En stock;201,36 € + IVA;https://desguacesmadridnorte.com/71420-pieza.html
71421;8304HS68D;Cremallera de dirección;PEUGEOT;208;1.6 HDi;2017;Sin comprobar;1 año;En stock;175,09 € + IVA;https://desguacesmadridnorte.com/71421-pieza.html
71423;2091RG11F;Alternador;MERCEDES-BENZ;Clase A;180 CDI;2012;Comprobada, funcionando;1 año;Bajo pedido 24-48h;117,38 € + IVA;https://desguacesmadridnorte.com/71423-pieza.html
71425;7018CZ30F;Catalizador;MERCEDES-BENZ;Clase A;200 CDI;2005;Desmontada de vehículo;1 año;En stock;465,16 € + IVA;https://desguacesmadridnorte.com/71425-pieza.html
71426;9553YH72B;Alternador;RENAULT;Captur;1.5 dCi;2018;Comprobada, funcionando;1 año;En stock;134,46 € + IVA;https://desguacesmadridnorte.com/71426-pieza.html
71427;4558SR81B;Bomba de agua;MERCEDES-BENZ;Clase E Coupé;250 CDI;2011;Comprobada, funcionando;1 año;Bajo pedido 24-48h;112,24 € + IVA;https://desguacesmadridnorte.com/71427-pieza.html
71430;7359VB64C;Piloto trasero izquierdo;SKODA;Fabia;1.4 TDI;2009;Comprobada, funcionando;1 año;Bajo pedido 24-48h;27,55 € + IVA;https://desguacesmadridnorte.com/71430-pieza.html
71433;1492JP40C;Caja de cambios;HYUNDAI;i30;1.6 CRDi;2018;Desmontada de vehículo;1 año;Bajo pedido 24-48h;588,02 € + IVA;https://desguacesmadridnorte.com/71433-pieza.html
71434;8716VP58D;Caja de cambios;AUDI;A3;1.6 TDI;2010;Comprobada, funcionando;1 año;Bajo pedido 24-48h;1.047,88 € + IVA;https://desguacesmadridnorte.com/71434-pieza.html
71435;3871XZ24A;Airbag volante;KIA;Ceed;1.4 CRDi;2016;Comprobada, funcionando;1 año;En stock;87,93 € + IVA;https://desguacesmadridnorte.com/71435-pieza.html
71437;4300ZD94B;Faro delantero izquierdo;BMW;Serie 1;116d;2013;Desmontada de vehículo;1 año;Bajo pedido 24-48h;111,19 € + IVA;https://desguacesmadridnorte.com/71437-pieza.html
71440;7966CF16E;Compresor aire acondicionado;HYUNDAI;i30;1.6 CRDi;2013;Comprobada, funcionando;1 año;Bajo pedido 24-48h;200,56 € + IVA;https://desguacesmadridnorte.com/71440-pieza.html
71441;4087SH54F;Parachoques delantero;PEUGEOT;3008;2.0 HDi;2011;Comprobada, funcionando;1 año;En stock;102,74 € + IVA;https://desguacesmadridnorte.com/71441-pieza.html
71443;6721RC72B;Puerta trasera izquierda;SEAT;León;2.0 TDI;2016;Comprobada, funcionando;1 año;En stock;215,58 € + IVA;https://desguacesmadridnorte.com/71443-pieza.html
71446;6906LP63C;Cerradura puerta delantera;FORD;Fusion;1.4 TDCi;2020;Comprobada, funcionando;1 año;En stock;30,89 € + IVA;https://desguacesmadridnorte.com/71446-pieza.html
71448;1542DA29C;Puerta delantera derecha;CITROEN;C3;1.4 HDi;2016;Comprobada, funcionando;1 año;Bajo pedido 24-48h;152,86 € + IVA;https://desguacesmadridnorte.com/71448-pieza.html
71450;7071PM48B;Radiador;FORD;Fiesta;1.0 EcoBoost;2012;Comprobada, funcionando;1 año;En stock;52,34 € + IVA;https://desguacesmadridnorte.com/71450-pieza.html
71453;5109ZR74A;Portón trasero;VOLKSWAGEN;Passat;1.6 TDI;2014;Comprobada, funcionando;1 año;Bajo pedido 24-48h;215,40 € + IVA;https://desguacesmadridnorte.com/71453-pieza.html
71455;8960EJ92D;Retrovisor derecho;OPEL;Astra;1.6 CDTI;2021;Comprobada, funcionando;1 año;Bajo pedido 24-48h;45,38 € + IVA;https://desguacesmadridnorte.com/71455-pieza.html
71458;3513SZ88A;Bomba de agua;NISSAN;Qashqai;1.6 dCi;2010;Comprobada, funcionando;1 año;En stock;36,04 € + IVA;https://desguacesmadridnorte.com/71458-pieza.html
71459;9334MH49A;Catalizador;HYUNDAI;Tucson;2.0 CRDi;2006;Comprobada, funcionando;1 año;En stock;417,48 € + IVA;https://desguacesmadridnorte.com/71459-pieza.html
71460;5685PM21B;Cuadro de instrumentos;OPEL;Corsa;1.3 CDTI;2008;Desmontada de vehículo;1 año;Bajo pedido 24-48h;134,07 € + IVA;https://desguacesmadridnorte.com/71460-pieza.html
71462;1954FH99B;Cerradura puerta delantera;CITROEN;C3;1.2 PureTech;2013;Comprobada, funcionando;1 año;Bajo pedido 24-48h;18,78 € + IVA;https://desguacesmadridnorte.com/71462-pieza.html
71465;8528QQ45F;Capó;HYUNDAI;i30;1.6 CRDi;2021;Comprobada, funcionando;1 año;Bajo pedido 24-48h;82,06 € + IVA;https://desguacesmadridnorte.com/71465-pieza.html
71467;6492GM65C;Cárter;MERCEDES-BENZ;Clase E Coupé;250 CDI;2019;Comprobada, funcionando;1 año;Bajo pedido 24-48h;160,29 € + IVA;https://desguacesmadridnorte.com/71467-pieza.html
71468;5156AF30F;Bomba de agua;SEAT;Ateca;2.0 TDI;2012;Desmontada de vehículo;1 año;En stock;71,90 € + IVA;https://desguacesmadridnorte.com/71468-pieza.html
71471;4476NP51D;Cerradura puerta delantera;RENAULT;Megane;1.5 dCi;2005;Desmontada de vehículo;1 año;Bajo pedido 24-48h;33,43 € + IVA;https://desguacesmadridnorte.com/71471-pieza.html
71472;6780CD61C;Capó;FORD;Fusion;1.4 TDCi;2020;Desmontada de vehículo;1 año;En stock;152,57 € + IVA;https://desguacesmadridnorte.com/71472-pieza.html
71475;5720MT40E;Cerradura puerta delantera;NISSAN;Juke;1.2 DIG-T;2011;Comprobada, funcionando;1 año;Bajo pedido 24-48h;48,55 € + IVA;https://desguacesmadridnorte.com/71475-pieza.html
71476;6060RS38C;Piloto trasero derecho;MERCEDES-BENZ;Clase A;180 CDI;2016;Desmontada de vehículo;1 año;Bajo pedido 24-48h;60,06 € + IVA;https://desguacesmadridnorte.com/71476-pieza.html
71478;5297BQ10A;Paso de rueda trasero izquierdo;AUDI;Q3;2.0 TDI;2011;Comprobada, funcionando;1 año;En stock;55,85 € + IVA;https://desguacesmadridnorte.com/71478-pieza.html
71479;6291ME12D;Compresor aire acondicionado;AUDI;Q3;2.0 TDI;2006;Sin comprobar;1 año;Bajo pedido 24-48h;232,86 € + IVA;https://desguacesmadridnorte.com/71479-pieza.html
71480;7359LF37E;Bomba de dirección;SEAT;León;2.0 TDI;2021;Desmontada de vehículo;1 año;En stock;137,75 € + IVA;https://desguacesmadridnorte.com/71480-pieza.html
71482;9632EW40B;Retrovisor izquierdo;AUDI;Q3;1.4 TFSI;2014;Comprobada, funcionando;1 año;En stock;99,81 € + IVA;https://desguacesmadridnorte.com/71482-pieza.html
71483;8507HL36D;Faro delantero derecho;HYUNDAI;Tucson;2.0 CRDi;2019;Desmontada de vehículo;1 año;En stock;257,53 € + IVA;https://desguacesmadridnorte.com/71483-pieza.html
71486;2975ZJ31C;Cárter;AUDI;A3;2.0 TDI;2020;Comprobada, funcionando;1 año;En stock;51,54 € + IVA;https://desguacesmadridnorte.com/71486-pieza.html
71488;9029VP55E;Centralita motor;MERCEDES-BENZ;CLA;200 CDI;2013;Comprobada, funcionando;1 año;En stock;426,90 € + IVA;https://desguacesmadridnorte.com/71488-pieza.html
71489;6288WN86D;Parachoques delantero;SEAT;Ateca;1.5 TSI;2019;Comprobada, funcionando;1 año;Bajo pedido 24-48h;83,36 € + IVA;https://desguacesmadridnorte.com/71489-pieza.html
71490;4567ZV68E;Aleta delantera izquierda;NISSAN;Qashqai;1.5 dCi;2014;Desmontada de vehículo;1 año;En stock;82,50 € + IVA;https://desguacesmadridnorte.com/71490-pieza.html
71493;2689PL54B;Parachoques trasero;AUDI;A4;2.0 TFSI;2014;Desmontada de vehículo;1 año;En stock;280,64 € + IVA;https://desguacesmadridnorte.com/71493-pieza.html
71496;2818JN93C;Cerradura puerta delantera;KIA;Ceed;1.6 CRDi;2006;Comprobada, funcionando;1 año;Bajo pedido 24-48h;23,14 € + IVA;https://desguacesmadridnorte.com/71496-pieza.html
71497;6922LM27C;Aleta delantera izquierda;OPEL;Astra;1.6 CDTI;2007;Sin comprobar;1 año;Bajo pedido 24-48h;46,85 € + IVA;https://desguacesmadridnorte.com/71497-pieza.html
71499;3063VK28D;Portón trasero;FORD;Focus;1.6 TDCi;2017;Comprobada, funcionando;1 año;Bajo pedido 24-48h;211,63 € + IVA;https://desguacesmadridnorte.com/71499-pieza.html
71502;8002DD39D;Amortiguador delantero;NISSAN;Juke;1.5 dCi;2016;Desmontada de vehículo;1 año;En stock;55,67 € + IVA;https://desguacesmadridnorte.com/71502-pieza.html
71503;7372MY25B;Motor de arranque;OPEL;Corsa;1.3 CDTI;2013;Desmontada de vehículo;1 año;En stock;57,21 € + IVA;https://desguacesmadridnorte.com/71503-pieza.html
71506;5652RY35D;Retrovisor derecho;BMW;Serie 1;118d;2021;Desmontada de vehículo;1 año;En stock;187,73 € + IVA;https://desguacesmadridnorte.com/71506-pieza.html
71509;5423CH51A;Cuadro de instrumentos;HYUNDAI;Tucson;2.0 CRDi;2021;Desmontada de vehículo;1 año;Bajo pedido 24-48h;350,18 € + IVA;https://desguacesmadridnorte.com/71509-pieza.html
71512;4568FH34F;Colector de admisión;PEUGEOT;3008;1.6 HDi;2010;Desmontada de vehículo;1 año;Bajo pedido 24-48h;141,36 € + IVA;https://desguacesmadridnorte.com/71512-pieza.html
71514;2068CT20C;Intercooler;RENAULT;Megane;1.5 dCi;2014;Comprobada, funcionando;1 año;En stock;74,06 € + IVA;https://desguacesmadridnorte.com/71514-pieza.html
71516;2449EL47B;Capó;CITROEN;C4;1.6 VTi;2013;Comprobada, funcionando;1 año;Bajo pedido 24-48h;114,36 € + IVA;https://desguacesmadridnorte.com/71516-pieza.html
71517;9341RL84F;Retrovisor derecho;VOLKSWAGEN;Polo;1.2 TSI;2018;Comprobada, funcionando;1 año;Bajo pedido 24-48h;81,38 € + IVA;https://desguacesmadridnorte.com/71517-pieza.html
71519;1327DZ17C;Motor de arranque;PEUGEOT;208;1.4 HDi;2009;Comprobada, funcionando;1 año;En stock;79,62 € + IVA;https://desguacesmadridnorte.com/71519-pieza.html
71522;8590ZY61C;Intercooler;VOLKSWAGEN;Golf;1.6 TDI;2015;Comprobada, funcionando;1 año;Bajo pedido 24-48h;227,64 € + IVA;https://desguacesmadridnorte.com/71522-pieza.html
71524;6143HD20C;Paso de rueda trasero izquierdo;VOLKSWAGEN;Passat;1.6 TDI;2019;Comprobada, funcionando;1 año;En stock;50,77 € + IVA;https://desguacesmadridnorte.com/71524-pieza.html
71526;5662LN49E;Motor completo;PEUGEOT;3008;2.0 HDi;2015;Comprobada, funcionando;1 año;Bajo pedido 24-48h;2.585,83 € + IVA;https://desguacesmadridnorte.com/71526-pieza.html
71529;5557XF61B;Puerta trasera izquierda;VOLKSWAGEN;Polo;1.2 TSI;2017;Desmontada de vehículo;1 año;Bajo pedido 24-48h;300,82 € + IVA;https://desguacesmadridnorte.com/71529-pieza.html
71531;9546TK91F;Piloto trasero derecho;PEUGEOT;208;1.6 HDi;2010;Comprobada, funcionando;1 año;En stock;55,21 € + IVA;https://desguacesmadridnorte.com/71531-pieza.html
71532;5877PK82B;Alternador;TOYOTA;Corolla;1.4 D-4D;2018;Comprobada, funcionando;1 año;Bajo pedido 24-48h;102,32 € + IVA;https://desguacesmadridnorte.com/71532-pieza.html
71535;9519AV96C;Aleta delantera izquierda;HYUNDAI;i30;1.4 CRDi;2010;Comprobada, funcionando;1 año;Bajo pedido 24-48h;66,17 € + IVA;https://desguacesmadridnorte.com/71535-pieza.html
71536;2338MJ93E;Puerta trasera izquierda;MERCEDES-BENZ;Clase E Coupé;250 CDI;2005;Comprobada, funcionando;1 año;En stock;261,64 € + IVA;https://desguacesmadridnorte.com/71536-pieza.html
71537;7231XL65F;Piloto trasero izquierdo;KIA;Ceed;1.6 CRDi;2010;Desmontada de vehículo;1 año;En stock;35,83 € + IVA;https://desguacesmadridnorte.com/71537-pieza.html
71538;9550QG26F;Radiador;FORD;Fusion;1.4 TDCi;2019;Comprobada, funcionando;1 año;En stock;65,28 € + IVA;https://desguacesmadridnorte.com/71538-pieza.html
71539;6103JQ29F;Cárter;VOLKSWAGEN;Passat;1.6 TDI;2009;Desmontada de vehículo;1 año;En stock;35,03 € + IVA;https://desguacesmadridnorte.com/71539-pieza.html
71542;5986VW57D;Módulo electrónico;MERCEDES-BENZ;CLA;200 CDI;2010;Comprobada, funcionando;1 año;Bajo pedido 24-48h;79,90 € + IVA;https://desguacesmadridnorte.com/71542-pieza.html
71544;1466HA87B;Portón trasero;BMW;Serie 3;320d;2008;Desmontada de vehículo;1 año;Bajo pedido 24-48h;285,63 € + IVA;https://desguacesmadridnorte.com/71544-pieza.html
71547;2060GR29A;Puerta trasera izquierda;OPEL;Corsa;1.3 CDTI;2015;Desmontada de vehículo;1 año;En stock;122,57 € + IVA;https://desguacesmadridnorte.com/71547-pieza.html
71549;9572FZ28F;Caja de cambios;CITROEN;C3;1.2 PureTech;2020;Desmontada de vehículo;1 año;En stock;353,65 € + IVA;https://desguacesmadridnorte.com/71549-pieza.html
71552;6229GW57B;Piloto trasero izquierdo;PEUGEOT;208;1.4 HDi;2021;Comprobada, funcionando;1 año;Bajo pedido 24-48h;94,83 € + IVA;https://desguacesmadridnorte.com/71552-pieza.html
71554;5819TN39A;Motor completo;PEUGEOT;208;1.6 HDi;2013;Comprobada, funcionando;1 año;Bajo pedido 24-48h;799,70 € + IVA;https://desguacesmadridnorte.com/71554-pieza.html
71557;3341KZ33F;Aleta delantera izquierda;BMW;X1;18d;2016;Comprobada, funcionando;1 año;Bajo pedido 24-48h;100,12 € + IVA;https://desguacesmadridnorte.com/71557-pieza.html
71559;8129XE44E;Parachoques trasero;SEAT;Ateca;2.0 TDI;2014;Comprobada, funcionando;1 año;En stock;60,50 € + IVA;https://desguacesmadridnorte.com/71559-pieza.html
71561;6093ZK28C;Elevalunas delantero izquierdo;VOLKSWAGEN;Polo;1.2 TSI;2007;Comprobada, funcionando;1 año;En stock;80,83 € + IVA;https://desguacesmadridnorte.com/71561-pieza.html
71563;3211PB21A;Parachoques delantero;SEAT;Ibiza;1.2 TSI;2014;Comprobada, funcionando;1 año;Bajo pedido 24-48h;189,85 € + IVA;https://desguacesmadridnorte.com/71563-pieza.html
71564;7540GP79F;Aleta delantera izquierda;RENAULT;Captur;1.5 dCi;2015;Desmontada de vehículo;1 año;Bajo pedido 24-48h;124,41 € + IVA;https://desguacesmadridnorte.com/71564-pieza.html
71566;3515YK78C;Cremallera de dirección;VOLKSWAGEN;Golf;1.6 TDI;2019;Desmontada de vehículo;1 año;En stock;240,39 € + IVA;https://desguacesmadridnorte.com/71566-pieza.html
71567;4059PC28C;Catalizador;RENAULT;Megane;1.6 dCi;2008;Comprobada, funcionando;1 año;En stock;297,12 € + IVA;https://desguacesmadridnorte.com/71567-pieza.html
71570;8190FM67B;Bomba de agua;NISSAN;Juke;1.2 DIG-T;2019;Comprobada, funcionando;1 año;En stock;55,16 € + IVA;https://desguacesmadridnorte.com/71570-pieza.html
71572;2075BK63A;Catalizador;TOYOTA;Corolla;1.4 D-4D;2016;Comprobada, funcionando;1 año;En stock;273,51 € + IVA;https://desguacesmadridnorte.com/71572-pieza.html
71573;9484FB67F;Intercooler;KIA;Ceed;1.4 CRDi;2010;Desmontada de vehículo;1 año;Bajo pedido 24-48h;67,89 € + IVA;https://desguacesmadridnorte.com/71573-pieza.html
71575;2705FT91E;Bomba de dirección;KIA;Sportage;1.7 CRDi;2014;Comprobada, funcionando;1 año;Bajo pedido 24-48h;94,81 € + IVA;https://desguacesmadridnorte.com/71575-pieza.html
71576;6251RW80C;Aleta delantera izquierda;RENAULT;Clio;1.5 dCi;2019;Comprobada, funcionando;1 año;En stock;61,81 € + IVA;https://desguacesmadridnorte.com/71576-pieza.html
71578;7086ZL91F;Colector de admisión;FORD;Focus;2.0 TDCi;2014;Desmontada de vehículo;1 año;En stock;148,63 € + IVA;https://desguacesmadridnorte.com/71578-pieza.html
71579;9122EQ31E;Turbo;FORD;Fusion;1.4 TDCi;2006;Sin comprobar;1 año;Bajo pedido 24-48h;153,24 € + IVA;https://desguacesmadridnorte.com/71579-pieza.html
71580;5619KZ73B;Parachoques delantero;HYUNDAI;i30;1.6 CRDi;2010;Comprobada, funcionando;1 año;Bajo pedido 24-48h;72,43 € + IVA;https://desguacesmadridnorte.com/71580-pieza.html
71581;6197XA38E;Alternador;NISSAN;Juke;1.2 DIG-T;2018;Comprobada, funcionando;1 año;En stock;83,69 € + IVA;https://desguacesmadridnorte.com/71581-pieza.html
71583;7469DP32D;Faro delantero derecho;PEUGEOT;3008;1.6 HDi;2008;Comprobada, funcionando;1 año;Bajo pedido 24-48h;47,01 € + IVA;https://desguacesmadridnorte.com/71583-pieza.html
71586;2039KF67B;Parachoques trasero;KIA;Sportage;1.7 CRDi;2015;Comprobada, funcionando;1 año;Bajo pedido 24-48h;226,24 € + IVA;https://desguacesmadridnorte.com/71586-pieza.html
71587;8108CW98B;Capó;BMW;X1;20d;2009;Comprobada, funcionando;1 año;En stock;320,89 € + IVA;https://desguacesmadridnorte.com/71587-pieza.html
71589;6255CC75F;Puerta delantera izquierda;SEAT;León;2.0 TDI;2019;Comprobada, funcionando;1 año;Bajo pedido 24-48h;376,09 € + IVA;https://desguacesmadridnorte.com/71589-pieza.html
71591;4916LG72E;Bomba de dirección;SKODA;Fabia;1.4 TDI;2010;Desmontada de vehículo;1 año;En stock;102,68 € + IVA;https://desguacesmadridnorte.com/71591-pieza.html
71592;4636HJ33C;Cinturón de seguridad;MERCEDES-BENZ;CLA;180 CDI;2014;Desmontada de vehículo;1 año;En stock;45,72 € + IVA;https://desguacesmadridnorte.com/71592-pieza.html
71595;1938GZ50D;Bomba de agua;KIA;Sportage;2.0 CRDi;2007;Comprobada, funcionando;1 año;En stock;28,58 € + IVA;https://desguacesmadridnorte.com/71595-pieza.html
71597;7502RL11D;Motor completo;RENAULT;Captur;0.9 TCe;2018;Comprobada, funcionando;1 año;En stock;1.119,35 € + IVA;https://desguacesmadridnorte.com/71597-pieza.html
71598;1426TM31E;Cinturón de seguridad;TOYOTA;Camry;2.5 Hybrid;2014;Desmontada de vehículo;1 año;En stock;70,90 € + IVA;https://desguacesmadridnorte.com/71598-pieza.html
71599;4273SE50E;Amortiguador delantero;HYUNDAI;i30;1.6 CRDi;2005;Desmontada de vehículo;1 año;En stock;34,89 € + IVA;https://desguacesmadridnorte.com/71599-pieza.html
71602;5760DS22E;Radiador;PEUGEOT;308;1.6 HDi;2008;Comprobada, funcionando;1 año;Bajo pedido 24-48h;92,29 € + IVA;https://desguacesmadridnorte.com/71602-pieza.html
71605;8605PH16A;Faro delantero izquierdo;CITROEN;C3;1.4 HDi;2021;Desmontada de vehículo;1 año;Bajo pedido 24-48h;198,60 € + IVA;https://desguacesmadridnorte.com/71605-pieza.html
71607;4764KX49E;Piloto trasero derecho;CITROEN;C4;1.6 VTi;2014;Comprobada, funcionando;1 año;Bajo pedido 24-48h;37,60 € + IVA;https://desguacesmadridnorte.com/71607-pieza.html
71610;6540KX88E;Airbag volante;AUDI;Q3;2.0 TDI;2007;Comprobada, funcionando;1 año;Bajo pedido 24-48h;302,23 € + IVA;https://desguacesmadridnorte.com/71610-pieza.html
71613;4040GC37F;Bomba de agua;RENAULT;Megane;1.6 dCi;2014;Desmontada de vehículo;1 año;En stock;41,50 € + IVA;https://desguacesmadridnorte.com/71613-pieza.html
71614;4847YL23D;Retrovisor izquierdo;PEUGEOT;308;2.0 HDi;2016;Sin comprobar;1 año;En stock;150,09 € + IVA;https://desguacesmadridnorte.com/71614-pieza.html
71616;5487TL76D;Alternador;AUDI;A4;2.0 TFSI;2019;Comprobada, funcionando;1 año;Bajo pedido 24-48h;195,00 € + IVA;https://desguacesmadridnorte.com/71616-pieza.html
71618;5452ZV37F;Radiador;FORD;Fiesta;1.5 TDCi;2005;Comprobada, funcionando;1 año;Bajo pedido 24-48h;46,81 € + IVA;https://desguacesmadridnorte.com/71618-pieza.html
71621;5737BY75E;Alternador;KIA;Sportage;1.7 CRDi;2012;Comprobada, funcionando;1 año;En stock;69,99 € + IVA;https://desguacesmadridnorte.com/71621-pieza.html
71622;9381SK40E;Amortiguador delantero;RENAULT;Captur;0.9 TCe;2021;Comprobada, funcionando;1 año;Bajo pedido 24-48h;83,65 € + IVA;https://desguacesmadridnorte.com/71622-pieza.html
71624;9145RJ57E;Motor completo;SKODA;Octavia;1.6 TDI;2010;Comprobada, funcionando;1 año;En stock;1.204,23 € + IVA;https://desguacesmadridnorte.com/71624-pieza.html
71626;1258MB78E;Amortiguador delantero;OPEL;Corsa;1.2 16v;2012;Sin comprobar;1 año;Bajo pedido 24-48h;24,32 € + IVA;https://desguacesmadridnorte.com/71626-pieza.html
71629;8346EJ50B;Intercooler;HYUNDAI;Tucson;1.7 CRDi;2015;Desmontada de vehículo;1 año;En stock;148,47 € + IVA;https://desguacesmadridnorte.com/71629-pieza.html
71631;7535FB76A;Colector de admisión;VOLKSWAGEN;Golf;1.4 TSI;2009;Comprobada, funcionando;1 año;En stock;45,64 € + IVA;https://desguacesmadridnorte.com/71631-pieza.html
71634;2112NV51D;Retrovisor izquierdo;BMW;X1;20d;2012;Comprobada, funcionando;1 año;Bajo pedido 24-48h;190,66 € + IVA;https://desguacesmadridnorte.com/71634-pieza.html
71637;4050BT51B;Piloto trasero derecho;SKODA;Octavia;1.6 TDI;2019;Desmontada de vehículo;1 año;En stock;90,47 € + IVA;https://desguacesmadridnorte.com/71637-pieza.html
71638;8478SB69F;Faro delantero izquierdo;SEAT;León;2.0 TDI;2016;Desmontada de vehículo;1 año;En stock;163,41 € + IVA;https://desguacesmadridnorte.com/71638-pieza.html
71639;9106FY48C;Amortiguador delantero;AUDI;A4;2.0 TDI;2021;Comprobada, funcionando;1 año;En stock;80,63 € + IVA;https://desguacesmadridnorte.com/71639-pieza.html
71640;6846KD16E;Centralita motor;BMW;Serie 1;116d;2015;Comprobada, funcionando;1 año;En stock;362,04 € + IVA;https://desguacesmadridnorte.com/71640-pieza.html
71642;5821DM83A;Motor de arranque;MERCEDES-BENZ;CLA;200 CDI;2005;Comprobada, funcionando;1 año;Bajo pedido 24-48h;133,56 € + IVA;https://desguacesmadridnorte.com/71642-pieza.html
71645;6211AX12D;Retrovisor izquierdo;CITROEN;C3;1.4 HDi;2017;Desmontada de vehículo;1 año;En stock;119,41 € + IVA;https://desguacesmadridnorte.com/71645-pieza.html
71647;8609PD68E;Puerta trasera izquierda;CITROEN;C3;1.4 HDi;2011;Desmontada de vehículo;1 año;En stock;87,23 € + IVA;https://desguacesmadridnorte.com/71647-pieza.html
71650;5969DN41D;Portón trasero;CITROEN;C3;1.4 HDi;2020;Sin comprobar;1 año;Bajo pedido 24-48h;216,14 € + IVA;https://desguacesmadridnorte.com/71650-pieza.html
71651;8329RC89F;Faro delantero izquierdo;RENAULT;Captur;0.9 TCe;2019;Comprobada, funcionando;1 año;Bajo pedido 24-48h;216,19 € + IVA;https://desguacesmadridnorte.com/71651-pieza.html
71652;1129SE90E;Módulo electrónico;KIA;Ceed;1.4 CRDi;2017;Comprobada, funcionando;1 año;En stock;75,45 € + IVA;https://desguacesmadridnorte.com/71652-pieza.html
71654;9339JP41D;Turbo;VOLKSWAGEN;Polo;1.4 TDI;2017;Desmontada de vehículo;1 año;En stock;441,00 € + IVA;https://desguacesmadridnorte.com/71654-pieza.html
71655;5218JN51E;Portón trasero;CITROEN;C3;1.4 HDi;2009;Comprobada, funcionando;1 año;En stock;167,85 € + IVA;https://desguacesmadridnorte.com/71655-pieza.html
71657;3202XL31F;Puerta delantera izquierda;AUDI;A4;2.0 TDI;2017;Sin comprobar;1 año;En stock;426,31 € + IVA;https://desguacesmadridnorte.com/71657-pieza.html
71660;2598PV46C;Cinturón de seguridad;RENAULT;Clio;1.2 16v;2008;Desmontada de vehículo;1 año;En stock;52,18 € + IVA;https://desguacesmadridnorte.com/71660-pieza.html
71662;9148PX76F;Piloto trasero izquierdo;PEUGEOT;308;2.0 HDi;2009;Desmontada de vehículo;1 año;En stock;51,27 € + IVA;https://desguacesmadridnorte.com/71662-pieza.html
71663;1541VZ77C;Paso de rueda trasero izquierdo;CITROEN;C4;1.6 VTi;2007;Comprobada, funcionando;1 año;En stock;39,97 € + IVA;https://desguacesmadridnorte.com/71663-pieza.html
71665;9210WB76F;Radiador;KIA;Ceed;1.4 CRDi;2014;Comprobada, funcionando;1 año;Bajo pedido 24-48h;141,93 € + IVA;https://desguacesmadridnorte.com/71665-pieza.html
71667;5853FG72C;Puerta trasera izquierda;FORD;Fusion;1.4 TDCi;2011;Desmontada de vehículo;1 año;En stock;236,10 € + IVA;https://desguacesmadridnorte.com/71667-pieza.html
71669;5622PD96B;Portón trasero;KIA;Sportage;2.0 CRDi;2008;Desmontada de vehículo;1 año;En stock;119,34 € + IVA;https://desguacesmadridnorte.com/71669-pieza.html
71670;4968EJ23A;Alternador;VOLKSWAGEN;Passat;1.6 TDI;2016;Comprobada, funcionando;1 año;En stock;157,29 € + IVA;https://desguacesmadridnorte.com/71670-pieza.html
71671;5969PJ99C;Parachoques delantero;FORD;Fiesta;1.0 EcoBoost;2007;Desmontada de vehículo;1 año;Bajo pedido 24-48h;136,13 € + IVA;https://desguacesmadridnorte.com/71671-pieza.html
71674;5397CD86A;Amortiguador delantero;MERCEDES-BENZ;Clase E Coupé;250 CDI;2018;Comprobada, funcionando;1 año;Bajo pedido 24-48h;135,57 € + IVA;https://desguacesmadridnorte.com/71674-pieza.html
71676;6254WM28F;Amortiguador delantero;KIA;Sportage;1.7 CRDi;2019;Comprobada, funcionando;1 año;En stock;97,40 € + IVA;https://desguacesmadridnorte.com/71676-pieza.html
71677;3898SH55B;Colector de admisión;TOYOTA;Proace City;1.5 D-4D;2014;Desmontada de vehículo;1 año;En stock;75,48 € + IVA;https://desguacesmadridnorte.com/71677-pieza.html
71680;7511WM52B;Capó;TOYOTA;Proace City;1.5 D-4D;2009;Desmontada de vehículo;1 año;En stock;212,44 € + IVA;https://desguacesmadridnorte.com/71680-pieza.html
71682;2311RS29C;Centralita motor;MERCEDES-BENZ;CLA;200 CDI;2019;Comprobada, funcionando;1 año;Bajo pedido 24-48h;546,82 € + IVA;https://desguacesmadridnorte.com/71682-pieza.html
71685;7741VJ79C;Bomba de dirección;CITROEN;C4;1.6 HDi;2012;Comprobada, funcionando;1 año;En stock;116,33 € + IVA;https://desguacesmadridnorte.com/71685-pieza.html
71686;3200MJ32F;Elevalunas delantero izquierdo;AUDI;A3;2.0 TDI;2010;Desmontada de vehículo;1 año;En stock;119,00 € + IVA;https://desguacesmadridnorte.com/71686-pieza.html
71689;6692SB16E;Piloto trasero izquierdo;BMW;Serie 3;318d;2015;Desmontada de vehículo;1 año;Bajo pedido 24-48h;51,82 € + IVA;https://desguacesmadridnorte.com/71689-pieza.html
71691;6681AJ76B;Bomba de agua;VOLKSWAGEN;Polo;1.2 TSI;2016;Comprobada, funcionando;1 año;Bajo pedido 24-48h;37,03 € + IVA;https://desguacesmadridnorte.com/71691-pieza.html
71694;6429BK79A;Paso de rueda trasero izquierdo;RENAULT;Clio;1.2 16v;2010;Sin comprobar;1 año;Bajo pedido 24-48h;21,05 € + IVA;https://desguacesmadridnorte.com/71694-pieza.html
71696;3169CG96D;Puerta trasera izquierda;FORD;Fiesta;1.5 TDCi;2011;Desmontada de vehículo;1 año;En stock;162,24 € + IVA;https://desguacesmadridnorte.com/71696-pieza.html
71698;5735CJ20C;Radiador;AUDI;A3;2.0 TDI;2005;Desmontada de vehículo;1 año;En stock;112,50 € + IVA;https://desguacesmadridnorte.com/71698-pieza.html
71699;5564EP66B;Puerta trasera izquierda;OPEL;Corsa;1.3 CDTI;2009;Comprobada, funcionando;1 año;En stock;107,18 € + IVA;https://desguacesmadridnorte.com/71699-pieza.html
71700;3676HB57E;Cárter;HYUNDAI;i30;1.4 CRDi;2012;Comprobada, funcionando;1 año;Bajo pedido 24-48h;61,29 € + IVA;https://desguacesmadridnorte.com/71700-pieza.html
71703;2264YQ78B;Módulo electrónico;RENAULT;Clio;1.2 16v;2014;Comprobada, funcionando;1 año;Bajo pedido 24-48h;149,72 € + IVA;https://desguacesmadridnorte.com/71703-pieza.html
71706;2544HQ59C;Compresor aire acondicionado;KIA;Sportage;1.7 CRDi;2016;Desmontada de vehículo;1 año;En stock;291,82 € + IVA;https://desguacesmadridnorte.com/71706-pieza.html
71709;9048XJ89D;Intercooler;KIA;Ceed;1.6 CRDi;2018;Comprobada, funcionando;1 año;En stock;82,86 € + IVA;https://desguacesmadridnorte.com/71709-pieza.html
71710;8494GA76B;Puerta trasera izquierda;CITROEN;C3;1.4 HDi;2010;Comprobada, funcionando;1 año;Bajo pedido 24-48h;72,20 € + IVA;https://desguacesmadridnorte.com/71710-pieza.html
71711;3655HN17D;Retrovisor derecho;TOYOTA;Corolla;1.4 D-4D;2016;Desmontada de vehículo;1 año;En stock;81,87 € + IVA;https://desguacesmadridnorte.com/71711-pieza.html
71713;3401HP63A;Puerta trasera izquierda;AUDI;A3;2.0 TDI;2012;Sin comprobar;1 año;Bajo pedido 24-48h;277,88 € + IVA;https://desguacesmadridnorte.com/71713-pieza.html
71714;9929QA29C;Retrovisor derecho;SEAT;Ateca;1.5 TSI;2016;Comprobada, funcionando;1 año;Bajo pedido 24-48h;50,80 € + IVA;https://desguacesmadridnorte.com/71714-pieza.html
71717;5471YE54B;Catalizador;MERCEDES-BENZ;Clase A;180 CDI;2019;Comprobada, funcionando;1 año;Bajo pedido 24-48h;181,90 € + IVA;https://desguacesmadridnorte.com/71717-pieza.html
71720;8821PG46E;Parachoques delantero;FORD;Fiesta;1.5 TDCi;2013;Comprobada, funcionando;1 año;En stock;93,15 € + IVA;https://desguacesmadridnorte.com/71720-pieza.html
71721;7021MS41F;Motor de arranque;HYUNDAI;Tucson;1.7 CRDi;2021;Sin comprobar;1 año;Bajo pedido 24-48h;41,60 € + IVA;https://desguacesmadridnorte.com/71721-pieza.html
71722;3538QT55A;Puerta delantera derecha;SKODA;Fabia;1.4 TDI;2021;Desmontada de vehículo;1 año;Bajo pedido 24-48h;309,67 € + IVA;https://desguacesmadridnorte.com/71722-pieza.html
71723;2955GV45D;Cerradura puerta delantera;FORD;Focus;1.6 TDCi;2006;Sin comprobar;1 año;En stock;34,19 € + IVA;https://desguacesmadridnorte.com/71723-pieza.html
71725;5777WY27C;Cárter;SEAT;León;2.0 TDI;2021;Comprobada, funcionando;1 año;En stock;33,92 € + IVA;https://desguacesmadridnorte.com/71725-pieza.html
71728;1803RZ58C;Paso de rueda trasero izquierdo;VOLKSWAGEN;Golf;1.6 TDI;2009;Comprobada, funcionando;1 año;En stock;31,33 € + IVA;https://desguacesmadridnorte.com/71728-pieza.html
71729;8064KL99E;Centralita motor;BMW;Serie 1;118d;2012;Comprobada, funcionando;1 año;En stock;196,80 € + IVA;https://desguacesmadridnorte.com/71729-pieza.html
71732;1048DF22A;Bomba de agua;VOLKSWAGEN;Polo;1.4 TDI;2010;Comprobada, funcionando;1 año;En stock;81,57 € + IVA;https://desguacesmadridnorte.com/71732-pieza.html
71733;7681SF15B;Caja de cambios;MERCEDES-BENZ;Clase A;180 CDI;2016;Desmontada de vehículo;1 año;En stock;1.294,64 € + IVA;https://desguacesmadridnorte.com/71733-pieza.html
71735;3155TJ17C;Catalizador;VOLKSWAGEN;Polo;1.2 TSI;2013;Comprobada, funcionando;1 año;En stock;305,29 € + IVA;https://desguacesmadridnorte.com/71735-pieza.html
71738;9809WJ31C;Bomba de dirección;SKODA;Fabia;1.4 TDI;2008;Desmontada de vehículo;1 año;En stock;119,16 € + IVA;https://desguacesmadridnorte.com/71738-pieza.html
71740;7231CJ33E;Compresor aire acondicionado;HYUNDAI;i30;1.6 CRDi;2008;Comprobada, funcionando;1 año;En stock;144,41 € + IVA;https://desguacesmadridnorte.com/71740-pieza.html
71741;3943WP97A;Faro delantero derecho;SKODA;Octavia;2.0 TDI;2005;Desmontada de vehículo;1 año;En stock;142,84 € + IVA;https://desguacesmadridnorte.com/71741-pieza.html
71743;6537AD91D;Intercooler;BMW;X1;18d;2005;Comprobada, funcionando;1 año;En stock;199,75 € + IVA;https://desguacesmadridnorte.com/71743-pieza.html
71744;9328AE11E;Retrovisor izquierdo;BMW;Serie 1;120i;2019;Comprobada, funcionando;1 año;Bajo pedido 24-48h;181,31 € + IVA;https://desguacesmadridnorte.com/71744-pieza.html
71745;1417WX98A;Cuadro de instrumentos;TOYOTA;Proace City;1.5 D-4D;2013;Sin comprobar;1 año;En stock;224,50 € + IVA;https://desguacesmadridnorte.com/71745-pieza.html
71747;1806VK22A;Compresor aire acondicionado;SEAT;León;1.6 TDI;2009;Comprobada, funcionando;1 año;En stock;204,47 € + IVA;https://desguacesmadridnorte.com/71747-pieza.html
71748;6794TV38A;Piloto trasero derecho;TOYOTA;Corolla;1.4 D-4D;2005;Desmontada de vehículo;1 año;Bajo pedido 24-48h;35,29 € + IVA;https://desguacesmadridnorte.com/71748-pieza.html
71750;7686VN91C;Puerta delantera derecha;BMW;Serie 3;330i;2009;Comprobada, funcionando;1 año;En stock;134,85 € + IVA;https://desguacesmadridnorte.com/71750-pieza.html
71753;5515HP71A;Retrovisor izquierdo;NISSAN;Juke;1.5 dCi;2005;Comprobada, funcionando;1 año;Bajo pedido 24-48h;100,34 € + IVA;https://desguacesmadridnorte.com/71753-pieza.html
71755;9608TE38A;Aleta delantera izquierda;NISSAN;Qashqai;1.6 dCi;2008;Desmontada de vehículo;1 año;Bajo pedido 24-48h;58,50 € + IVA;https://desguacesmadridnorte.com/71755-pieza.html
71757;2045PG38B;Aleta delantera izquierda;SEAT;León;1.6 TDI;2009;Sin comprobar;1 año;En stock;90,24 € + IVA;https://desguacesmadridnorte.com/71757-pieza.html
71760;2449CQ15C;Cinturón de seguridad;RENAULT;Clio;1.5 dCi;2005;Comprobada, funcionando;1 año;En stock;35,26 € + IVA;https://desguacesmadridnorte.com/71760-pieza.html
71763;4355VB87E;Puerta delantera izquierda;FORD;Focus;1.6 TDCi;2011;Desmontada de vehículo;1 año;En stock;156,23 € + IVA;https://desguacesmadridnorte.com/71763-pieza.html
71764;5568XN52D;Cerradura puerta delantera;TOYOTA;Corolla;1.8 Hybrid;2016;Comprobada, funcionando;1 año;En stock;28,50 € + IVA;https://desguacesmadridnorte.com/71764-pieza.html
71767;3154CB36F;Aleta delantera izquierda;HYUNDAI;Tucson;1.7 CRDi;2009;Desmontada de vehículo;1 año;Bajo pedido 24-48h;103,18 € + IVA;https://desguacesmadridnorte.com/71767-pieza.html
71769;8310DE80B;Radiador;FORD;Focus;1.6 TDCi;2007;Desmontada de vehículo;1 año;En stock;45,96 € + IVA;https://desguacesmadridnorte.com/71769-pieza.html
71770;9766CQ72D;Motor de arranque;TOYOTA;Corolla;1.4 D-4D;2008;Comprobada, funcionando;1 año;En stock;128,86 € + IVA;https://desguacesmadridnorte.com/71770-pieza.html
71771;6350AZ47F;Caja de cambios;SKODA;Octavia;2.0 TDI;2018;Comprobada, funcionando;1 año;Bajo pedido 24-48h;733,06 € + IVA;https://desguacesmadridnorte.com/71771-pieza.html
71774;7833KX95A;Faro delantero izquierdo;PEUGEOT;208;1.4 HDi;2010;Sin comprobar;1 año;Bajo pedido 24-48h;75,46 € + IVA;https://desguacesmadridnorte.com/71774-pieza.html
71777;6074LV81E;Elevalunas delantero izquierdo;AUDI;A4;3.0 TDI;2011;Desmontada de vehículo;1 año;En stock;91,49 € + IVA;https://desguacesmadridnorte.com/71777-pieza.html
71780;9762CD14A;Parachoques trasero;SKODA;Octavia;2.0 TDI;2007;Comprobada, funcionando;1 año;En stock;166,56 € + IVA;https://desguacesmadridnorte.com/71780-pieza.html
71783;8031XB75D;Alternador;AUDI;Q3;2.0 TDI;2011;Comprobada, funcionando;1 año;En stock;184,77 € + IVA;https://desguacesmadridnorte.com/71783-pieza.html
71785;1725HP50B;Portón trasero;AUDI;A4;3.0 TDI;2017;Comprobada, funcionando;1 año;Bajo pedido 24-48h;585,30 € + IVA;https://desguacesmadridnorte.com/71785-pieza.html
71787;8583LR82B;Cárter;KIA;Ceed;1.4 CRDi;2007;Desmontada de vehículo;1 año;Bajo pedido 24-48h;24,89 € + IVA;https://desguacesmadridnorte.com/71787-pieza.html
71790;2695AR43F;Bomba de dirección;BMW;X1;20d;2012;Comprobada, funcionando;1 año;Bajo pedido 24-48h;144,23 € + IVA;https://desguacesmadridnorte.com/71790-pieza.html
71793;2523FY20D;Cinturón de seguridad;MERCEDES-BENZ;CLA;180 CDI;2013;Comprobada, funcionando;1 año;Bajo pedido 24-48h;75,20 € + IVA;https://desguacesmadridnorte.com/71793-pieza.html
71796;8059ST34A;Cremallera de dirección;AUDI;A3;1.6 TDI;2006;Desmontada de vehículo;1 año;Bajo pedido 24-48h;220,94 € + IVA;https://desguacesmadridnorte.com/71796-pieza.html
71798;4600YX80E;Turbo;VOLKSWAGEN;Golf;2.0 TDI;2005;Desmontada de vehículo;1 año;Bajo pedido 24-48h;183,59 € + IVA;https://desguacesmadridnorte.com/71798-pieza.html
71800;1936BT97B;Aleta delantera izquierda;OPEL;Corsa;1.2 16v;2007;Comprobada, funcionando;1 año;Bajo pedido 24-48h;59,81 € + IVA;https://desguacesmadridnorte.com/71800-pieza.html
71803;6453RQ24C;Módulo electrónico;FORD;Fiesta;1.0 EcoBoost;2016;Desmontada de vehículo;1 año;Bajo pedido 24-48h;101,86 € + IVA;https://desguacesmadridnorte.com/71803-pieza.html
71804;1749MP73D;Motor completo;SKODA;Fabia;1.4 TDI;2016;Comprobada, funcionando;1 año;En stock;1.036,05 € + IVA;https://desguacesmadridnorte.com/71804-pieza.html
71807;9076BJ78E;Bomba de dirección;OPEL;Astra;1.7 CDTI;2016;Comprobada, funcionando;1 año;En stock;58,56 € + IVA;https://desguacesmadridnorte.com/71807-pieza.html
71810;7757CW72E;Cinturón de seguridad;RENAULT;Clio;1.5 dCi;2016;Desmontada de vehículo;1 año;Bajo pedido 24-48h;64,49 € + IVA;https://desguacesmadridnorte.com/71810-pieza.html
71812;4315QD84E;Motor de arranque;BMW;Serie 3;318d;2011;Desmontada de vehículo;1 año;Bajo pedido 24-48h;130,97 € + IVA;https://desguacesmadridnorte.com/71812-pieza.html
71815;2698LV71F;Airbag volante;OPEL;Corsa;1.3 CDTI;2005;Sin comprobar;1 año;En stock;103,32 € + IVA;https://desguacesmadridnorte.com/71815-pieza.html
71817;6081YL66F;Bomba de agua;FORD;Focus;1.6 TDCi;2020;Desmontada de vehículo;1 año;En stock;92,11 € + IVA;https://desguacesmadridnorte.com/71817-pieza.html
71818;3112HV67F;Centralita motor;NISSAN;Juke;1.5 dCi;2011;Comprobada, funcionando;1 año;En stock;85,51 € + IVA;https://desguacesmadridnorte.com/71818-pieza.html
71821;7094DM57B;Paso de rueda trasero izquierdo;SKODA;Octavia;2.0 TDI;2016;Comprobada, funcionando;1 año;Bajo pedido 24-48h;30,46 € + IVA;https://desguacesmadridnorte.com/71821-pieza.html
71823;6864SQ79E;Elevalunas delantero izquierdo;CITROEN;C3;1.4 HDi;2011;Comprobada, funcionando;1 año;En stock;34,22 € + IVA;https://desguacesmadridnorte.com/71823-pieza.html
71826;6276TM33B;Caja de cambios;CITROEN;C3;1.2 PureTech;2012;Desmontada de vehículo;1 año;En stock;187,92 € + IVA;https://desguacesmadridnorte.com/71826-pieza.html
71828;6589PE55E;Centralita motor;SEAT;Ibiza;1.9 TDI;2012;Comprobada, funcionando;1 año;En stock;263,28 € + IVA;https://desguacesmadridnorte.com/71828-pieza.html
71830;3610AH84D;Parachoques trasero;CITROEN;C4;1.6 HDi;2009;Comprobada, funcionando;1 año;Bajo pedido 24-48h;109,31 € + IVA;https://desguacesmadridnorte.com/71830-pieza.html
71833;8120CZ60F;Capó;MERCEDES-BENZ;Clase E Coupé;250 CDI;2010;Sin comprobar;1 año;Bajo pedido 24-48h;166,62 € + IVA;https://desguacesmadridnorte.com/71833-pieza.html
71834;1366CX65D;Puerta delantera derecha;KIA;Ceed;1.4 CRDi;2008;Desmontada de vehículo;1 año;En stock;120,89 € + IVA;https://desguacesmadridnorte.com/71834-pieza.html
71836;2989ZC88E;Retrovisor izquierdo;HYUNDAI;Tucson;2.0 CRDi;2018;Desmontada de vehículo;1 año;En stock;42,06 € + IVA;https://desguacesmadridnorte.com/71836-pieza.html
71837;6916GN74B;Puerta trasera izquierda;HYUNDAI;Tucson;1.7 CRDi;2012;Comprobada, funcionando;1 año;En stock;256,36 € + IVA;https://desguacesmadridnorte.com/71837-pieza.html
71840;1825DP90F;Puerta delantera izquierda;BMW;Serie 3;318d;2009;Comprobada, funcionando;1 año;En stock;460,45 € + IVA;https://desguacesmadridnorte.com/71840-pieza.html
71841;2393AB15D;Capó;RENAULT;Megane;1.5 dCi;2008;Desmontada de vehículo;1 año;Bajo pedido 24-48h;171,06 € + IVA;https://desguacesmadridnorte.com/71841-pieza.html
71842;5197NN16F;Centralita motor;TOYOTA;Corolla;1.4 D-4D;2021;Comprobada, funcionando;1 año;Bajo pedido 24-48h;287,16 € + IVA;https://desguacesmadridnorte.com/71842-pieza.html
71844;7837RZ88F;Puerta delantera izquierda;MERCEDES-BENZ;CLA;180 CDI;2017;Sin comprobar;1 año;En stock;212,33 € + IVA;https://desguacesmadridnorte.com/71844-pieza.html
71845;8217NN77A;Airbag volante;BMW;X1;18d;2015;Comprobada, funcionando;1 año;En stock;294,83 € + IVA;https://desguacesmadridnorte.com/71845-pieza.html
71847;3428HG40F;Intercooler;OPEL;Corsa;1.2 16v;2010;Desmontada de vehículo;1 año;Bajo pedido 24-48h;57,80 € + IVA;https://desguacesmadridnorte.com/71847-pieza.html
71849;2445TP92B;Amortiguador delantero;VOLKSWAGEN;Golf;1.4 TSI;2005;Desmontada de vehículo;1 año;Bajo pedido 24-48h;63,50 € + IVA;https://desguacesmadridnorte.com/71849-pieza.html
71852;4316NP64B;Puerta trasera izquierda;NISSAN;Qashqai;1.5 dCi;2006;Comprobada, funcionando;1 año;Bajo pedido 24-48h;97,45 € + IVA;https://desguacesmadridnorte.com/71852-pieza.html
71854;1650NG18D;Cuadro de instrumentos;NISSAN;Qashqai;1.6 dCi;2006;Desmontada de vehículo;1 año;Bajo pedido 24-48h;187,79 € + IVA;https://desguacesmadridnorte.com/71854-pieza.html
71857;3247SH91D;Aleta delantera izquierda;HYUNDAI;Tucson;2.0 CRDi;2012;Comprobada, funcionando;1 año;Bajo pedido 24-48h;58,52 € + IVA;https://desguacesmadridnorte.com/71857-pieza.html
71858;4869AA25B;Cuadro de instrumentos;RENAULT;Megane;1.5 dCi;2016;Comprobada, funcionando;1 año;Bajo pedido 24-48h;65,91 € + IVA;https://desguacesmadridnorte.com/71858-pieza.html
71859;2330LP35E;Retrovisor izquierdo;KIA;Sportage;2.0 CRDi;2018;Comprobada, funcionando;1 año;En stock;58,52 € + IVA;https://desguacesmadridnorte.com/71859-pieza.html
71862;9016AR21E;Puerta trasera izquierda;RENAULT;Megane;1.6 dCi;2020;Comprobada, funcionando;1 año;Bajo pedido 24-48h;203,15 € + IVA;https://desguacesmadridnorte.com/71862-pieza.html
71865;2767RL90F;Motor de arranque;NISSAN;Qashqai;1.5 dCi;2009;Desmontada de vehículo;1 año;En stock;57,62 € + IVA;https://desguacesmadridnorte.com/71865-pieza.html
71868;7552ED78B;Alternador;NISSAN;Qashqai;1.6 dCi;2019;Comprobada, funcionando;1 año;En stock;50,00 € + IVA;https://desguacesmadridnorte.com/71868-pieza.html
71870;2683AZ16D;Bomba de dirección;VOLKSWAGEN;Passat;2.0 TDI;2015;Comprobada, funcionando;1 año;En stock;182,46 € + IVA;https://desguacesmadridnorte.com/71870-pieza.html
71873;3901SB89B;Cuadro de instrumentos;BMW;X1;20d;2011;Sin comprobar;1 año;Bajo pedido 24-48h;202,80 € + IVA;https://desguacesmadridnorte.com/71873-pieza.html
71874;1930EV76B;Módulo electrónico;RENAULT;Megane;1.5 dCi;2011;Desmontada de vehículo;1 año;Bajo pedido 24-48h;48,05 € + IVA;https://desguacesmadridnorte.com/71874-pieza.html
71877;7464HY24E;Colector de admisión;SKODA;Octavia;2.0 TDI;2009;Sin comprobar;1 año;Bajo pedido 24-48h;109,06 € + IVA;https://desguacesmadridnorte.com/71877-pieza.html
71880;9659NK98C;Motor completo;MERCEDES-BENZ;Clase E Coupé;250 CDI;2009;Desmontada de vehículo;1 año;En stock;1.599,01 € + IVA;https://desguacesmadridnorte.com/71880-pieza.html
71882;2187LM88C;Cremallera de dirección;SEAT;Ibiza;1.2 TSI;2012;Comprobada, funcionando;1 año;Bajo pedido 24-48h;166,62 € + IVA;https://desguacesmadridnorte.com/71882-pieza.html
71884;3984XJ74E;Parachoques delantero;FORD;Fusion;1.4 TDCi;2008;Desmontada de vehículo;1 año;En stock;144,92 € + IVA;https://desguacesmadridnorte.com/71884-pieza.html
71887;4038NJ98E;Compresor aire acondicionado;OPEL;Corsa;1.3 CDTI;2019;Comprobada, funcionando;1 año;En stock;168,56 € + IVA;https://desguacesmadridnorte.com/71887-pieza.html
71890;6836AP57D;Motor completo;FORD;Fiesta;1.0 EcoBoost;2005;Comprobada, funcionando;1 año;Bajo pedido 24-48h;532,88 € + IVA;https://desguacesmadridnorte.com/71890-pieza.html
71892;2831TF40D;Puerta trasera izquierda;AUDI;A3;1.6 TDI;2008;Desmontada de vehículo;1 año;En stock;311,57 € + IVA;https://desguacesmadridnorte.com/71892-pieza.html
71893;3860BY12C;Paso de rueda trasero izquierdo;PEUGEOT;3008;2.0 HDi;2018;Comprobada, funcionando;1 año;En stock;55,79 € + IVA;https://desguacesmadridnorte.com/71893-pieza.html
71894;8987ZG70B;Portón trasero;CITROEN;C3;1.4 HDi;2019;Comprobada, funcionando;1 año;En stock;180,18 € + IVA;https://desguacesmadridnorte.com/71894-pieza.html
71897;5250AL17C;Piloto trasero derecho;TOYOTA;Proace City;1.5 D-4D;2014;Comprobada, funcionando;1 año;En stock;56,21 € + IVA;https://desguacesmadridnorte.com/71897-pieza.html
71898;2106AV13F;Turbo;SKODA;Octavia;1.6 TDI;2019;Sin comprobar;1 año;En stock;709,11 € + IVA;https://desguacesmadridnorte.com/71898-pieza.html
71901;1632EX58B;Módulo electrónico;FORD;Fiesta;1.0 EcoBoost;2005;Sin comprobar;1 año;En stock;105,14 € + IVA;https://desguacesmadridnorte.com/71901-pieza.html
71904;8149JZ49A;Puerta delantera izquierda;NISSAN;Qashqai;1.5 dCi;2019;Comprobada, funcionando;1 año;En stock;206,20 € + IVA;https://desguacesmadridnorte.com/71904-pieza.html
71905;5116QQ13E;Caja de cambios;MERCEDES-BENZ;Clase A;200 CDI;2015;Comprobada, funcionando;1 año;En stock;508,71 € + IVA;https://desguacesmadridnorte.com/71905-pieza.html
71907;3978EY15E;Puerta delantera derecha;FORD;Fiesta;1.5 TDCi;2019;Comprobada, funcionando;1 año;En stock;208,17 € + IVA;https://desguacesmadridnorte.com/71907-pieza.html
71910;1889RW93D;Capó;CITROEN;C3;1.4 HDi;2019;Comprobada, funcionando;1 año;Bajo pedido 24-48h;96,99 € + IVA;https://desguacesmadridnorte.com/71910-pieza.html
71912;1743ZS86D;Retrovisor izquierdo;NISSAN;Qashqai;1.6 dCi;2011;Comprobada, funcionando;1 año;Bajo pedido 24-48h;70,09 € + IVA;https://desguacesmadridnorte.com/71912-pieza.html
71915;1894LR69F;Radiador;TOYOTA;Corolla;1.4 D-4D;2020;Desmontada de vehículo;1 año;Bajo pedido 24-48h;126,13 € + IVA;https://desguacesmadridnorte.com/71915-pieza.html
71918;7094KH77F;Retrovisor izquierdo;TOYOTA;Camry;2.5 Hybrid;2006;Comprobada, funcionando;1 año;Bajo pedido 24-48h;113,07 € + IVA;https://desguacesmadridnorte.com/71918-pieza.html
71921;6350TH95B;Motor de arranque;SEAT;Ibiza;1.9 TDI;2008;Comprobada, funcionando;1 año;En stock;97,41 € + IVA;https://desguacesmadridnorte.com/71921-pieza.html
71924;2652XE55E;Cárter;KIA;Ceed;1.4 CRDi;2018;Desmontada de vehículo;1 año;Bajo pedido 24-48h;73,84 € + IVA;https://desguacesmadridnorte.com/71924-pieza.html
71926;2772RF19E;Motor completo;VOLKSWAGEN;Polo;1.4 TDI;2020;Desmontada de vehículo;1 año;En stock;749,10 € + IVA;https://desguacesmadridnorte.com/71926-pieza.html
71929;2326GC51E;Alternador;FORD;Focus;1.6 TDCi;2008;Comprobada, funcionando;1 año;Bajo pedido 24-48h;28,54 € + IVA;https://desguacesmadridnorte.com/71929-pieza.html
71930;9321PG63C;Puerta delantera derecha;FORD;Fiesta;1.0 EcoBoost;2017;Comprobada, funcionando;1 año;En stock;120,00 € + IVA;https://desguacesmadridnorte.com/71930-pieza.html
71931;5364YX11B;Turbo;SKODA;Octavia;2.0 TDI;2009;Sin comprobar;1 año;Bajo pedido 24-48h;390,80 € + IVA;https://desguacesmadridnorte.com/71931-pieza.html
71934;3890AR32C;Retrovisor izquierdo;PEUGEOT;3008;1.6 HDi;2005;Desmontada de vehículo;1 año;Bajo pedido 24-48h;110,47 € + IVA;https://desguacesmadridnorte.com/71934-pieza.html
71937;7299JP13F;Colector de admisión;BMW;X1;18d;2011;Comprobada, funcionando;1 año;Bajo pedido 24-48h;155,17 € + IVA;https://desguacesmadridnorte.com/71937-pieza.html
71939;9576CR96E;Compresor aire acondicionado;OPEL;Corsa;1.3 CDTI;2006;Comprobada, funcionando;1 año;En stock;61,47 € + IVA;https://desguacesmadridnorte.com/71939-pieza.html
71942;9229VJ75F;Aleta delantera izquierda;FORD;Fiesta;1.5 TDCi;2006;Desmontada de vehículo;1 año;En stock;39,34 € + IVA;https://desguacesmadridnorte.com/71942-pieza.html
71944;2983GH11D;Retrovisor izquierdo;FORD;Focus;2.0 TDCi;2006;Comprobada, funcionando;1 año;En stock;31,19 € + IVA;https://desguacesmadridnorte.com/71944-pieza.html
71947;4114DT38A;Catalizador;PEUGEOT;208;1.6 HDi;2018;Comprobada, funcionando;1 año;En stock;275,43 € + IVA;https://desguacesmadridnorte.com/71947-pieza.html
71950;8964HE91F;Parachoques delantero;KIA;Sportage;1.7 CRDi;2010;Desmontada de vehículo;1 año;En stock;165,16 € + IVA;https://desguacesmadridnorte.com/71950-pieza.html
71951;7163PC81C;Intercooler;AUDI;A3;1.6 TDI;2015;Desmontada de vehículo;1 año;En stock;127,58 € + IVA;https://desguacesmadridnorte.com/71951-pieza.html
71952;6009JB32C;Faro delantero izquierdo;RENAULT;Captur;0.9 TCe;2020;Comprobada, funcionando;1 año;En stock;222,64 € + IVA;https://desguacesmadridnorte.com/71952-pieza.html
71953;8566FC74C;Faro delantero izquierdo;SKODA;Fabia;1.4 TDI;2010;Desmontada de vehículo;1 año;En stock;149,24 € + IVA;https://desguacesmadridnorte.com/71953-pieza.html
71956;2225VB83C;Aleta delantera izquierda;AUDI;A4;3.0 TDI;2011;Comprobada, funcionando;1 año;En stock;88,66 € + IVA;https://desguacesmadridnorte.com/71956-pieza.html
71959;4063CT63D;Parachoques trasero;TOYOTA;Camry;2.5 Hybrid;2014;Comprobada, funcionando;1 año;En stock;177,72 € + IVA;https://desguacesmadridnorte.com/71959-pieza.html
71962;8866SC21A;Colector de admisión;MERCEDES-BENZ;CLA;180 CDI;2019;Comprobada, funcionando;1 año;Bajo pedido 24-48h;90,25 € + IVA;https://desguacesmadridnorte.com/71962-pieza.html
71964;6634PT64D;Elevalunas delantero izquierdo;AUDI;A3;1.6 TDI;2012;Comprobada, funcionando;1 año;Bajo pedido 24-48h;119,62 € + IVA;https://desguacesmadridnorte.com/71964-pieza.html
71967;1464MX54F;Elevalunas delantero izquierdo;SKODA;Octavia;1.6 TDI;2016;Desmontada de vehículo;1 año;En stock;65,24 € + IVA;https://desguacesmadridnorte.com/71967-pieza.html
71969;7368DJ24B;Cinturón de seguridad;TOYOTA;Proace City;1.5 D-4D;2011;Comprobada, funcionando;1 año;En stock;45,15 € + IVA;https://desguacesmadridnorte.com/71969-pieza.html
71970;2885MS40A;Puerta delantera izquierda;KIA;Ceed;1.6 CRDi;2019;Comprobada, funcionando;1 año;En stock;363,43 € + IVA;https://desguacesmadridnorte.com/71970-pieza.html
71971;1578KD80C;Aleta delantera izquierda;PEUGEOT;208;1.6 HDi;2008;Comprobada, funcionando;1 año;Bajo pedido 24-48h;70,99 € + IVA;https://desguacesmadridnorte.com/71971-pieza.html
71972;5496WQ34E;Intercooler;PEUGEOT;208;1.6 HDi;2020;Sin comprobar;1 año;En stock;155,44 € + IVA;https://desguacesmadridnorte.com/71972-pieza.html
71975;3308NN73E;Piloto trasero izquierdo;TOYOTA;Corolla;1.8 Hybrid;2009;Comprobada, funcionando;1 año;Bajo pedido 24-48h;34,54 € + IVA;https://desguacesmadridnorte.com/71975-pieza.html
71976;9411QZ17C;Cárter;PEUGEOT;208;1.6 HDi;2019;Sin comprobar;1 año;En stock;101,38 € + IVA;https://desguacesmadridnorte.com/71976-pieza.html
71977;8542SX65D;Parachoques delantero;SKODA;Octavia;2.0 TDI;2020;Comprobada, funcionando;1 año;En stock;133,19 € + IVA;https://desguacesmadridnorte.com/71977-pieza.html
71979;9313CN54E;Paso de rueda trasero izquierdo;AUDI;Q3;1.4 TFSI;2017;Desmontada de vehículo;1 año;En stock;37,55 € + IVA;https://desguacesmadridnorte.com/71979-pieza.html
71980;8905ME12E;Retrovisor derecho;KIA;Sportage;2.0 CRDi;2006;Desmontada de vehículo;1 año;En stock;84,41 € + IVA;https://desguacesmadridnorte.com/71980-pieza.html
71983;1842FS90A;Intercooler;RENAULT;Clio;1.5 dCi;2013;Sin comprobar;1 año;En stock;73,61 € + IVA;https://desguacesmadridnorte.com/71983-pieza.html
71985;2867DB29B;Puerta delantera derecha;BMW;Serie 3;320d;2021;Comprobada, funcionando;1 año;En stock;278,86 € + IVA;https://desguacesmadridnorte.com/71985-pieza.html
71987;6289VM83A;Capó;SEAT;León;2.0 TDI;2020;Comprobada, funcionando;1 año;Bajo pedido 24-48h;242,76 € + IVA;https://desguacesmadridnorte.com/71987-pieza.html
71988;2625XQ31A;Motor de arranque;FORD;Fiesta;1.5 TDCi;2019;Comprobada, funcionando;1 año;En stock;63,22 € + IVA;https://desguacesmadridnorte.com/71988-pieza.html
71991;3823TL23D;Retrovisor izquierdo;VOLKSWAGEN;Passat;1.6 TDI;2014;Comprobada, funcionando;1 año;Bajo pedido 24-48h;41,49 € + IVA;https://desguacesmadridnorte.com/71991-pieza.html
71992;2124BL70E;Bomba de agua;AUDI;A4;3.0 TDI;2011;Desmontada de vehículo;1 año;Bajo pedido 24-48h;59,21 € + IVA;https://desguacesmadridnorte.com/71992-pieza.html
71993;2140VY69B;Motor completo;HYUNDAI;i30;1.6 CRDi;2011;Comprobada, funcionando;1 año;En stock;1.500,28 € + IVA;https://desguacesmadridnorte.com/71993-pieza.html
71996;8499AN77F;Capó;CITROEN;C4;1.6 HDi;2005;Desmontada de vehículo;1 año;En stock;52,44 € + IVA;https://desguacesmadridnorte.com/71996-pieza.html
71997;6524NA74C;Módulo electrónico;CITROEN;C4;1.6 HDi;2010;Desmontada de vehículo;1 año;En stock;115,96 € + IVA;https://desguacesmadridnorte.com/71997-pieza.html
71999;6447VC32E;Faro delantero derecho;HYUNDAI;i30;1.4 CRDi;2006;Desmontada de vehículo;1 año;En stock;76,99 € + IVA;https://desguacesmadridnorte.com/71999-pieza.html
72000;7531FH93C;Puerta delantera derecha;AUDI;Q3;1.4 TFSI;2015;Comprobada, funcionando;1 año;Bajo pedido 24-48h;481,85 € + IVA;https://desguacesmadridnorte.com/72000-pieza.html
72001;9088FY21C;Bomba de agua;CITROEN;C4;1.6 VTi;2007;Desmontada de vehículo;1 año;En stock;19,98 € + IVA;https://desguacesmadridnorte.com/72001-pieza.html
72002;9094LE67A;Piloto trasero derecho;RENAULT;Megane;1.5 dCi;2016;Desmontada de vehículo;1 año;En stock;31,86 € + IVA;https://desguacesmadridnorte.com/72002-pieza.html
72003;8681XH45D;Portón trasero;FORD;Focus;1.6 TDCi;2014;Sin comprobar;1 año;En stock;178,94 € + IVA;https://desguacesmadridnorte.com/72003-pieza.html
72006;3655PB92B;Aleta delantera izquierda;CITROEN;C4;1.6 HDi;2010;Desmontada de vehículo;1 año;En stock;138,07 € + IVA;https://desguacesmadridnorte.com/72006-pieza.html
72009;2702PJ98A;Retrovisor izquierdo;OPEL;Astra;1.6 CDTI;2009;Desmontada de vehículo;1 año;Bajo pedido 24-48h;81,52 € + IVA;https://desguacesmadridnorte.com/72009-pieza.html
72010;4166BD99A;Cárter;PEUGEOT;208;1.4 HDi;2012;Comprobada, funcionando;1 año;En stock;88,33 € + IVA;https://desguacesmadridnorte.com/72010-pieza.html
72013;8087TG13A;Puerta trasera izquierda;MERCEDES-BENZ;Clase E Coupé;220 CDI;2008;Comprobada, funcionando;1 año;Bajo pedido 24-48h;363,32 € + IVA;https://desguacesmadridnorte.com/72013-pieza.html
72014;5529YY33D;Piloto trasero derecho;KIA;Sportage;1.7 CRDi;2007;Sin comprobar;1 año;Bajo pedido 24-48h;57,55 € + IVA;https://desguacesmadridnorte.com/72014-pieza.html
72016;2144QM75D;Amortiguador delantero;VOLKSWAGEN;Polo;1.4 TDI;2005;Desmontada de vehículo;1 año;Bajo pedido 24-48h;51,75 € + IVA;https://desguacesmadridnorte.com/72016-pieza.html
72019;9383ZX56E;Faro delantero derecho;TOYOTA;Camry;2.5 Hybrid;2012;Sin comprobar;1 año;Bajo pedido 24-48h;58,50 € + IVA;https://desguacesmadridnorte.com/72019-pieza.html
72020;7515JK71D;Colector de admisión;SKODA;Fabia;1.4 TDI;2011;Sin comprobar;1 año;En stock;114,18 € + IVA;https://desguacesmadridnorte.com/72020-pieza.html
72023;6376XY31B;Catalizador;PEUGEOT;3008;1.6 HDi;2020;Comprobada, funcionando;1 año;En stock;488,88 € + IVA;https://desguacesmadridnorte.com/72023-pieza.html
72024;3791SS20B;Cuadro de instrumentos;KIA;Ceed;1.6 CRDi;2014;Comprobada, funcionando;1 año;Bajo pedido 24-48h;230,25 € + IVA;https://desguacesmadridnorte.com/72024-pieza.html
72025;5641CC82E;Radiador;CITROEN;C3;1.4 HDi;2007;Comprobada, funcionando;1 año;Bajo pedido 24-48h;70,85 € + IVA;https://desguacesmadridnorte.com/72025-pieza.html
72027;5227RG74A;Compresor aire acondicionado;FORD;Fusion;1.4 TDCi;2014;Desmontada de vehículo;1 año;Bajo pedido 24-48h;209,63 € + IVA;https://desguacesmadridnorte.com/72027-pieza.html
72028;7729YV81C;Parachoques trasero;TOYOTA;Camry;2.5 Hybrid;2011;Comprobada, funcionando;1 año;En stock;208,88 € + IVA;https://desguacesmadridnorte.com/72028-pieza.html
72029;8652ST14F;Portón trasero;SKODA;Octavia;2.0 TDI;2009;Comprobada, funcionando;1 año;Bajo pedido 24-48h;165,99 € + IVA;https://desguacesmadridnorte.com/72029-pieza.html
72031;7169FR33C;Intercooler;SEAT;Ibiza;1.9 TDI;2012;Comprobada, funcionando;1 año;Bajo pedido 24-48h;85,72 € + IVA;https://desguacesmadridnorte.com/72031-pieza.html
72032;3967ZC88D;Puerta delantera izquierda;AUDI;A3;1.4 TFSI;2012;Comprobada, funcionando;1 año;En stock;129,33 € + IVA;https://desguacesmadridnorte.com/72032-pieza.html
72034;2471TR86B;Puerta trasera izquierda;AUDI;Q3;2.0 TDI;2014;Comprobada, funcionando;1 año;En stock;186,50 € + IVA;https://desguacesmadridnorte.com/72034-pieza.html
72036;7762BS52E;Bomba de dirección;PEUGEOT;308;2.0 HDi;2011;Desmontada de vehículo;1 año;Bajo pedido 24-48h;38,55 € + IVA;https://desguacesmadridnorte.com/72036-pieza.html
72037;8300HN51B;Puerta trasera izquierda;NISSAN;Qashqai;1.6 dCi;2016;Comprobada, funcionando;1 año;En stock;278,95 € + IVA;https://desguacesmadridnorte.com/72037-pieza.html
72039;5578YC33F;Portón trasero;OPEL;Corsa;1.3 CDTI;2015;Comprobada, funcionando;1 año;Bajo pedido 24-48h;155,56 € + IVA;https://desguacesmadridnorte.com/72039-pieza.html
72042;1867ZF56C;Colector de admisión;SKODA;Octavia;2.0 TDI;2017;Comprobada, funcionando;1 año;En stock;173,50 € + IVA;https://desguacesmadridnorte.com/72042-pieza.html
72043;5981DY53B;Módulo electrónico;BMW;Serie 1;120i;2009;Desmontada de vehículo;1 año;Bajo pedido 24-48h;228,55 € + IVA;https://desguacesmadridnorte.com/72043-pieza.html
72046;5761YV40B;Amortiguador delantero;SEAT;Ateca;1.5 TSI;2016;Comprobada, funcionando;1 año;Bajo pedido 24-48h;73,95 € + IVA;https://desguacesmadridnorte.com/72046-pieza.html
72047;7344KW49D;Turbo;HYUNDAI;Tucson;2.0 CRDi;2009;Sin comprobar;1 año;En stock;253,85 € + IVA;https://desguacesmadridnorte.com/72047-pieza.html
72050;7822XL21E;Compresor aire acondicionado;RENAULT;Captur;0.9 TCe;2016;Comprobada, funcionando;1 año;En stock;119,48 € + IVA;https://desguacesmadridnorte.com/72050-pieza.html
72052;7560CP42C;Bomba de dirección;VOLKSWAGEN;Polo;1.2 TSI;2021;Desmontada de vehículo;1 año;Bajo pedido 24-48h;153,15 € + IVA;https://desguacesmadridnorte.com/72052-pieza.html
72053;6132GX43A;Faro delantero izquierdo;SEAT;Ibiza;1.9 TDI;2017;Comprobada, funcionando;1 año;En stock;121,83 € + IVA;https://desguacesmadridnorte.com/72053-pieza.html
72056;9727XT82B;Cinturón de seguridad;SKODA;Fabia;1.2 TSI;2012;Comprobada, funcionando;1 año;En stock;63,78 € + IVA;https://desguacesmadridnorte.com/72056-pieza.html
72057;5625TZ60A;Alternador;PEUGEOT;208;1.4 HDi;2005;Comprobada, funcionando;1 año;Bajo pedido 24-48h;31,45 € + IVA;https://desguacesmadridnorte.com/72057-pieza.html
72059;9500MY68C;Paso de rueda trasero izquierdo;SKODA;Octavia;2.0 TDI;2011;Sin comprobar;1 año;Bajo pedido 24-48h;39,60 € + IVA;https://desguacesmadridnorte.com/72059-pieza.html
72061;9271SW65D;Caja de cambios;VOLKSWAGEN;Golf;1.4 TSI;2014;Desmontada de vehículo;1 año;En stock;498,69 € + IVA;https://desguacesmadridnorte.com/72061-pieza.html
72064;3124AD31A;Centralita motor;SEAT;Ateca;1.5 TSI;2021;Desmontada de vehículo;1 año;En stock;323,97 € + IVA;https://desguacesmadridnorte.com/72064-pieza.html
72066;1067FK35D;Cuadro de instrumentos;KIA;Sportage;2.0 CRDi;2021;Comprobada, funcionando;1 año;Bajo pedido 24-48h;186,37 € + IVA;https://desguacesmadridnorte.com/72066-pieza.html
72067;2005QW56E;Puerta delantera izquierda;HYUNDAI;Tucson;1.7 CRDi;2008;Comprobada, funcionando;1 año;Bajo pedido 24-48h;301,57 € + IVA;https://desguacesmadridnorte.com/72067-pieza.html
72069;3509DF20B;Piloto trasero izquierdo;HYUNDAI;Tucson;1.7 CRDi;2009;Comprobada, funcionando;1 año;En stock;75,96 € + IVA;https://desguacesmadridnorte.com/72069-pieza.html
72072;2037NB44F;Aleta delantera izquierda;VOLKSWAGEN;Passat;2.0 TDI;2018;Comprobada, funcionando;1 año;Bajo pedido 24-48h;156,50 € + IVA;https://desguacesmadridnorte.com/72072-pieza.html
72074;5386NL89C;Módulo electrónico;MERCEDES-BENZ;Clase E Coupé;220 CDI;2013;Sin comprobar;1 año;En stock;289,40 € + IVA;https://desguacesmadridnorte.com/72074-pieza.html
72077;7331SS65D;Piloto trasero izquierdo;CITROEN;C4;1.6 VTi;2006;Comprobada, funcionando;1 año;Bajo pedido 24-48h;51,32 € + IVA;https://desguacesmadridnorte.com/72077-pieza.html
72080;4221EJ43C;Amortiguador delantero;HYUNDAI;Tucson;1.7 CRDi;2009;Comprobada, funcionando;1 año;Bajo pedido 24-48h;25,30 € + IVA;https://desguacesmadridnorte.com/72080-pieza.html
72083;6585AB96C;Catalizador;PEUGEOT;3008;1.6 HDi;2009;Desmontada de vehículo;1 año;Bajo pedido 24-48h;230,46 € + IVA;https://desguacesmadridnorte.com/72083-pieza.html
72084;9076FH63D;Cremallera de dirección;SEAT;Ibiza;1.9 TDI;2005;Comprobada, funcionando;1 año;En stock;107,25 € + IVA;https://desguacesmadridnorte.com/72084-pieza.html
72086;3819PC99E;Intercooler;PEUGEOT;308;1.6 HDi;2016;Desmontada de vehículo;1 año;Bajo pedido 24-48h;139,10 € + IVA;https://desguacesmadridnorte.com/72086-pieza.html
72087;7978TH23C;Motor completo;PEUGEOT;3008;2.0 HDi;2007;Desmontada de vehículo;1 año;En stock;1.779,33 € + IVA;https://desguacesmadridnorte.com/72087-pieza.html
72088;7604HB12C;Bomba de agua;TOYOTA;Corolla;1.4 D-4D;2014;Comprobada, funcionando;1 año;En stock;66,42 € + IVA;https://desguacesmadridnorte.com/72088-pieza.html
72089;2817LC74D;Airbag volante;HYUNDAI;i30;1.6 CRDi;2020;Desmontada de vehículo;1 año;Bajo pedido 24-48h;87,96 € + IVA;https://desguacesmadridnorte.com/72089-pieza.html
72091;5497KE79C;Capó;BMW;Serie 3;320d;2013;Comprobada, funcionando;1 año;Bajo pedido 24-48h;230,39 € + IVA;https://desguacesmadridnorte.com/72091-pieza.html
72093;2273ZJ30E;Motor de arranque;FORD;Fiesta;1.0 EcoBoost;2005;Comprobada, funcionando;1 año;Bajo pedido 24-48h;38,17 € + IVA;https://desguacesmadridnorte.com/72093-pieza.html
72096;1874MW47D;Bomba de dirección;NISSAN;Qashqai;1.5 dCi;2006;Comprobada, funcionando;1 año;En stock;48,01 € + IVA;https://desguacesmadridnorte.com/72096-pieza.html
72099;6316EB22D;Cuadro de instrumentos;FORD;Focus;1.6 TDCi;2008;Comprobada, funcionando;1 año;Bajo pedido 24-48h;60,40 € + IVA;https://desguacesmadridnorte.com/72099-pieza.html
72101;5719XF30A;Módulo electrónico;SKODA;Octavia;2.0 TDI;2006;Comprobada, funcionando;1 año;En stock;97,68 € + IVA;https://desguacesmadridnorte.com/72101-pieza.html
72104;9696DJ79D;Motor completo;CITROEN;C3;1.2 PureTech;2005;Desmontada de vehículo;1 año;Bajo pedido 24-48h;760,13 € + IVA;https://desguacesmadridnorte.com/72104-pieza.html
72106;7331GH47E;Cárter;OPEL;Astra;1.7 CDTI;2015;Comprobada, funcionando;1 año;Bajo pedido 24-48h;112,18 € + IVA;https://desguacesmadridnorte.com/72106-pieza.html
72107;2932MS90C;Motor de arranque;PEUGEOT;308;2.0 HDi;2015;Comprobada, funcionando;1 año;Bajo pedido 24-48h;37,54 € + IVA;https://desguacesmadridnorte.com/72107-pieza.html
72109;6021XD99B;Intercooler;BMW;X1;18d;2019;Comprobada, funcionando;1 año;En stock;271,72 € + IVA;https://desguacesmadridnorte.com/72109-pieza.html
72112;4349DT15A;Piloto trasero derecho;CITROEN;C3;1.4 HDi;2011;Comprobada, funcionando;1 año;En stock;52,31 € + IVA;https://desguacesmadridnorte.com/72112-pieza.html
72113;9116TA65B;Cinturón de seguridad;PEUGEOT;3008;1.6 HDi;2005;Comprobada, funcionando;1 año;En stock;40,83 € + IVA;https://desguacesmadridnorte.com/72113-pieza.html
72116;7192JW47D;Bomba de agua;PEUGEOT;3008;1.6 HDi;2011;Comprobada, funcionando;1 año;Bajo pedido 24-48h;25,88 € + IVA;https://desguacesmadridnorte.com/72116-pieza.html
72117;8166FY54F;Centralita motor;RENAULT;Clio;1.5 dCi;2020;Comprobada, funcionando;1 año;Bajo pedido 24-48h;250,78 € + IVA;https://desguacesmadridnorte.com/72117-pieza.html
72120;2811FP76A;Módulo electrónico;BMW;Serie 1;116d;2013;Comprobada, funcionando;1 año;Bajo pedido 24-48h;303,70 € + IVA;https://desguacesmadridnorte.com/72120-pieza.html
72122;5632TF22C;Cárter;SEAT;Ibiza;1.9 TDI;2021;Sin comprobar;1 año;En stock;31,43 € + IVA;https://desguacesmadridnorte.com/72122-pieza.html
72125;4607MX90B;Parachoques trasero;HYUNDAI;i30;1.4 CRDi;2017;Comprobada, funcionando;1 año;Bajo pedido 24-48h;238,24 € + IVA;https://desguacesmadridnorte.com/72125-pieza.html
72126;7972ZS92C;Elevalunas delantero izquierdo;VOLKSWAGEN;Golf;1.6 TDI;2006;Comprobada, funcionando;1 año;En stock;86,29 € + IVA;https://desguacesmadridnorte.com/72126-pieza.html
72129;9913MX68F;Catalizador;MERCEDES-BENZ;CLA;200 CDI;2013;Comprobada, funcionando;1 año;Bajo pedido 24-48h;541,92 € + IVA;https://desguacesmadridnorte.com/72129-pieza.html
72132;8396RM80E;Amortiguador delantero;RENAULT;Megane;1.5 dCi;2017;Comprobada, funcionando;1 año;En stock;54,02 € + IVA;https://desguacesmadridnorte.com/72132-pieza.html
72134;1773LG44C;Catalizador;BMW;Serie 1;118d;2014;Comprobada, funcionando;1 año;En stock;548,85 € + IVA;https://desguacesmadridnorte.com/72134-pieza.html
72135;2987XC64C;Elevalunas delantero izquierdo;AUDI;A3;1.4 TFSI;2005;Comprobada, funcionando;1 año;Bajo pedido 24-48h;54,43 € + IVA;https://desguacesmadridnorte.com/72135-pieza.html
72136;2594YM90D;Puerta delantera izquierda;VOLKSWAGEN;Golf;1.4 TSI;2017;Desmontada de vehículo;1 año;En stock;417,61 € + IVA;https://desguacesmadridnorte.com/72136-pieza.html
72138;3355WB69C;Airbag volante;CITROEN;C4;1.6 HDi;2018;Comprobada, funcionando;1 año;En stock;133,53 € + IVA;https://desguacesmadridnorte.com/72138-pieza.html
72139;3454SS87B;Bomba de dirección;HYUNDAI;i30;1.4 CRDi;2020;Sin comprobar;1 año;En stock;129,79 € + IVA;https://desguacesmadridnorte.com/72139-pieza.html
72140;5301LF73A;Aleta delantera izquierda;CITROEN;C4;1.6 HDi;2008;Comprobada, funcionando;1 año;En stock;44,75 € + IVA;https://desguacesmadridnorte.com/72140-pieza.html
72142;9876CQ47C;Intercooler;BMW;Serie 3;320d;2019;Comprobada, funcionando;1 año;Bajo pedido 24-48h;107,53 € + IVA;https://desguacesmadridnorte.com/72142-pieza.html
72144;9661WY91B;Faro delantero izquierdo;VOLKSWAGEN;Golf;1.4 TSI;2016;Desmontada de vehículo;1 año;En stock;128,28 € + IVA;https://desguacesmadridnorte.com/72144-pieza.html
72145;1707LL29F;Elevalunas delantero izquierdo;FORD;Fusion;1.4 TDCi;2015;Comprobada, funcionando;1 año;Bajo pedido 24-48h;70,91 € + IVA;https://desguacesmadridnorte.com/72145-pieza.html
72146;4840HY10D;Capó;AUDI;Q3;1.4 TFSI;2018;Comprobada, funcionando;1 año;En stock;169,69 € + IVA;https://desguacesmadridnorte.com/72146-pieza.html
72149;4038FT54D;Amortiguador delantero;VOLKSWAGEN;Golf;1.4 TSI;2008;Sin comprobar;1 año;En stock;22,66 € + IVA;https://desguacesmadridnorte.com/72149-pieza.html
72150;5219NR88B;Paso de rueda trasero izquierdo;HYUNDAI;i30;1.4 CRDi;2007;Desmontada de vehículo;1 año;Bajo pedido 24-48h;27,29 € + IVA;https://desguacesmadridnorte.com/72150-pieza.html
72151;9126BK51C;Motor completo;HYUNDAI;i30;1.6 CRDi;2018;Comprobada, funcionando;1 año;En stock;2.095,56 € + IVA;https://desguacesmadridnorte.com/72151-pieza.html
72153;3715TG65A;Retrovisor izquierdo;NISSAN;Qashqai;1.5 dCi;2020;Comprobada, funcionando;1 año;Bajo pedido 24-48h;109,21 € + IVA;https://desguacesmadridnorte.com/72153-pieza.html
72154;9743VD55A;Turbo;OPEL;Corsa;1.3 CDTI;2020;Desmontada de vehículo;1 año;En stock;521,23 € + IVA;https://desguacesmadridnorte.com/72154-pieza.html
72157;2977BT70C;Faro delantero derecho;PEUGEOT;3008;2.0 HDi;2005;Sin comprobar;1 año;En stock;34,12 € + IVA;https://desguacesmadridnorte.com/72157-pieza.html
72159;8942CB55B;Bomba de agua;SEAT;León;1.6 TDI;2015;Comprobada, funcionando;1 año;En stock;79,08 € + IVA;https://desguacesmadridnorte.com/72159-pieza.html
72161;9525ER94D;Bomba de agua;OPEL;Corsa;1.3 CDTI;2016;Comprobada, funcionando;1 año;En stock;83,46 € + IVA;https://desguacesmadridnorte.com/72161-pieza.html
72162;2551CR68C;Amortiguador delantero;RENAULT;Megane;1.6 dCi;2006;Comprobada, funcionando;1 año;Bajo pedido 24-48h;31,58 € + IVA;https://desguacesmadridnorte.com/72162-pieza.html
72164;3883XE52D;Parachoques trasero;FORD;Focus;1.6 TDCi;2011;Comprobada, funcionando;1 año;En stock;136,70 € + IVA;https://desguacesmadridnorte.com/72164-pieza.html
72167;6692EC52D;Bomba de agua;NISSAN;Qashqai;1.5 dCi;2020;Sin comprobar;1 año;En stock;28,57 € + IVA;https://desguacesmadridnorte.com/72167-pieza.html
72169;4789JE58C;Capó;MERCEDES-BENZ;Clase E Coupé;220 CDI;2007;Sin comprobar;1 año;En stock;110,72 € + IVA;https://desguacesmadridnorte.com/72169-pieza.html
72172;2079JP73C;Retrovisor izquierdo;KIA;Ceed;1.6 CRDi;2020;Desmontada de vehículo;1 año;En stock;133,59 € + IVA;https://desguacesmadridnorte.com/72172-pieza.html
72175;5975HY55D;Cuadro de instrumentos;PEUGEOT;208;1.4 HDi;2009;Comprobada, funcionando;1 año;Bajo pedido 24-48h;139,49 € + IVA;https://desguacesmadridnorte.com/72175-pieza.html
72178;8572AH26F;Faro delantero izquierdo;SEAT;León;1.6 TDI;2014;Comprobada, funcionando;1 año;Bajo pedido 24-48h;212,27 € + IVA;https://desguacesmadridnorte.com/72178-pieza.html
72180;8531VG71D;Cerradura puerta delantera;VOLKSWAGEN;Golf;1.6 TDI;2019;Comprobada, funcionando;1 año;Bajo pedido 24-48h;33,13 € + IVA;https://desguacesmadridnorte.com/72180-pieza.html
72182;5270SP66F;Airbag volante;NISSAN;Qashqai;1.6 dCi;2018;Comprobada, funcionando;1 año;En stock;113,00 € + IVA;https://desguacesmadridnorte.com/72182-pieza.html
72185;4504KT12F;Compresor aire acondicionado;RENAULT;Megane;1.5 dCi;2006;Desmontada de vehículo;1 año;Bajo pedido 24-48h;95,85 € + IVA;https://desguacesmadridnorte.com/72185-pieza.html
72187;4893CN15E;Aleta delantera izquierda;PEUGEOT;208;1.4 HDi;2013;Desmontada de vehículo;1 año;Bajo pedido 24-48h;64,66 € + IVA;https://desguacesmadridnorte.com/72187-pieza.html
72188;3790AZ52D;Intercooler;OPEL;Corsa;1.2 16v;2014;Comprobada, funcionando;1 año;En stock;172,71 € + IVA;https://desguacesmadridnorte.com/72188-pieza.html
72191;3127PD66E;Faro delantero izquierdo;FORD;Fusion;1.4 TDCi;2013;Desmontada de vehículo;1 año;Bajo pedido 24-48h;157,75 € + IVA;https://desguacesmadridnorte.com/72191-pieza.html
72194;6580RH33D;Cerradura puerta delantera;PEUGEOT;208;1.6 HDi;2013;Comprobada, funcionando;1 año;Bajo pedido 24-48h;25,92 € + IVA;https://desguacesmadridnorte.com/72194-pieza.html
72197;2384KX17F;Cremallera de dirección;NISSAN;Qashqai;1.6 dCi;2017;Comprobada, funcionando;1 año;En stock;306,60 € + IVA;https://desguacesmadridnorte.com/72197-pieza.html
72199;5595NJ44D;Airbag volante;SEAT;Ateca;2.0 TDI;2006;Desmontada de vehículo;1 año;En stock;66,20 € + IVA;https://desguacesmadridnorte.com/72199-pieza.html
72201;4440AC36E;Faro delantero derecho;AUDI;A4;2.0 TDI;2016;Comprobada, funcionando;1 año;Bajo pedido 24-48h;91,07 € + IVA;https://desguacesmadridnorte.com/72201-pieza.html
72204;7340XS18E;Paso de rueda trasero izquierdo;CITROEN;C4;1.6 HDi;2016;Desmontada de vehículo;1 año;Bajo pedido 24-48h;44,26 € + IVA;https://desguacesmadridnorte.com/72204-pieza.html
72207;9550RM86E;Motor completo;FORD;Fiesta;1.5 TDCi;2008;Comprobada, funcionando;1 año;En stock;678,13 € + IVA;https://desguacesmadridnorte.com/72207-pieza.html
72210;4609HF45F;Puerta trasera izquierda;MERCEDES-BENZ;Clase A;180 CDI;2019;Comprobada, funcionando;1 año;Bajo pedido 24-48h;324,37 € + IVA;https://desguacesmadridnorte.com/72210-pieza.html
72213;3037GA72E;Capó;KIA;Sportage;2.0 CRDi;2017;Comprobada, funcionando;1 año;Bajo pedido 24-48h;135,42 € + IVA;https://desguacesmadridnorte.com/72213-pieza.html
72214;4748HM63B;Módulo electrónico;BMW;Serie 3;318d;2006;Comprobada, funcionando;1 año;En stock;240,06 € + IVA;https://desguacesmadridnorte.com/72214-pieza.html
72216;3833BE86A;Turbo;SKODA;Fabia;1.4 TDI;2011;Comprobada, funcionando;1 año;Bajo pedido 24-48h;238,04 € + IVA;https://desguacesmadridnorte.com/72216-pieza.html
72219;9328QR78B;Airbag volante;HYUNDAI;Tucson;1.7 CRDi;2008;Sin comprobar;1 año;En stock;156,17 € + IVA;https://desguacesmadridnorte.com/72219-pieza.html
72221;2924DH89C;Puerta trasera izquierda;CITROEN;C4;1.6 VTi;2011;Comprobada, funcionando;1 año;En stock;255,56 € + IVA;https://desguacesmadridnorte.com/72221-pieza.html
72222;4140MA80A;Piloto trasero derecho;CITROEN;C3;1.2 PureTech;2009;Comprobada, funcionando;1 año;En stock;52,64 € + IVA;https://desguacesmadridnorte.com/72222-pieza.html
72225;8765LK60F;Parachoques delantero;MERCEDES-BENZ;Clase A;180 CDI;2010;Comprobada, funcionando;1 año;En stock;190,48 € + IVA;https://desguacesmadridnorte.com/72225-pieza.html
72228;2828HP28D;Parachoques delantero;AUDI;A3;1.6 TDI;2006;Comprobada, funcionando;1 año;Bajo pedido 24-48h;138,89 € + IVA;https://desguacesmadridnorte.com/72228-pieza.html
72231;3929WB62C;Centralita motor;SEAT;León;1.6 TDI;2005;Desmontada de vehículo;1 año;En stock;127,29 € + IVA;https://desguacesmadridnorte.com/72231-pieza.html
72234;4892EQ55E;Parachoques trasero;CITROEN;C4;1.6 HDi;2007;Desmontada de vehículo;1 año;Bajo pedido 24-48h;156,68 € + IVA;https://desguacesmadridnorte.com/72234-pieza.html
72236;3874CS70D;Cremallera de dirección;BMW;X1;20d;2018;Sin comprobar;1 año;En stock;314,86 € + IVA;https://desguacesmadridnorte.com/72236-pieza.html
72238;4190PC36E;Faro delantero derecho;CITROEN;C4;1.6 VTi;2007;Comprobada, funcionando;1 año;Bajo pedido 24-48h;98,42 € + IVA;https://desguacesmadridnorte.com/72238-pieza.html
72240;1914ET80F;Amortiguador delantero;NISSAN;Juke;1.5 dCi;2005;Desmontada de vehículo;1 año;En stock;40,84 € + IVA;https://desguacesmadridnorte.com/72240-pieza.html
72241;4311BK17E;Faro delantero izquierdo;FORD;Fusion;1.4 TDCi;2020;Desmontada de vehículo;1 año;En stock;64,99 € + IVA;https://desguacesmadridnorte.com/72241-pieza.html
72242;8275HA16B;Parachoques trasero;SEAT;Ibiza;1.9 TDI;2011;Sin comprobar;1 año;En stock;126,26 € + IVA;https://desguacesmadridnorte.com/72242-pieza.html
72245;7244PV64B;Intercooler;TOYOTA;Camry;2.5 Hybrid;2016;Desmontada de vehículo;1 año;Bajo pedido 24-48h;130,19 € + IVA;https://desguacesmadridnorte.com/72245-pieza.html
72246;9144KX13A;Turbo;OPEL;Corsa;1.3 CDTI;2007;Desmontada de vehículo;1 año;En stock;287,45 € + IVA;https://desguacesmadridnorte.com/72246-pieza.html
72247;4762DZ29E;Módulo electrónico;NISSAN;Juke;1.5 dCi;2019;Comprobada, funcionando;1 año;Bajo pedido 24-48h;164,01 € + IVA;https://desguacesmadridnorte.com/72247-pieza.html
72249;8156JF71B;Radiador;SKODA;Fabia;1.4 TDI;2019;Comprobada, funcionando;1 año;En stock;141,63 € + IVA;https://desguacesmadridnorte.com/72249-pieza.html
72252;4763MA55D;Portón trasero;NISSAN;Juke;1.5 dCi;2008;Desmontada de vehículo;1 año;Bajo pedido 24-48h;124,04 € + IVA;https://desguacesmadridnorte.com/72252-pieza.html
72255;7163YS23F;Piloto trasero izquierdo;OPEL;Astra;1.6 CDTI;2015;Comprobada, funcionando;1 año;En stock;24,52 € + IVA;https://desguacesmadridnorte.com/72255-pieza.html
72256;9566WE60B;Retrovisor izquierdo;CITROEN;C4;1.6 HDi;2008;Comprobada, funcionando;1 año;Bajo pedido 24-48h;49,76 € + IVA;https://desguacesmadridnorte.com/72256-pieza.html
72259;7075GX17C;Cuadro de instrumentos;CITROEN;C4;1.6 VTi;2010;Comprobada, funcionando;1 año;En stock;174,68 € + IVA;https://desguacesmadridnorte.com/72259-pieza.html
72262;1157CZ24E;Puerta delantera izquierda;KIA;Sportage;1.7 CRDi;2005;Sin comprobar;1 año;En stock;295,67 € + IVA;https://desguacesmadridnorte.com/72262-pieza.html
72264;4699SZ12A;Catalizador;MERCEDES-BENZ;Clase A;180 CDI;2018;Comprobada, funcionando;1 año;En stock;444,00 € + IVA;https://desguacesmadridnorte.com/72264-pieza.html
72265;2121PR40D;Turbo;OPEL;Astra;1.6 CDTI;2012;Comprobada, funcionando;1 año;Bajo pedido 24-48h;360,26 € + IVA;https://desguacesmadridnorte.com/72265-pieza.html
72268;1268TH63A;Elevalunas delantero izquierdo;KIA;Sportage;2.0 CRDi;2008;Comprobada, funcionando;1 año;Bajo pedido 24-48h;81,88 € + IVA;https://desguacesmadridnorte.com/72268-pieza.html
72271;5432BV43B;Portón trasero;HYUNDAI;i30;1.4 CRDi;2018;Comprobada, funcionando;1 año;Bajo pedido 24-48h;324,45 € + IVA;https://desguacesmadridnorte.com/72271-pieza.html
72274;7018XK40F;Retrovisor izquierdo;MERCEDES-BENZ;Clase A;180 CDI;2018;Desmontada de vehículo;1 año;En stock;70,04 € + IVA;https://desguacesmadridnorte.com/72274-pieza.html
72276;1862HN58B;Compresor aire acondicionado;PEUGEOT;308;2.0 HDi;2011;Comprobada, funcionando;1 año;En stock;73,79 € + IVA;https://desguacesmadridnorte.com/72276-pieza.html
72277;5163FZ29E;Capó;NISSAN;Juke;1.5 dCi;2010;Sin comprobar;1 año;En stock;106,50 € + IVA;https://desguacesmadridnorte.com/72277-pieza.html
72280;1514WP91A;Centralita motor;KIA;Sportage;1.7 CRDi;2013;Comprobada, funcionando;1 año;En stock;119,91 € + IVA;https://desguacesmadridnorte.com/72280-pieza.html
72282;1001RT66B;Bomba de agua;AUDI;Q3;2.0 TDI;2014;Desmontada de vehículo;1 año;Bajo pedido 24-48h;73,54 € + IVA;https://desguacesmadridnorte.com/72282-pieza.html
72285;4345DB79E;Puerta delantera derecha;FORD;Fusion;1.4 TDCi;2005;Comprobada, funcionando;1 año;En stock;184,67 € + IVA;https://desguacesmadridnorte.com/72285-pieza.html
72288;2440GB97E;Aleta delantera izquierda;KIA;Sportage;2.0 CRDi;2021;Comprobada, funcionando;1 año;En stock;221,19 € + IVA;https://desguacesmadridnorte.com/72288-pieza.html
72289;2383YN13B;Motor completo;SKODA;Fabia;1.2 TSI;2006;Sin comprobar;1 año;Bajo pedido 24-48h;952,64 € + IVA;https://desguacesmadridnorte.com/72289-pieza.html
72292;4243AL46C;Faro delantero izquierdo;MERCEDES-BENZ;Clase E Coupé;220 CDI;2005;Desmontada de vehículo;1 año;Bajo pedido 24-48h;228,11 € + IVA;https://desguacesmadridnorte.com/72292-pieza.html
72295;8696KH72D;Compresor aire acondicionado;FORD;Focus;2.0 TDCi;2016;Sin comprobar;1 año;En stock;150,50 € + IVA;https://desguacesmadridnorte.com/72295-pieza.html
72297;6306AB50C;Motor completo;NISSAN;Qashqai;1.6 dCi;2017;Desmontada de vehículo;1 año;Bajo pedido 24-48h;917,94 € + IVA;https://desguacesmadridnorte.com/72297-pieza.html
72299;1831LB81D;Paso de rueda trasero izquierdo;OPEL;Astra;1.6 CDTI;2010;Desmontada de vehículo;1 año;En stock;47,58 € + IVA;https://desguacesmadridnorte.com/72299-pieza.html
72302;1626PP25C;Motor de arranque;FORD;Fusion;1.4 TDCi;2021;Comprobada, funcionando;1 año;En stock;118,40 € + IVA;https://desguacesmadridnorte.com/72302-pieza.html
72304;4610KY83D;Aleta delantera izquierda;KIA;Ceed;1.6 CRDi;2015;Desmontada de vehículo;1 año;Bajo pedido 24-48h;111,63 € + IVA;https://desguacesmadridnorte.com/72304-pieza.html
72307;4271CQ99D;Colector de admisión;VOLKSWAGEN;Polo;1.2 TSI;2012;Desmontada de vehículo;1 año;Bajo pedido 24-48h;109,57 € + IVA;https://desguacesmadridnorte.com/72307-pieza.html
72309;2440FB15E;Alternador;SKODA;Fabia;1.4 TDI;2011;Comprobada, funcionando;1 año;Bajo pedido 24-48h;135,56 € + IVA;https://desguacesmadridnorte.com/72309-pieza.html
72312;5363CP84D;Colector de admisión;NISSAN;Juke;1.2 DIG-T;2005;Desmontada de vehículo;1 año;Bajo pedido 24-48h;79,86 € + IVA;https://desguacesmadridnorte.com/72312-pieza.html
72314;8337CG26D;Radiador;SEAT;Ateca;1.5 TSI;2010;Desmontada de vehículo;1 año;Bajo pedido 24-48h;65,01 € + IVA;https://desguacesmadridnorte.com/72314-pieza.html
72316;9504TG83A;Retrovisor izquierdo;NISSAN;Juke;1.5 dCi;2006;Comprobada, funcionando;1 año;En stock;73,82 € + IVA;https://desguacesmadridnorte.com/72316-pieza.html
72319;7731XA88D;Módulo electrónico;SEAT;León;1.6 TDI;2009;Comprobada, funcionando;1 año;En stock;146,59 € + IVA;https://desguacesmadridnorte.com/72319-pieza.html
72320;8588GD45A;Cinturón de seguridad;RENAULT;Megane;1.6 dCi;2018;Comprobada, funcionando;1 año;En stock;36,00 € + IVA;https://desguacesmadridnorte.com/72320-pieza.html
72321;7637HR66E;Retrovisor derecho;PEUGEOT;208;1.6 HDi;2012;Comprobada, funcionando;1 año;Bajo pedido 24-48h;99,92 € + IVA;https://desguacesmadridnorte.com/72321-pieza.html
72324;7104YY80C;Puerta delantera izquierda;AUDI;Q3;2.0 TDI;2007;Comprobada, funcionando;1 año;En stock;413,40 € + IVA;https://desguacesmadridnorte.com/72324-pieza.html
72327;3564QM98D;Faro delantero izquierdo;FORD;Fiesta;1.5 TDCi;2011;Comprobada, funcionando;1 año;En stock;168,62 € + IVA;https://desguacesmadridnorte.com/72327-pieza.html
72328;7080FR90E;Catalizador;RENAULT;Captur;1.5 dCi;2011;Desmontada de vehículo;1 año;En stock;275,90 € + IVA;https://desguacesmadridnorte.com/72328-pieza.html
72329;9689SY49F;Cinturón de seguridad;CITROEN;C4;1.6 VTi;2012;Sin comprobar;1 año;En stock;69,70 € + IVA;https://desguacesmadridnorte.com/72329-pieza.html
72332;1669FT35C;Airbag volante;BMW;Serie 1;120i;2013;Comprobada, funcionando;1 año;Bajo pedido 24-48h;121,17 € + IVA;https://desguacesmadridnorte.com/72332-pieza.html
72335;4802NV55C;Caja de cambios;BMW;X1;18d;2011;Comprobada, funcionando;1 año;En stock;960,86 € + IVA;https://desguacesmadridnorte.com/72335-pieza.html
72336;8371KF22A;Alternador;NISSAN;Qashqai;1.5 dCi;2015;Sin comprobar;1 año;Bajo pedido 24-48h;181,71 € + IVA;https://desguacesmadridnorte.com/72336-pieza.html
72337;5607DH71D;Centralita motor;AUDI;Q3;1.4 TFSI;2016;Comprobada, funcionando;1 año;En stock;174,57 € + IVA;https://desguacesmadridnorte.com/72337-pieza.html
72338;3388KR56B;Faro delantero izquierdo;NISSAN;Juke;1.5 dCi;2021;Comprobada, funcionando;1 año;En stock;158,29 € + IVA;https://desguacesmadridnorte.com/72338-pieza.html
72340;6017PC45D;Puerta delantera izquierda;VOLKSWAGEN;Polo;1.2 TSI;2014;Comprobada, funcionando;1 año;En stock;178,87 € + IVA;https://desguacesmadridnorte.com/72340-pieza.html
72342;7426QJ65D;Cárter;PEUGEOT;208;1.4 HDi;2013;Comprobada, funcionando;1 año;En stock;87,24 € + IVA;https://desguacesmadridnorte.com/72342-pieza.html
72344;5708FY55A;Motor de arranque;VOLKSWAGEN;Polo;1.4 TDI;2015;Comprobada, funcionando;1 año;En stock;128,45 € + IVA;https://desguacesmadridnorte.com/72344-pieza.html
72345;5530RG43F;Puerta delantera derecha;CITROEN;C3;1.2 PureTech;2010;Desmontada de vehículo;1 año;En stock;70,51 € + IVA;https://desguacesmadridnorte.com/72345-pieza.html
72347;3781FC53C;Cremallera de dirección;AUDI;A3;1.6 TDI;2010;Comprobada, funcionando;1 año;Bajo pedido 24-48h;288,79 € + IVA;https://desguacesmadridnorte.com/72347-pieza.html
72350;1566YK43A;Puerta delantera izquierda;AUDI;A4;3.0 TDI;2005;Comprobada, funcionando;1 año;En stock;215,24 € + IVA;https://desguacesmadridnorte.com/72350-pieza.html
72352;2211MW31D;Radiador;RENAULT;Captur;0.9 TCe;2011;Desmontada de vehículo;1 año;Bajo pedido 24-48h;38,25 € + IVA;https://desguacesmadridnorte.com/72352-pieza.html
72354;3506NV81B;Amortiguador delantero;TOYOTA;Proace City;1.5 D-4D;2017;Comprobada, funcionando;1 año;En stock;88,73 € + IVA;https://desguacesmadridnorte.com/72354-pieza.html
72357;7206HJ53A;Puerta delantera derecha;CITROEN;C4;1.6 HDi;2005;Desmontada de vehículo;1 año;Bajo pedido 24-48h;159,93 € + IVA;https://desguacesmadridnorte.com/72357-pieza.html
72360;4794NG56C;Portón trasero;SEAT;León;2.0 TDI;2006;Comprobada, funcionando;1 año;En stock;207,29 € + IVA;https://desguacesmadridnorte.com/72360-pieza.html
72362;5772LV80E;Cinturón de seguridad;MERCEDES-BENZ;Clase E Coupé;220 CDI;2019;Comprobada, funcionando;1 año;En stock;65,91 € + IVA;https://desguacesmadridnorte.com/72362-pieza.html
72363;4774VE22D;Capó;VOLKSWAGEN;Golf;2.0 TDI;2014;Desmontada de vehículo;1 año;Bajo pedido 24-48h;240,94 € + IVA;https://desguacesmadridnorte.com/72363-pieza.html
72364;9881JC47F;Cremallera de dirección;PEUGEOT;208;1.6 HDi;2009;Comprobada, funcionando;1 año;En stock;234,76 € + IVA;https://desguacesmadridnorte.com/72364-pieza.html
72365;6791TT35F;Intercooler;RENAULT;Clio;1.2 16v;2005;Desmontada de vehículo;1 año;En stock;117,57 € + IVA;https://desguacesmadridnorte.com/72365-pieza.html
72368;8813KP58C;Intercooler;RENAULT;Captur;0.9 TCe;2019;Comprobada, funcionando;1 año;En stock;164,93 € + IVA;https://desguacesmadridnorte.com/72368-pieza.html
72369;6151PV30F;Catalizador;VOLKSWAGEN;Passat;1.6 TDI;2009;Sin comprobar;1 año;Bajo pedido 24-48h;457,17 € + IVA;https://desguacesmadridnorte.com/72369-pieza.html
72370;7814HM50B;Parachoques trasero;FORD;Focus;2.0 TDCi;2010;Comprobada, funcionando;1 año;Bajo pedido 24-48h;150,12 € + IVA;https://desguacesmadridnorte.com/72370-pieza.html
72372;8715FY64A;Portón trasero;SEAT;Ateca;2.0 TDI;2019;Sin comprobar;1 año;Bajo pedido 24-48h;151,22 € + IVA;https://desguacesmadridnorte.com/72372-pieza.html
72375;1708JT53E;Retrovisor izquierdo;FORD;Fiesta;1.0 EcoBoost;2014;Desmontada de vehículo;1 año;Bajo pedido 24-48h;87,58 € + IVA;https://desguacesmadridnorte.com/72375-pieza.html
72376;4170AZ99B;Portón trasero;BMW;Serie 1;120i;2008;Desmontada de vehículo;1 año;En stock;352,26 € + IVA;https://desguacesmadridnorte.com/72376-pieza.html
72379;1055NN22D;Puerta trasera izquierda;SEAT;León;2.0 TDI;2009;Desmontada de vehículo;1 año;Bajo pedido 24-48h;243,59 € + IVA;https://desguacesmadridnorte.com/72379-pieza.html
72381;3179CT36D;Elevalunas delantero izquierdo;VOLKSWAGEN;Golf;1.4 TSI;2009;Sin comprobar;1 año;Bajo pedido 24-48h;61,01 € + IVA;https://desguacesmadridnorte.com/72381-pieza.html
72384;4330VJ14E;Bomba de dirección;OPEL;Corsa;1.2 16v;2020;Sin comprobar;1 año;Bajo pedido 24-48h;108,10 € + IVA;https://desguacesmadridnorte.com/72384-pieza.html
72386;1923GE61E;Caja de cambios;NISSAN;Qashqai;1.5 dCi;2017;Desmontada de vehículo;1 año;En stock;542,91 € + IVA;https://desguacesmadridnorte.com/72386-pieza.html
72388;1812RD49B;Cárter;FORD;Fiesta;1.0 EcoBoost;2021;Comprobada, funcionando;1 año;En stock;48,42 € + IVA;https://desguacesmadridnorte.com/72388-pieza.html
72390;7071FK28E;Colector de admisión;SEAT;Ateca;1.5 TSI;2014;Comprobada, funcionando;1 año;En stock;105,99 € + IVA;https://desguacesmadridnorte.com/72390-pieza.html
72391;1694FC45E;Retrovisor izquierdo;BMW;Serie 1;120i;2016;Comprobada, funcionando;1 año;En stock;119,11 € + IVA;https://desguacesmadridnorte.com/72391-pieza.html
72394;1039AB52B;Caja de cambios;NISSAN;Qashqai;1.5 dCi;2021;Desmontada de vehículo;1 año;Bajo pedido 24-48h;1.054,50 € + IVA;https://desguacesmadridnorte.com/72394-pieza.html
72395;8035KF49D;Catalizador;RENAULT;Captur;1.5 dCi;2012;Desmontada de vehículo;1 año;En stock;120,09 € + IVA;https://desguacesmadridnorte.com/72395-pieza.html
72396;3021LQ13C;Catalizador;BMW;X1;20d;2009;Desmontada de vehículo;1 año;Bajo pedido 24-48h;352,27 € + IVA;https://desguacesmadridnorte.com/72396-pieza.html
72399;6809ET81C;Cinturón de seguridad;BMW;X1;20d;2019;Comprobada, funcionando;1 año;En stock;73,53 € + IVA;https://desguacesmadridnorte.com/72399-pieza.html
72402;3053JF71C;Bomba de dirección;FORD;Fiesta;1.0 EcoBoost;2013;Comprobada, funcionando;1 año;Bajo pedido 24-48h;117,64 € + IVA;https://desguacesmadridnorte.com/72402-pieza.html
72403;9664JR12B;Colector de admisión;FORD;Fusion;1.4 TDCi;2019;Sin comprobar;1 año;En stock;115,98 € + IVA;https://desguacesmadridnorte.com/72403-pieza.html
72406;9528NX96B;Centralita motor;MERCEDES-BENZ;CLA;180 CDI;2006;Comprobada, funcionando;1 año;En stock;363,71 € + IVA;https://desguacesmadridnorte.com/72406-pieza.html
72408;4553FD27F;Caja de cambios;TOYOTA;Proace City;1.5 D-4D;2016;Comprobada, funcionando;1 año;Bajo pedido 24-48h;624,91 € + IVA;https://desguacesmadridnorte.com/72408-pieza.html
72411;2090CT51B;Cárter;RENAULT;Megane;1.5 dCi;2012;Comprobada, funcionando;1 año;En stock;97,40 € + IVA;https://desguacesmadridnorte.com/72411-pieza.html
72413;6121WK10A;Faro delantero izquierdo;CITROEN;C3;1.2 PureTech;2017;Comprobada, funcionando;1 año;Bajo pedido 24-48h;97,83 € + IVA;https://desguacesmadridnorte.com/72413-pieza.html
72416;6204WB19B;Motor de arranque;RENAULT;Megane;1.6 dCi;2013;Desmontada de vehículo;1 año;Bajo pedido 24-48h;67,08 € + IVA;https://desguacesmadridnorte.com/72416-pieza.html
72419;6902CY78B;Aleta delantera izquierda;OPEL;Corsa;1.2 16v;2019;Desmontada de vehículo;1 año;En stock;123,58 € + IVA;https://desguacesmadridnorte.com/72419-pieza.html
72421;6549LQ82C;Caja de cambios;CITROEN;C3;1.2 PureTech;2008;Desmontada de vehículo;1 año;En stock;212,07 € + IVA;https://desguacesmadridnorte.com/72421-pieza.html
72423;1228DX49C;Intercooler;OPEL;Corsa;1.3 CDTI;2012;Desmontada de vehículo;1 año;En stock;134,78 € + IVA;https://desguacesmadridnorte.com/72423-pieza.html
72426;1348XX65F;Parachoques delantero;OPEL;Astra;1.7 CDTI;2007;Comprobada, funcionando;1 año;Bajo pedido 24-48h;166,54 € + IVA;https://desguacesmadridnorte.com/72426-pieza.html
72427;6182PK55E;Parachoques delantero;AUDI;A4;3.0 TDI;2018;Comprobada, funcionando;1 año;En stock;410,54 € + IVA;https://desguacesmadridnorte.com/72427-pieza.html
72429;9658NQ47E;Paso de rueda trasero izquierdo;PEUGEOT;3008;2.0 HDi;2019;Comprobada, funcionando;1 año;En stock;47,14 € + IVA;https://desguacesmadridnorte.com/72429-pieza.html
72430;4375EZ86F;Cuadro de instrumentos;NISSAN;Qashqai;1.6 dCi;2020;Desmontada de vehículo;1 año;Bajo pedido 24-48h;227,02 € + IVA;https://desguacesmadridnorte.com/72430-pieza.html
72432;4724KC96B;Centralita motor;MERCEDES-BENZ;CLA;180 CDI;2016;Desmontada de vehículo;1 año;Bajo pedido 24-48h;195,03 € + IVA;https://desguacesmadridnorte.com/72432-pieza.html
72435;4860FY28C;Intercooler;KIA;Sportage;1.7 CRDi;2021;Comprobada, funcionando;1 año;Bajo pedido 24-48h;109,94 € + IVA;https://desguacesmadridnorte.com/72435-pieza.html
72438;4642SW44B;Motor completo;RENAULT;Megane;1.6 dCi;2016;Comprobada, funcionando;1 año;En stock;1.052,26 € + IVA;https://desguacesmadridnorte.com/72438-pieza.html
72440;6900AD82F;Cremallera de dirección;FORD;Fusion;1.4 TDCi;2016;Desmontada de vehículo;1 año;Bajo pedido 24-48h;84,83 € + IVA;https://desguacesmadridnorte.com/72440-pieza.html
72442;7750JD61F;Cremallera de dirección;SKODA;Octavia;2.0 TDI;2005;Comprobada, funcionando;1 año;En stock;176,57 € + IVA;https://desguacesmadridnorte.com/72442-pieza.html
72444;7780NM78D;Módulo electrónico;BMW;X1;20d;2008;Comprobada, funcionando;1 año;Bajo pedido 24-48h;75,83 € + IVA;https://desguacesmadridnorte.com/72444-pieza.html
72445;2480ZL45C;Caja de cambios;NISSAN;Juke;1.5 dCi;2014;Comprobada, funcionando;1 año;En stock;363,56 € + IVA;https://desguacesmadridnorte.com/72445-pieza.html
72447;5230WV85C;Cinturón de seguridad;CITROEN;C3;1.2 PureTech;2013;Desmontada de vehículo;1 año;En stock;60,02 € + IVA;https://desguacesmadridnorte.com/72447-pieza.html
72449;6905TA93A;Bomba de dirección;BMW;Serie 1;116d;2008;Desmontada de vehículo;1 año;En stock;94,51 € + IVA;https://desguacesmadridnorte.com/72449-pieza.html
72451;9831DB39F;Amortiguador delantero;VOLKSWAGEN;Passat;2.0 TDI;2021;Comprobada, funcionando;1 año;En stock;95,44 € + IVA;https://desguacesmadridnorte.com/72451-pieza.html
72454;1131SP19A;Cremallera de dirección;OPEL;Astra;1.6 CDTI;2019;Comprobada, funcionando;1 año;Bajo pedido 24-48h;291,41 € + IVA;https://desguacesmadridnorte.com/72454-pieza.html
72456;9026GS39A;Centralita motor;MERCEDES-BENZ;Clase E Coupé;220 CDI;2010;Desmontada de vehículo;1 año;En stock;393,48 € + IVA;https://desguacesmadridnorte.com/72456-pieza.html
72457;2374DH91E;Compresor aire acondicionado;VOLKSWAGEN;Polo;1.4 TDI;2011;Desmontada de vehículo;1 año;Bajo pedido 24-48h;236,97 € + IVA;https://desguacesmadridnorte.com/72457-pieza.html
72458;6682MM57C;Caja de cambios;VOLKSWAGEN;Polo;1.2 TSI;2021;Comprobada, funcionando;1 año;En stock;604,02 € + IVA;https://desguacesmadridnorte.com/72458-pieza.html
72461;6106NX44C;Faro delantero derecho;OPEL;Corsa;1.3 CDTI;2011;Sin comprobar;1 año;En stock;60,74 € + IVA;https://desguacesmadridnorte.com/72461-pieza.html
72462;6445YF65D;Puerta delantera izquierda;CITROEN;C3;1.2 PureTech;2008;Comprobada, funcionando;1 año;En stock;221,54 € + IVA;https://desguacesmadridnorte.com/72462-pieza.html
72463;7308HS63C;Cerradura puerta delantera;CITROEN;C3;1.2 PureTech;2017;Comprobada, funcionando;1 año;En stock;49,19 € + IVA;https://desguacesmadridnorte.com/72463-pieza.html
72465;9364AP78A;Puerta delantera izquierda;KIA;Ceed;1.6 CRDi;2007;Comprobada, funcionando;1 año;En stock;107,97 € + IVA;https://desguacesmadridnorte.com/72465-pieza.html
72467;7328SA87E;Bomba de agua;SKODA;Fabia;1.2 TSI;2011;Desmontada de vehículo;1 año;Bajo pedido 24-48h;52,21 € + IVA;https://desguacesmadridnorte.com/72467-pieza.html
72468;7446YD13D;Colector de admisión;NISSAN;Qashqai;1.6 dCi;2014;Comprobada, funcionando;1 año;En stock;73,44 € + IVA;https://desguacesmadridnorte.com/72468-pieza.html
72469;1355HV69A;Cremallera de dirección;RENAULT;Megane;1.5 dCi;2016;Sin comprobar;1 año;En stock;122,52 € + IVA;https://desguacesmadridnorte.com/72469-pieza.html
72470;7622AR69C;Portón trasero;CITROEN;C4;1.6 HDi;2019;Desmontada de vehículo;1 año;En stock;129,16 € + IVA;https://desguacesmadridnorte.com/72470-pieza.html
72471;7726NW83D;Bomba de agua;HYUNDAI;i30;1.6 CRDi;2012;Desmontada de vehículo;1 año;Bajo pedido 24-48h;56,28 € + IVA;https://desguacesmadridnorte.com/72471-pieza.html
72473;7447PK48C;Centralita motor;FORD;Fiesta;1.5 TDCi;2015;Comprobada, funcionando;1 año;Bajo pedido 24-48h;198,04 € + IVA;https://desguacesmadridnorte.com/72473-pieza.html
72475;4025JD45F;Colector de admisión;NISSAN;Juke;1.5 dCi;2006;Comprobada, funcionando;1 año;Bajo pedido 24-48h;77,24 € + IVA;https://desguacesmadridnorte.com/72475-pieza.html
72478;7346XL43D;Motor de arranque;CITROEN;C4;1.6 HDi;2011;Comprobada, funcionando;1 año;Bajo pedido 24-48h;36,58 € + IVA;https://desguacesmadridnorte.com/72478-pieza.html
72481;2554XF38A;Intercooler;MERCEDES-BENZ;Clase A;200 CDI;2019;Comprobada, funcionando;1 año;En stock;194,16 € + IVA;https://desguacesmadridnorte.com/72481-pieza.html
72483;6905CL22A;Parachoques delantero;MERCEDES-BENZ;Clase A;180 CDI;2006;Comprobada, funcionando;1 año;Bajo pedido 24-48h;130,38 € + IVA;https://desguacesmadridnorte.com/72483-pieza.html
72484;6327NW29F;Puerta trasera izquierda;FORD;Fusion;1.4 TDCi;2014;Comprobada, funcionando;1 año;En stock;176,17 € + IVA;https://desguacesmadridnorte.com/72484-pieza.html
72487;1663AT25D;Portón trasero;AUDI;Q3;1.4 TFSI;2015;Desmontada de vehículo;1 año;En stock;455,99 € + IVA;https://desguacesmadridnorte.com/72487-pieza.html
72489;6617QX23F;Bomba de dirección;OPEL;Corsa;1.3 CDTI;2013;Desmontada de vehículo;1 año;En stock;68,00 € + IVA;https://desguacesmadridnorte.com/72489-pieza.html
72492;5953AT96C;Catalizador;AUDI;A3;2.0 TDI;2018;Comprobada, funcionando;1 año;En stock;578,18 € + IVA;https://desguacesmadridnorte.com/72492-pieza.html
72493;6749EC33B;Faro delantero derecho;BMW;Serie 1;118d;2011;Desmontada de vehículo;1 año;En stock;276,49 € + IVA;https://desguacesmadridnorte.com/72493-pieza.html
72495;9009JS89B;Motor de arranque;PEUGEOT;308;1.6 HDi;2006;Desmontada de vehículo;1 año;Bajo pedido 24-48h;43,03 € + IVA;https://desguacesmadridnorte.com/72495-pieza.html
72497;7349RF63F;Motor de arranque;VOLKSWAGEN;Polo;1.2 TSI;2018;Desmontada de vehículo;1 año;En stock;125,93 € + IVA;https://desguacesmadridnorte.com/72497-pieza.html
72499;8340CA16F;Módulo electrónico;BMW;X1;18d;2020;Desmontada de vehículo;1 año;Bajo pedido 24-48h;133,46 € + IVA;https://desguacesmadridnorte.com/72499-pieza.html
72501;9172VA30E;Parachoques delantero;NISSAN;Qashqai;1.5 dCi;2013;Comprobada, funcionando;1 año;Bajo pedido 24-48h;154,13 € + IVA;https://desguacesmadridnorte.com/72501-pieza.html
72503;3256QG19D;Alternador;AUDI;A3;1.6 TDI;2008;Comprobada, funcionando;1 año;En stock;215,15 € + IVA;https://desguacesmadridnorte.com/72503-pieza.html
72505;7523SK41C;Portón trasero;BMW;Serie 1;116d;2008;Comprobada, funcionando;1 año;En stock;315,63 € + IVA;https://desguacesmadridnorte.com/72505-pieza.html
72506;8861JB24F;Retrovisor izquierdo;SEAT;Ibiza;1.6 TDI;2008;Desmontada de vehículo;1 año;Bajo pedido 24-48h;92,46 € + IVA;https://desguacesmadridnorte.com/72506-pieza.html
72507;1790ST64E;Piloto trasero izquierdo;BMW;Serie 3;330i;2016;Desmontada de vehículo;1 año;En stock;62,95 € + IVA;https://desguacesmadridnorte.com/72507-pieza.html
72508;2427FF55F;Parachoques trasero;KIA;Ceed;1.4 CRDi;2009;Sin comprobar;1 año;En stock;74,26 € + IVA;https://desguacesmadridnorte.com/72508-pieza.html
72509;1393WC62C;Parachoques trasero;TOYOTA;Proace City;1.5 D-4D;2019;Comprobada, funcionando;1 año;Bajo pedido 24-48h;233,23 € + IVA;https://desguacesmadridnorte.com/72509-pieza.html
72512;2150WE22C;Puerta trasera izquierda;MERCEDES-BENZ;Clase A;200 CDI;2012;Comprobada, funcionando;1 año;Bajo pedido 24-48h;258,73 € + IVA;https://desguacesmadridnorte.com/72512-pieza.html
72514;3650NX36E;Cuadro de instrumentos;CITROEN;C4;1.6 VTi;2020;Desmontada de vehículo;1 año;Bajo pedido 24-48h;79,25 € + IVA;https://desguacesmadridnorte.com/72514-pieza.html
72515;5081NT71A;Módulo electrónico;AUDI;Q3;2.0 TDI;2012;Desmontada de vehículo;1 año;Bajo pedido 24-48h;191,95 € + IVA;https://desguacesmadridnorte.com/72515-pieza.html
72517;1428KH65E;Portón trasero;NISSAN;Juke;1.5 dCi;2020;Sin comprobar;1 año;En stock;111,28 € + IVA;https://desguacesmadridnorte.com/72517-pieza.html
72519;2581CG67B;Cremallera de dirección;KIA;Ceed;1.6 CRDi;2020;Comprobada, funcionando;1 año;Bajo pedido 24-48h;153,35 € + IVA;https://desguacesmadridnorte.com/72519-pieza.html
72520;8335YB20E;Colector de admisión;NISSAN;Juke;1.2 DIG-T;2012;Comprobada, funcionando;1 año;Bajo pedido 24-48h;90,82 € + IVA;https://desguacesmadridnorte.com/72520-pieza.html
72521;6620HJ59D;Catalizador;PEUGEOT;308;1.6 HDi;2021;Comprobada, funcionando;1 año;En stock;234,69 € + IVA;https://desguacesmadridnorte.com/72521-pieza.html
72523;9075DK56E;Motor completo;FORD;Focus;1.6 TDCi;2010;Sin comprobar;1 año;En stock;1.155,72 € + IVA;https://desguacesmadridnorte.com/72523-pieza.html
72524;6916PC67D;Amortiguador delantero;CITROEN;C3;1.4 HDi;2011;Comprobada, funcionando;1 año;Bajo pedido 24-48h;35,28 € + IVA;https://desguacesmadridnorte.com/72524-pieza.html
72526;2209QW62C;Cárter;BMW;Serie 3;320d;2006;Desmontada de vehículo;1 año;Bajo pedido 24-48h;102,15 € + IVA;https://desguacesmadridnorte.com/72526-pieza.html
72528;5789CH25A;Parachoques trasero;OPEL;Astra;1.7 CDTI;2014;Comprobada, funcionando;1 año;Bajo pedido 24-48h;201,55 € + IVA;https://desguacesmadridnorte.com/72528-pieza.html
72529;8567BG54E;Bomba de dirección;RENAULT;Clio;1.2 16v;2006;Desmontada de vehículo;1 año;Bajo pedido 24-48h;39,67 € + IVA;https://desguacesmadridnorte.com/72529-pieza.html
72532;9086PP82A;Retrovisor derecho;OPEL;Corsa;1.2 16v;2011;Sin comprobar;1 año;En stock;104,30 € + IVA;https://desguacesmadridnorte.com/72532-pieza.html
72534;8468ZE28E;Cuadro de instrumentos;AUDI;A3;1.6 TDI;2006;Comprobada, funcionando;1 año;En stock;143,32 € + IVA;https://desguacesmadridnorte.com/72534-pieza.html
72537;7496QK66C;Motor completo;MERCEDES-BENZ;Clase E Coupé;220 CDI;2005;Sin comprobar;1 año;Bajo pedido 24-48h;1.324,63 € + IVA;https://desguacesmadridnorte.com/72537-pieza.html
72539;5990CL43B;Radiador;OPEL;Astra;1.6 CDTI;2020;Comprobada, funcionando;1 año;En stock;80,73 € + IVA;https://desguacesmadridnorte.com/72539-pieza.html
72542;1252VF84F;Airbag volante;PEUGEOT;3008;2.0 HDi;2010;Comprobada, funcionando;1 año;En stock;191,80 € + IVA;https://desguacesmadridnorte.com/72542-pieza.html
72544;4919VY15E;Motor completo;FORD;Focus;2.0 TDCi;2013;Comprobada, funcionando;1 año;En stock;1.974,82 € + IVA;https://desguacesmadridnorte.com/72544-pieza.html
72547;8866GC59F;Retrovisor izquierdo;CITROEN;C3;1.4 HDi;2018;Comprobada, funcionando;1 año;Bajo pedido 24-48h;46,00 € + IVA;https://desguacesmadridnorte.com/72547-pieza.html
72548;4324AB50C;Amortiguador delantero;SKODA;Fabia;1.4 TDI;2007;Sin comprobar;1 año;Bajo pedido 24-48h;52,80 € + IVA;https://desguacesmadridnorte.com/72548-pieza.html
72551;6088KP83E;Retrovisor izquierdo;PEUGEOT;3008;2.0 HDi;2005;Comprobada, funcionando;1 año;En stock;42,91 € + IVA;https://desguacesmadridnorte.com/72551-pieza.html
72554;3711BJ65E;Portón trasero;HYUNDAI;i30;1.4 CRDi;2010;Desmontada de vehículo;1 año;Bajo pedido 24-48h;309,15 € + IVA;https://desguacesmadridnorte.com/72554-pieza.html
72555;7778RS59D;Motor completo;VOLKSWAGEN;Polo;1.4 TDI;2016;Comprobada, funcionando;1 año;Bajo pedido 24-48h;990,69 € + IVA;https://desguacesmadridnorte.com/72555-pieza.html
72557;9283LP63A;Motor de arranque;FORD;Fiesta;1.0 EcoBoost;2012;Desmontada de vehículo;1 año;Bajo pedido 24-48h;92,33 € + IVA;https://desguacesmadridnorte.com/72557-pieza.html
72560;5684YQ54B;Capó;OPEL;Astra;1.7 CDTI;2011;Comprobada, funcionando;1 año;Bajo pedido 24-48h;90,10 € + IVA;https://desguacesmadridnorte.com/72560-pieza.html
72561;3320EL60C;Capó;HYUNDAI;Tucson;2.0 CRDi;2010;Comprobada, funcionando;1 año;En stock;244,78 € + IVA;https://desguacesmadridnorte.com/72561-pieza.html
72564;9076FZ85B;Motor de arranque;TOYOTA;Proace City;1.5 D-4D;2014;Comprobada, funcionando;1 año;En stock;110,86 € + IVA;https://desguacesmadridnorte.com/72564-pieza.html
72565;4560ZA48E;Motor completo;VOLKSWAGEN;Passat;2.0 TDI;2013;Desmontada de vehículo;1 año;En stock;1.171,39 € + IVA;https://desguacesmadridnorte.com/72565-pieza.html
72568;3793FC25F;Piloto trasero derecho;BMW;Serie 3;330i;2013;Comprobada, funcionando;1 año;Bajo pedido 24-48h;36,74 € + IVA;https://desguacesmadridnorte.com/72568-pieza.html
72570;1550AN37A;Amortiguador delantero;KIA;Ceed;1.4 CRDi;2009;Comprobada, funcionando;1 año;En stock;58,64 € + IVA;https://desguacesmadridnorte.com/72570-pieza.html
72571;4466XF60B;Parachoques trasero;VOLKSWAGEN;Golf;1.4 TSI;2021;Comprobada, funcionando;1 año;Bajo pedido 24-48h;164,19 € + IVA;https://desguacesmadridnorte.com/72571-pieza.html
72573;4912AA19B;Catalizador;MERCEDES-BENZ;Clase E Coupé;220 CDI;2019;Sin comprobar;1 año;Bajo pedido 24-48h;984,62 € + IVA;https://desguacesmadridnorte.com/72573-pieza.html
72575;6468LJ43D;Parachoques trasero;OPEL;Astra;1.6 CDTI;2017;Desmontada de vehículo;1 año;Bajo pedido 24-48h;182,30 € + IVA;https://desguacesmadridnorte.com/72575-pieza.html
72576;3143WF51A;Aleta delantera izquierda;CITROEN;C4;1.6 HDi;2019;Comprobada, funcionando;1 año;En stock;50,64 € + IVA;https://desguacesmadridnorte.com/72576-pieza.html
72579;1441NT32F;Paso de rueda trasero izquierdo;TOYOTA;Corolla;1.4 D-4D;2012;Comprobada, funcionando;1 año;Bajo pedido 24-48h;40,44 € + IVA;https://desguacesmadridnorte.com/72579-pieza.html
72581;9685KZ14C;Parachoques trasero;BMW;X1;18d;2012;Comprobada, funcionando;1 año;Bajo pedido 24-48h;199,73 € + IVA;https://desguacesmadridnorte.com/72581-pieza.html
72582;4086ZV49E;Compresor aire acondicionado;SKODA;Octavia;1.6 TDI;2014;Sin comprobar;1 año;En stock;101,94 € + IVA;https://desguacesmadridnorte.com/72582-pieza.html
72585;5212JR98F;Puerta delantera izquierda;PEUGEOT;208;1.6 HDi;2021;Comprobada, funcionando;1 año;Bajo pedido 24-48h;137,49 € + IVA;https://desguacesmadridnorte.com/72585-pieza.html
72588;9319GJ52D;Intercooler;TOYOTA;Proace City;1.5 D-4D;2014;Desmontada de vehículo;1 año;En stock;127,86 € + IVA;https://desguacesmadridnorte.com/72588-pieza.html
72591;9133XX14E;Motor completo;KIA;Ceed;1.4 CRDi;2008;Desmontada de vehículo;1 año;Bajo pedido 24-48h;501,75 € + IVA;https://desguacesmadridnorte.com/72591-pieza.html
72592;9100GT82E;Retrovisor derecho;BMW;Serie 1;120i;2010;Comprobada, funcionando;1 año;En stock;77,13 € + IVA;https://desguacesmadridnorte.com/72592-pieza.html
72593;6461ET47D;Faro delantero derecho;SEAT;León;1.6 TDI;2006;Comprobada, funcionando;1 año;Bajo pedido 24-48h;51,64 € + IVA;https://desguacesmadridnorte.com/72593-pieza.html
72595;1336BA25F;Retrovisor derecho;SEAT;León;2.0 TDI;2018;Comprobada, funcionando;1 año;En stock;115,96 € + IVA;https://desguacesmadridnorte.com/72595-pieza.html
72596;7997DM52D;Parachoques delantero;OPEL;Corsa;1.2 16v;2013;Comprobada, funcionando;1 año;En stock;101,48 € + IVA;https://desguacesmadridnorte.com/72596-pieza.html
72599;9642TH16F;Capó;KIA;Sportage;2.0 CRDi;2018;Comprobada, funcionando;1 año;En stock;230,42 € + IVA;https://desguacesmadridnorte.com/72599-pieza.html
72600;5354MH82F;Parachoques trasero;SEAT;Ateca;2.0 TDI;2018;Desmontada de vehículo;1 año;Bajo pedido 24-48h;237,89 € + IVA;https://desguacesmadridnorte.com/72600-pieza.html
72603;1711KP88B;Turbo;PEUGEOT;308;1.6 HDi;2013;Comprobada, funcionando;1 año;En stock;234,03 € + IVA;https://desguacesmadridnorte.com/72603-pieza.html
72604;9820ML24D;Puerta delantera derecha;NISSAN;Juke;1.2 DIG-T;2017;Desmontada de vehículo;1 año;En stock;226,82 € + IVA;https://desguacesmadridnorte.com/72604-pieza.html
72606;7777RD22B;Puerta delantera derecha;SKODA;Octavia;2.0 TDI;2005;Desmontada de vehículo;1 año;En stock;174,20 € + IVA;https://desguacesmadridnorte.com/72606-pieza.html
72608;4882CH10C;Paso de rueda trasero izquierdo;SEAT;León;1.6 TDI;2010;Comprobada, funcionando;1 año;Bajo pedido 24-48h;28,15 € + IVA;https://desguacesmadridnorte.com/72608-pieza.html
72610;3533TQ55A;Cárter;KIA;Ceed;1.6 CRDi;2020;Comprobada, funcionando;1 año;Bajo pedido 24-48h;65,22 € + IVA;https://desguacesmadridnorte.com/72610-pieza.html
72613;6064FK24F;Colector de admisión;BMW;Serie 1;116d;2020;Desmontada de vehículo;1 año;Bajo pedido 24-48h;218,34 € + IVA;https://desguacesmadridnorte.com/72613-pieza.html
72614;1292LA71E;Cinturón de seguridad;NISSAN;Juke;1.5 dCi;2009;Comprobada, funcionando;1 año;Bajo pedido 24-48h;40,53 € + IVA;https://desguacesmadridnorte.com/72614-pieza.html
72616;5371AQ59F;Cinturón de seguridad;FORD;Fusion;1.4 TDCi;2006;Comprobada, funcionando;1 año;En stock;18,38 € + IVA;https://desguacesmadridnorte.com/72616-pieza.html
72617;7368MN58E;Radiador;TOYOTA;Proace City;1.5 D-4D;2009;Comprobada, funcionando;1 año;Bajo pedido 24-48h;46,02 € + IVA;https://desguacesmadridnorte.com/72617-pieza.html
72619;4855MN57D;Cárter;BMW;Serie 3;320d;2019;Sin comprobar;1 año;Bajo pedido 24-48h;103,96 € + IVA;https://desguacesmadridnorte.com/72619-pieza.html
72622;7787PY64E;Puerta delantera izquierda;OPEL;Astra;1.7 CDTI;2008;Comprobada, funcionando;1 año;Bajo pedido 24-48h;253,25 € + IVA;https://desguacesmadridnorte.com/72622-pieza.html
72625;5004ZG13F;Airbag volante;RENAULT;Captur;0.9 TCe;2005;Desmontada de vehículo;1 año;Bajo pedido 24-48h;64,24 € + IVA;https://desguacesmadridnorte.com/72625-pieza.html
72627;3868NS27E;Caja de cambios;HYUNDAI;Tucson;2.0 CRDi;2009;Sin comprobar;1 año;Bajo pedido 24-48h;314,00 € + IVA;https://desguacesmadridnorte.com/72627-pieza.html
72629;5696AK28F;Puerta delantera izquierda;RENAULT;Megane;1.5 dCi;2015;Comprobada, funcionando;1 año;En stock;271,88 € + IVA;https://desguacesmadridnorte.com/72629-pieza.html
72631;3507LH22B;Alternador;NISSAN;Juke;1.5 dCi;2017;Comprobada, funcionando;1 año;En stock;138,53 € + IVA;https://desguacesmadridnorte.com/72631-pieza.html
72632;1333QW93C;Bomba de agua;VOLKSWAGEN;Passat;2.0 TDI;2019;Desmontada de vehículo;1 año;Bajo pedido 24-48h;91,16 € + IVA;https://desguacesmadridnorte.com/72632-pieza.html
72635;7619BA87A;Portón trasero;TOYOTA;Camry;2.5 Hybrid;2016;Comprobada, funcionando;1 año;En stock;316,29 € + IVA;https://desguacesmadridnorte.com/72635-pieza.html
72636;5970SK45C;Piloto trasero derecho;HYUNDAI;i30;1.4 CRDi;2007;Desmontada de vehículo;1 año;En stock;39,36 € + IVA;https://desguacesmadridnorte.com/72636-pieza.html
72638;9136HX74F;Faro delantero izquierdo;KIA;Ceed;1.4 CRDi;2017;Desmontada de vehículo;1 año;Bajo pedido 24-48h;151,78 € + IVA;https://desguacesmadridnorte.com/72638-pieza.html
72639;5419XJ88A;Catalizador;PEUGEOT;308;1.6 HDi;2008;Desmontada de vehículo;1 año;Bajo pedido 24-48h;199,33 € + IVA;https://desguacesmadridnorte.com/72639-pieza.html
72640;5595GL72B;Aleta delantera izquierda;AUDI;A3;2.0 TDI;2017;Comprobada, funcionando;1 año;En stock;201,11 € + IVA;https://desguacesmadridnorte.com/72640-pieza.html
72642;7446HC44E;Alternador;CITROEN;C3;1.2 PureTech;2010;Comprobada, funcionando;1 año;En stock;50,61 € + IVA;https://desguacesmadridnorte.com/72642-pieza.html
72644;1046DR31D;Motor de arranque;AUDI;Q3;2.0 TDI;2016;Comprobada, funcionando;1 año;En stock;219,52 € + IVA;https://desguacesmadridnorte.com/72644-pieza.html
72647;3406JJ61D;Bomba de dirección;AUDI;A4;2.0 TDI;2015;Sin comprobar;1 año;En stock;191,57 € + IVA;https://desguacesmadridnorte.com/72647-pieza.html
72650;4338RX49F;Cerradura puerta delantera;VOLKSWAGEN;Passat;1.6 TDI;2017;Comprobada, funcionando;1 año;En stock;80,54 € + IVA;https://desguacesmadridnorte.com/72650-pieza.html
72652;3319VJ58C;Módulo electrónico;RENAULT;Captur;0.9 TCe;2020;Comprobada, funcionando;1 año;Bajo pedido 24-48h;77,61 € + IVA;https://desguacesmadridnorte.com/72652-pieza.html
72654;2830QR60D;Motor de arranque;TOYOTA;Corolla;1.4 D-4D;2013;Comprobada, funcionando;1 año;En stock;141,42 € + IVA;https://desguacesmadridnorte.com/72654-pieza.html
72656;9983LP40D;Cremallera de dirección;BMW;Serie 1;116d;2012;Comprobada, funcionando;1 año;En stock;407,14 € + IVA;https://desguacesmadridnorte.com/72656-pieza.html
72657;6892SS36E;Turbo;SEAT;León;1.6 TDI;2020;Desmontada de vehículo;1 año;Bajo pedido 24-48h;438,65 € + IVA;https://desguacesmadridnorte.com/72657-pieza.html
72659;7100ML20E;Parachoques delantero;FORD;Fiesta;1.0 EcoBoost;2013;Sin comprobar;1 año;En stock;194,75 € + IVA;https://desguacesmadridnorte.com/72659-pieza.html
72660;9215YN90F;Bomba de agua;MERCEDES-BENZ;CLA;200 CDI;2014;Sin comprobar;1 año;En stock;60,77 € + IVA;https://desguacesmadridnorte.com/72660-pieza.html
72661;9634QY42C;Cuadro de instrumentos;VOLKSWAGEN;Golf;2.0 TDI;2006;Comprobada, funcionando;1 año;En stock;170,34 € + IVA;https://desguacesmadridnorte.com/72661-pieza.html
72662;4523HJ76D;Faro delantero derecho;SEAT;Ibiza;1.6 TDI;2011;Comprobada, funcionando;1 año;Bajo pedido 24-48h;62,64 € + IVA;https://desguacesmadridnorte.com/72662-pieza.html
72663;9761KY40C;Cerradura puerta delantera;PEUGEOT;308;2.0 HDi;2021;Desmontada de vehículo;1 año;En stock;41,18 € + IVA;https://desguacesmadridnorte.com/72663-pieza.html
72664;8879RL45B;Piloto trasero izquierdo;VOLKSWAGEN;Polo;1.4 TDI;2020;Desmontada de vehículo;1 año;En stock;70,73 € + IVA;https://desguacesmadridnorte.com/72664-pieza.html
72665;3417EC45E;Capó;PEUGEOT;308;2.0 HDi;2014;Desmontada de vehículo;1 año;Bajo pedido 24-48h;123,50 € + IVA;https://desguacesmadridnorte.com/72665-pieza.html
72668;4599MM56E;Piloto trasero derecho;BMW;X1;18d;2010;Comprobada, funcionando;1 año;En stock;103,10 € + IVA;https://desguacesmadridnorte.com/72668-pieza.html
72670;6602MP73E;Colector de admisión;VOLKSWAGEN;Passat;1.6 TDI;2019;Comprobada, funcionando;1 año;En stock;185,84 € + IVA;https://desguacesmadridnorte.com/72670-pieza.html
72673;4353NH98E;Centralita motor;RENAULT;Clio;1.2 16v;2020;Comprobada, funcionando;1 año;En stock;248,26 € + IVA;https://desguacesmadridnorte.com/72673-pieza.html
72676;9638LZ77D;Faro delantero izquierdo;CITROEN;C4;1.6 VTi;2009;Desmontada de vehículo;1 año;Bajo pedido 24-48h;138,51 € + IVA;https://desguacesmadridnorte.com/72676-pieza.html
72679;1063VX95D;Catalizador;OPEL;Corsa;1.3 CDTI;2020;Comprobada, funcionando;1 año;En stock;194,08 € + IVA;https://desguacesmadridnorte.com/72679-pieza.html
72680;6402DB18D;Radiador;FORD;Fusion;1.4 TDCi;2009;Desmontada de vehículo;1 año;Bajo pedido 24-48h;113,28 € + IVA;https://desguacesmadridnorte.com/72680-pieza.html
72681;1075LN46E;Cuadro de instrumentos;RENAULT;Captur;0.9 TCe;2019;Desmontada de vehículo;1 año;En stock;101,72 € + IVA;https://desguacesmadridnorte.com/72681-pieza.html
72684;1754RK68C;Faro delantero derecho;KIA;Sportage;2.0 CRDi;2018;Desmontada de vehículo;1 año;Bajo pedido 24-48h;94,49 € + IVA;https://desguacesmadridnorte.com/72684-pieza.html
72686;8049ZZ69E;Parachoques delantero;HYUNDAI;Tucson;2.0 CRDi;2015;Comprobada, funcionando;1 año;Bajo pedido 24-48h;178,98 € + IVA;https://desguacesmadridnorte.com/72686-pieza.html
72689;4771GE54F;Intercooler;RENAULT;Clio;1.5 dCi;2005;Desmontada de vehículo;1 año;En stock;89,20 € + IVA;https://desguacesmadridnorte.com/72689-pieza.html
72690;2352CF95D;Turbo;PEUGEOT;308;1.6 HDi;2010;Sin comprobar;1 año;Bajo pedido 24-48h;288,23 € + IVA;https://desguacesmadridnorte.com/72690-pieza.html
72693;1513TJ56C;Catalizador;TOYOTA;Proace City;1.5 D-4D;2014;Comprobada, funcionando;1 año;En stock;359,87 € + IVA;https://desguacesmadridnorte.com/72693-pieza.html
72696;8529HN45A;Puerta trasera izquierda;KIA;Ceed;1.4 CRDi;2008;Comprobada, funcionando;1 año;Bajo pedido 24-48h;185,42 € + IVA;https://desguacesmadridnorte.com/72696-pieza.html
72699;8596WW30E;Motor de arranque;SKODA;Octavia;1.6 TDI;2014;Sin comprobar;1 año;En stock;49,01 € + IVA;https://desguacesmadridnorte.com/72699-pieza.html
72701;9535NX14E;Bomba de agua;TOYOTA;Camry;2.5 Hybrid;2020;Comprobada, funcionando;1 año;En stock;54,18 € + IVA;https://desguacesmadridnorte.com/72701-pieza.html
72702;8307YY26C;Cárter;AUDI;A3;1.4 TFSI;2016;Comprobada, funcionando;1 año;En stock;79,44 € + IVA;https://desguacesmadridnorte.com/72702-pieza.html
72704;5645PL84C;Compresor aire acondicionado;PEUGEOT;3008;1.6 HDi;2020;Comprobada, funcionando;1 año;Bajo pedido 24-48h;256,66 € + IVA;https://desguacesmadridnorte.com/72704-pieza.html
72707;8786YN99A;Compresor aire acondicionado;AUDI;A4;3.0 TDI;2012;Comprobada, funcionando;1 año;En stock;135,54 € + IVA;https://desguacesmadridnorte.com/72707-pieza.html
72710;6604PF75E;Centralita motor;SKODA;Fabia;1.4 TDI;2018;Comprobada, funcionando;1 año;En stock;96,67 € + IVA;https://desguacesmadridnorte.com/72710-pieza.html
72711;3520PQ91B;Faro delantero derecho;SEAT;León;1.6 TDI;2010;Comprobada, funcionando;1 año;En stock;185,07 € + IVA;https://desguacesmadridnorte.com/72711-pieza.html
72712;1788AP54F;Alternador;CITROEN;C3;1.2 PureTech;2015;Sin comprobar;1 año;En stock;125,49 € + IVA;https://desguacesmadridnorte.com/72712-pieza.html
72713;8674QZ39D;Turbo;SKODA;Fabia;1.4 TDI;2007;Desmontada de vehículo;1 año;En stock;333,71 € + IVA;https://desguacesmadridnorte.com/72713-pieza.html
72715;1956BH77D;Cremallera de dirección;NISSAN;Juke;1.2 DIG-T;2012;Comprobada, funcionando;1 año;Bajo pedido 24-48h;130,30 € + IVA;https://desguacesmadridnorte.com/72715-pieza.html
72717;4252LW14C;Caja de cambios;BMW;Serie 1;116d;2006;Comprobada, funcionando;1 año;Bajo pedido 24-48h;825,34 € + IVA;https://desguacesmadridnorte.com/72717-pieza.html
72719;8408RZ11D;Puerta trasera izquierda;KIA;Ceed;1.4 CRDi;2007;Desmontada de vehículo;1 año;Bajo pedido 24-48h;193,77 € + IVA;https://desguacesmadridnorte.com/72719-pieza.html
72720;5507CE72A;Motor de arranque;TOYOTA;Camry;2.5 Hybrid;2019;Desmontada de vehículo;1 año;En stock;111,03 € + IVA;https://desguacesmadridnorte.com/72720-pieza.html
72721;9892MY23A;Compresor aire acondicionado;FORD;Focus;1.6 TDCi;2011;Desmontada de vehículo;1 año;En stock;171,08 € + IVA;https://desguacesmadridnorte.com/72721-pieza.html
72722;1954NK78C;Cinturón de seguridad;NISSAN;Juke;1.2 DIG-T;2021;Comprobada, funcionando;1 año;En stock;33,41 € + IVA;https://desguacesmadridnorte.com/72722-pieza.html
72724;4135SB41C;Aleta delantera izquierda;FORD;Fiesta;1.5 TDCi;2010;Comprobada, funcionando;1 año;En stock;43,93 € + IVA;https://desguacesmadridnorte.com/72724-pieza.html
72727;7815TE51C;Puerta trasera izquierda;BMW;Serie 3;318d;2011;Comprobada, funcionando;1 año;En stock;293,38 € + IVA;https://desguacesmadridnorte.com/72727-pieza.html
72728;6843JM63B;Intercooler;TOYOTA;Proace City;1.5 D-4D;2016;Comprobada, funcionando;1 año;Bajo pedido 24-48h;99,54 € + IVA;https://desguacesmadridnorte.com/72728-pieza.html
72729;6401WG85E;Cerradura puerta delantera;RENAULT;Megane;1.5 dCi;2011;Comprobada, funcionando;1 año;En stock;22,60 € + IVA;https://desguacesmadridnorte.com/72729-pieza.html
72731;6972RD43D;Portón trasero;RENAULT;Captur;1.5 dCi;2013;Comprobada, funcionando;1 año;En stock;199,42 € + IVA;https://desguacesmadridnorte.com/72731-pieza.html
72734;3178NJ94E;Módulo electrónico;BMW;Serie 3;318d;2017;Desmontada de vehículo;1 año;En stock;210,98 € + IVA;https://desguacesmadridnorte.com/72734-pieza.html
72737;9649RB80B;Módulo electrónico;NISSAN;Qashqai;1.5 dCi;2007;Comprobada, funcionando;1 año;En stock;65,64 € + IVA;https://desguacesmadridnorte.com/72737-pieza.html
72738;7410JR32F;Puerta delantera izquierda;SEAT;Ibiza;1.2 TSI;2012;Comprobada, funcionando;1 año;Bajo pedido 24-48h;244,84 € + IVA;https://desguacesmadridnorte.com/72738-pieza.html
72739;4574EF53D;Faro delantero derecho;SKODA;Fabia;1.4 TDI;2013;Desmontada de vehículo;1 año;Bajo pedido 24-48h;209,62 € + IVA;https://desguacesmadridnorte.com/72739-pieza.html
72740;5573ZL64C;Radiador;KIA;Ceed;1.6 CRDi;2007;Comprobada, funcionando;1 año;En stock;115,82 € + IVA;https://desguacesmadridnorte.com/72740-pieza.html
72741;3183CG98A;Puerta delantera derecha;NISSAN;Qashqai;1.5 dCi;2012;Comprobada, funcionando;1 año;Bajo pedido 24-48h;255,58 € + IVA;https://desguacesmadridnorte.com/72741-pieza.html
72743;8636RD91B;Puerta trasera izquierda;MERCEDES-BENZ;Clase E Coupé;250 CDI;2013;Comprobada, funcionando;1 año;Bajo pedido 24-48h;275,69 € + IVA;https://desguacesmadridnorte.com/72743-pieza.html
72745;3358YF77A;Caja de cambios;MERCEDES-BENZ;CLA;200 CDI;2021;Comprobada, funcionando;1 año;En stock;663,31 € + IVA;https://desguacesmadridnorte.com/72745-pieza.html
72748;9477CJ35F;Centralita motor;PEUGEOT;3008;2.0 HDi;2005;Comprobada, funcionando;1 año;Bajo pedido 24-48h;139,00 € + IVA;https://desguacesmadridnorte.com/72748-pieza.html
72749;4683FN69E;Colector de admisión;RENAULT;Captur;0.9 TCe;2005;Comprobada, funcionando;1 año;En stock;69,09 € + IVA;https://desguacesmadridnorte.com/72749-pieza.html
72752;4659DV51B;Catalizador;VOLKSWAGEN;Passat;2.0 TDI;2011;Comprobada, funcionando;1 año;Bajo pedido 24-48h;279,42 € + IVA;https://desguacesmadridnorte.com/72752-pieza.html
72754;6515LN52B;Radiador;SKODA;Fabia;1.2 TSI;2006;Desmontada de vehículo;1 año;En stock;78,09 € + IVA;https://desguacesmadridnorte.com/72754-pieza.html
72755;9671PB94C;Centralita motor;TOYOTA;Proace City;1.5 D-4D;2010;Comprobada, funcionando;1 año;En stock;259,64 € + IVA;https://desguacesmadridnorte.com/72755-pieza.html
72756;5821TZ49B;Caja de cambios;SEAT;Ateca;1.5 TSI;2016;Comprobada, funcionando;1 año;En stock;433,97 € + IVA;https://desguacesmadridnorte.com/72756-pieza.html
72758;9937NS44D;Bomba de dirección;FORD;Fusion;1.4 TDCi;2005;Comprobada, funcionando;1 año;En stock;70,45 € + IVA;https://desguacesmadridnorte.com/72758-pieza.html
72761;2328MJ12E;Retrovisor izquierdo;TOYOTA;Proace City;1.5 D-4D;2015;Desmontada de vehículo;1 año;En stock;147,42 € + IVA;https://desguacesmadridnorte.com/72761-pieza.html
72763;1305WJ68B;Colector de admisión;FORD;Focus;1.6 TDCi;2014;Desmontada de vehículo;1 año;En stock;96,43 € + IVA;https://desguacesmadridnorte.com/72763-pieza.html
72765;4713YG85D;Radiador;BMW;Serie 1;116d;2006;Comprobada, funcionando;1 año;En stock;128,22 € + IVA;https://desguacesmadridnorte.com/72765-pieza.html
72766;3822EH79B;Catalizador;FORD;Focus;1.6 TDCi;2012;Desmontada de vehículo;1 año;Bajo pedido 24-48h;362,52 € + IVA;https://desguacesmadridnorte.com/72766-pieza.html
72768;5554QQ49B;Bomba de agua;HYUNDAI;i30;1.6 CRDi;2008;Comprobada, funcionando;1 año;Bajo pedido 24-48h;48,90 € + IVA;https://desguacesmadridnorte.com/72768-pieza.html
72770;4629MA37B;Portón trasero;VOLKSWAGEN;Golf;1.4 TSI;2020;Comprobada, funcionando;1 año;En stock;385,51 € + IVA;https://desguacesmadridnorte.com/72770-pieza.html
72773;9190CW38E;Portón trasero;CITROEN;C3;1.2 PureTech;2006;Desmontada de vehículo;1 año;En stock;184,22 € + IVA;https://desguacesmadridnorte.com/72773-pieza.html
72774;1934GN36B;Cremallera de dirección;KIA;Sportage;2.0 CRDi;2020;Desmontada de vehículo;1 año;Bajo pedido 24-48h;403,38 € + IVA;https://desguacesmadridnorte.com/72774-pieza.html
72777;1452TZ57D;Capó;NISSAN;Juke;1.2 DIG-T;2020;Comprobada, funcionando;1 año;En stock;203,71 € + IVA;https://desguacesmadridnorte.com/72777-pieza.html
72780;3192BL20A;Elevalunas delantero izquierdo;KIA;Sportage;2.0 CRDi;2016;Comprobada, funcionando;1 año;En stock;34,47 € + IVA;https://desguacesmadridnorte.com/72780-pieza.html
72782;3414GC94A;Airbag volante;TOYOTA;Camry;2.5 Hybrid;2016;Comprobada, funcionando;1 año;En stock;226,88 € + IVA;https://desguacesmadridnorte.com/72782-pieza.html
72785;6730PE62F;Cremallera de dirección;KIA;Sportage;1.7 CRDi;2008;Sin comprobar;1 año;En stock;293,67 € + IVA;https://desguacesmadridnorte.com/72785-pieza.html
72786;5849EF23E;Piloto trasero izquierdo;BMW;X1;18d;2010;Desmontada de vehículo;1 año;En stock;114,73 € + IVA;https://desguacesmadridnorte.com/72786-pieza.html
72787;2256AN25A;Compresor aire acondicionado;RENAULT;Clio;1.2 16v;2010;Desmontada de vehículo;1 año;Bajo pedido 24-48h;192,32 € + IVA;https://desguacesmadridnorte.com/72787-pieza.html
72790;9993LP78D;Piloto trasero izquierdo;FORD;Focus;2.0 TDCi;2012;Comprobada, funcionando;1 año;Bajo pedido 24-48h;83,54 € + IVA;https://desguacesmadridnorte.com/72790-pieza.html
72792;8070KJ14A;Motor de arranque;OPEL;Astra;1.7 CDTI;2007;Desmontada de vehículo;1 año;Bajo pedido 24-48h;50,88 € + IVA;https://desguacesmadridnorte.com/72792-pieza.html
72794;3495FZ54C;Colector de admisión;PEUGEOT;208;1.6 HDi;2020;Comprobada, funcionando;1 año;Bajo pedido 24-48h;158,10 € + IVA;https://desguacesmadridnorte.com/72794-pieza.html
72796;3828LC38E;Faro delantero izquierdo;HYUNDAI;Tucson;1.7 CRDi;2005;Desmontada de vehículo;1 año;En stock;143,05 € + IVA;https://desguacesmadridnorte.com/72796-pieza.html
72799;2706BH80C;Retrovisor derecho;SEAT;Ateca;2.0 TDI;2005;Comprobada, funcionando;1 año;Bajo pedido 24-48h;53,93 € + IVA;https://desguacesmadridnorte.com/72799-pieza.html
72800;2350QX20D;Colector de admisión;FORD;Focus;1.6 TDCi;2017;Comprobada, funcionando;1 año;Bajo pedido 24-48h;81,75 € + IVA;https://desguacesmadridnorte.com/72800-pieza.html
72801;5741JE86C;Bomba de agua;AUDI;A3;2.0 TDI;2014;Comprobada, funcionando;1 año;Bajo pedido 24-48h;64,78 € + IVA;https://desguacesmadridnorte.com/72801-pieza.html
72802;1336RY49E;Piloto trasero derecho;BMW;Serie 1;118d;2007;Desmontada de vehículo;1 año;En stock;47,52 € + IVA;https://desguacesmadridnorte.com/72802-pieza.html
72803;5013WV74E;Puerta trasera izquierda;CITROEN;C3;1.2 PureTech;2017;Desmontada de vehículo;1 año;Bajo pedido 24-48h;269,71 € + IVA;https://desguacesmadridnorte.com/72803-pieza.html
72804;7609YY34D;Puerta trasera izquierda;AUDI;Q3;2.0 TDI;2009;Comprobada, funcionando;1 año;Bajo pedido 24-48h;381,74 € + IVA;https://desguacesmadridnorte.com/72804-pieza.html
72805;8640HY25C;Cremallera de dirección;FORD;Fusion;1.4 TDCi;2012;Desmontada de vehículo;1 año;En stock;196,77 € + IVA;https://desguacesmadridnorte.com/72805-pieza.html
72807;5543VD28A;Cinturón de seguridad;BMW;Serie 1;118d;2014;Comprobada, funcionando;1 año;En stock;69,27 € + IVA;https://desguacesmadridnorte.com/72807-pieza.html
72810;1337QZ56A;Airbag volante;MERCEDES-BENZ;CLA;200 CDI;2008;Comprobada, funcionando;1 año;En stock;305,37 € + IVA;https://desguacesmadridnorte.com/72810-pieza.html
72811;6276MH17B;Caja de cambios;SEAT;Ibiza;1.6 TDI;2018;Comprobada, funcionando;1 año;En stock;377,02 € + IVA;https://desguacesmadridnorte.com/72811-pieza.html
72813;4283XR91D;Puerta delantera derecha;FORD;Focus;2.0 TDCi;2021;Desmontada de vehículo;1 año;Bajo pedido 24-48h;373,09 € + IVA;https://desguacesmadridnorte.com/72813-pieza.html
72815;1784QV75B;Faro delantero derecho;KIA;Sportage;2.0 CRDi;2008;Comprobada, funcionando;1 año;En stock;60,01 € + IVA;https://desguacesmadridnorte.com/72815-pieza.html
72818;7029SJ99B;Puerta trasera izquierda;BMW;Serie 1;120i;2018;Sin comprobar;1 año;Bajo pedido 24-48h;194,17 € + IVA;https://desguacesmadridnorte.com/72818-pieza.html
72820;5650KX83E;Cuadro de instrumentos;TOYOTA;Proace City;1.5 D-4D;2016;Comprobada, funcionando;1 año;En stock;222,91 € + IVA;https://desguacesmadridnorte.com/72820-pieza.html
72822;4474XV55D;Motor completo;AUDI;Q3;2.0 TDI;2013;Comprobada, funcionando;1 año;En stock;3.262,32 € + IVA;https://desguacesmadridnorte.com/72822-pieza.html
72824;7824GM86F;Faro delantero izquierdo;PEUGEOT;208;1.4 HDi;2006;Comprobada, funcionando;1 año;Bajo pedido 24-48h;31,45 € + IVA;https://desguacesmadridnorte.com/72824-pieza.html
72827;6643GS70A;Cinturón de seguridad;AUDI;A3;1.4 TFSI;2013;Desmontada de vehículo;1 año;Bajo pedido 24-48h;72,06 € + IVA;https://desguacesmadridnorte.com/72827-pieza.html
72828;7140WJ22B;Puerta delantera derecha;CITROEN;C3;1.4 HDi;2013;Comprobada, funcionando;1 año;En stock;148,62 € + IVA;https://desguacesmadridnorte.com/72828-pieza.html
72831;1246JA20A;Bomba de dirección;RENAULT;Clio;1.2 16v;2020;Comprobada, funcionando;1 año;En stock;134,70 € + IVA;https://desguacesmadridnorte.com/72831-pieza.html
72834;9048QR63C;Centralita motor;MERCEDES-BENZ;Clase E Coupé;220 CDI;2017;Sin comprobar;1 año;Bajo pedido 24-48h;296,08 € + IVA;https://desguacesmadridnorte.com/72834-pieza.html
72836;2231CC68F;Puerta delantera izquierda;VOLKSWAGEN;Polo;1.2 TSI;2010;Comprobada, funcionando;1 año;En stock;221,03 € + IVA;https://desguacesmadridnorte.com/72836-pieza.html
72838;6094XG26F;Bomba de agua;NISSAN;Juke;1.2 DIG-T;2010;Comprobada, funcionando;1 año;En stock;41,50 € + IVA;https://desguacesmadridnorte.com/72838-pieza.html
72840;8956EC12E;Compresor aire acondicionado;TOYOTA;Proace City;1.5 D-4D;2008;Comprobada, funcionando;1 año;Bajo pedido 24-48h;236,63 € + IVA;https://desguacesmadridnorte.com/72840-pieza.html
72841;1426AH40D;Amortiguador delantero;FORD;Focus;1.6 TDCi;2018;Desmontada de vehículo;1 año;En stock;70,05 € + IVA;https://desguacesmadridnorte.com/72841-pieza.html
72844;2772VH10D;Intercooler;NISSAN;Juke;1.5 dCi;2012;Comprobada, funcionando;1 año;En stock;61,66 € + IVA;https://desguacesmadridnorte.com/72844-pieza.html
72847;4205XX78D;Centralita motor;VOLKSWAGEN;Passat;1.6 TDI;2009;Comprobada, funcionando;1 año;Bajo pedido 24-48h;319,06 € + IVA;https://desguacesmadridnorte.com/72847-pieza.html
72850;5203DP24B;Puerta trasera izquierda;AUDI;Q3;2.0 TDI;2011;Comprobada, funcionando;1 año;Bajo pedido 24-48h;288,46 € + IVA;https://desguacesmadridnorte.com/72850-pieza.html
72853;5723SW76A;Portón trasero;RENAULT;Captur;0.9 TCe;2012;Comprobada, funcionando;1 año;En stock;79,55 € + IVA;https://desguacesmadridnorte.com/72853-pieza.html
72854;6842XC90F;Puerta delantera izquierda;KIA;Ceed;1.4 CRDi;2015;Comprobada, funcionando;1 año;Bajo pedido 24-48h;244,72 € + IVA;https://desguacesmadridnorte.com/72854-pieza.html
72856;7006LH32D;Faro delantero izquierdo;AUDI;Q3;2.0 TDI;2010;Comprobada, funcionando;1 año;En stock;138,99 € + IVA;https://desguacesmadridnorte.com/72856-pieza.html
72857;7579MC51F;Catalizador;AUDI;A3;1.6 TDI;2012;Sin comprobar;1 año;Bajo pedido 24-48h;581,01 € + IVA;https://desguacesmadridnorte.com/72857-pieza.html
72858;5141ZJ14D;Elevalunas delantero izquierdo;PEUGEOT;308;2.0 HDi;2008;Comprobada, funcionando;1 año;Bajo pedido 24-48h;34,96 € + IVA;https://desguacesmadridnorte.com/72858-pieza.html
72859;9324RG83E;Cremallera de dirección;CITROEN;C3;1.2 PureTech;2020;Comprobada, funcionando;1 año;En stock;106,24 € + IVA;https://desguacesmadridnorte.com/72859-pieza.html
72860;9527PJ88D;Aleta delantera izquierda;NISSAN;Juke;1.5 dCi;2015;Comprobada, funcionando;1 año;Bajo pedido 24-48h;170,39 € + IVA;https://desguacesmadridnorte.com/72860-pieza.html
72861;8069VL54A;Bomba de agua;RENAULT;Clio;1.2 16v;2006;Sin comprobar;1 año;En stock;22,60 € + IVA;https://desguacesmadridnorte.com/72861-pieza.html
72863;2742SM49B;Parachoques delantero;OPEL;Astra;1.7 CDTI;2010;Desmontada de vehículo;1 año;En stock;96,51 € + IVA;https://desguacesmadridnorte.com/72863-pieza.html
72866;9910WZ67E;Aleta delantera izquierda;HYUNDAI;Tucson;2.0 CRDi;2013;Comprobada, funcionando;1 año;Bajo pedido 24-48h;147,61 € + IVA;https://desguacesmadridnorte.com/72866-pieza.html
72869;2738LT56D;Retrovisor izquierdo;MERCEDES-BENZ;Clase E Coupé;220 CDI;2019;Desmontada de vehículo;1 año;En stock;104,86 € + IVA;https://desguacesmadridnorte.com/72869-pieza.html
72871;9752RD84D;Turbo;BMW;Serie 3;318d;2016;Comprobada, funcionando;1 año;En stock;402,59 € + IVA;https://desguacesmadridnorte.com/72871-pieza.html
72874;5057MB69E;Cremallera de dirección;NISSAN;Juke;1.2 DIG-T;2014;Comprobada, funcionando;1 año;En stock;255,62 € + IVA;https://desguacesmadridnorte.com/72874-pieza.html
72875;5967QL48D;Compresor aire acondicionado;TOYOTA;Proace City;1.5 D-4D;2009;Desmontada de vehículo;1 año;Bajo pedido 24-48h;75,46 € + IVA;https://desguacesmadridnorte.com/72875-pieza.html
72878;2396MP27C;Cremallera de dirección;VOLKSWAGEN;Polo;1.4 TDI;2016;Comprobada, funcionando;1 año;Bajo pedido 24-48h;285,20 € + IVA;https://desguacesmadridnorte.com/72878-pieza.html
72879;4576FN16D;Paso de rueda trasero izquierdo;CITROEN;C3;1.2 PureTech;2010;Desmontada de vehículo;1 año;En stock;32,91 € + IVA;https://desguacesmadridnorte.com/72879-pieza.html
72880;5629GZ88A;Compresor aire acondicionado;NISSAN;Qashqai;1.6 dCi;2008;Comprobada, funcionando;1 año;En stock;131,91 € + IVA;https://desguacesmadridnorte.com/72880-pieza.html
72883;7558KG53D;Motor completo;NISSAN;Juke;1.2 DIG-T;2018;Comprobada, funcionando;1 año;En stock;839,91 € + IVA;https://desguacesmadridnorte.com/72883-pieza.html
72886;8545WH33C;Piloto trasero derecho;RENAULT;Clio;1.5 dCi;2008;Desmontada de vehículo;1 año;Bajo pedido 24-48h;40,84 € + IVA;https://desguacesmadridnorte.com/72886-pieza.html
72888;7486NK47D;Faro delantero derecho;CITROEN;C3;1.4 HDi;2016;Comprobada, funcionando;1 año;Bajo pedido 24-48h;197,28 € + IVA;https://desguacesmadridnorte.com/72888-pieza.html
72890;6016HJ14E;Cerradura puerta delantera;AUDI;Q3;2.0 TDI;2005;Comprobada, funcionando;1 año;En stock;66,50 € + IVA;https://desguacesmadridnorte.com/72890-pieza.html
72891;9441ZX27E;Airbag volante;SKODA;Octavia;1.6 TDI;2005;Comprobada, funcionando;1 año;En stock;148,68 € + IVA;https://desguacesmadridnorte.com/72891-pieza.html
72892;4869TD48A;Airbag volante;AUDI;A3;1.4 TFSI;2014;Comprobada, funcionando;1 año;Bajo pedido 24-48h;333,20 € + IVA;https://desguacesmadridnorte.com/72892-pieza.html
72893;3453CM12C;Motor de arranque;PEUGEOT;308;2.0 HDi;2010;Sin comprobar;1 año;En stock;110,55 € + IVA;https://desguacesmadridnorte.com/72893-pieza.html
72896;3374DR46D;Puerta delantera izquierda;VOLKSWAGEN;Passat;2.0 TDI;2012;Desmontada de vehículo;1 año;Bajo pedido 24-48h;115,25 € + IVA;https://desguacesmadridnorte.com/72896-pieza.html
72897;3652TH41C;Cremallera de dirección;SKODA;Octavia;2.0 TDI;2016;Comprobada, funcionando;1 año;Bajo pedido 24-48h;109,07 € + IVA;https://desguacesmadridnorte.com/72897-pieza.html
72899;7097GJ10A;Paso de rueda trasero izquierdo;RENAULT;Clio;1.2 16v;2005;Sin comprobar;1 año;Bajo pedido 24-48h;19,03 € + IVA;https://desguacesmadridnorte.com/72899-pieza.html
72902;1627RQ80D;Colector de admisión;BMW;Serie 1;118d;2014;Comprobada, funcionando;1 año;En stock;213,83 € + IVA;https://desguacesmadridnorte.com/72902-pieza.html
72905;6875RP66B;Retrovisor izquierdo;KIA;Sportage;1.7 CRDi;2021;Comprobada, funcionando;1 año;Bajo pedido 24-48h;52,13 € + IVA;https://desguacesmadridnorte.com/72905-pieza.html
72906;4651GX54C;Cárter;SKODA;Fabia;1.4 TDI;2009;Comprobada, funcionando;1 año;Bajo pedido 24-48h;65,88 € + IVA;https://desguacesmadridnorte.com/72906-pieza.html
72907;9487TD72D;Cinturón de seguridad;OPEL;Astra;1.7 CDTI;2006;Desmontada de vehículo;1 año;Bajo pedido 24-48h;20,21 € + IVA;https://desguacesmadridnorte.com/72907-pieza.html
72909;2390ED48B;Capó;TOYOTA;Proace City;1.5 D-4D;2016;Comprobada, funcionando;1 año;En stock;191,63 € + IVA;https://desguacesmadridnorte.com/72909-pieza.html
72910;6520PG76D;Parachoques trasero;SKODA;Fabia;1.4 TDI;2015;Comprobada, funcionando;1 año;Bajo pedido 24-48h;181,42 € + IVA;https://desguacesmadridnorte.com/72910-pieza.html
72912;8617DQ86B;Elevalunas delantero izquierdo;BMW;Serie 1;120i;2008;Desmontada de vehículo;1 año;En stock;108,76 € + IVA;https://desguacesmadridnorte.com/72912-pieza.html
72913;5670RX56F;Colector de admisión;SKODA;Octavia;1.6 TDI;2021;Desmontada de vehículo;1 año;Bajo pedido 24-48h;64,65 € + IVA;https://desguacesmadridnorte.com/72913-pieza.html
72915;2492VG98E;Piloto trasero derecho;MERCEDES-BENZ;Clase E Coupé;250 CDI;2006;Comprobada, funcionando;1 año;En stock;51,61 € + IVA;https://desguacesmadridnorte.com/72915-pieza.html
72916;9218MD29C;Cuadro de instrumentos;PEUGEOT;208;1.4 HDi;2015;Desmontada de vehículo;1 año;En stock;220,17 € + IVA;https://desguacesmadridnorte.com/72916-pieza.html
72918;6915LW99D;Parachoques trasero;AUDI;Q3;2.0 TDI;2007;Desmontada de vehículo;1 año;Bajo pedido 24-48h;216,94 € + IVA;https://desguacesmadridnorte.com/72918-pieza.html
72919;6008ZX90D;Turbo;HYUNDAI;i30;1.4 CRDi;2014;Comprobada, funcionando;1 año;Bajo pedido 24-48h;408,73 € + IVA;https://desguacesmadridnorte.com/72919-pieza.html
72920;7354SW90F;Portón trasero;SEAT;León;2.0 TDI;2013;Desmontada de vehículo;1 año;En stock;133,14 € + IVA;https://desguacesmadridnorte.com/72920-pieza.html
72923;1861NM66B;Bomba de agua;VOLKSWAGEN;Golf;1.4 TSI;2020;Desmontada de vehículo;1 año;En stock;80,22 € + IVA;https://desguacesmadridnorte.com/72923-pieza.html
72924;9876ZM56A;Motor de arranque;TOYOTA;Corolla;1.4 D-4D;2020;Desmontada de vehículo;1 año;Bajo pedido 24-48h;74,34 € + IVA;https://desguacesmadridnorte.com/72924-pieza.html
72927;4361ZW44B;Piloto trasero derecho;NISSAN;Juke;1.5 dCi;2005;Desmontada de vehículo;1 año;En stock;58,65 € + IVA;https://desguacesmadridnorte.com/72927-pieza.html
72930;8606CH72E;Retrovisor izquierdo;KIA;Sportage;1.7 CRDi;2016;Comprobada, funcionando;1 año;En stock;134,41 € + IVA;https://desguacesmadridnorte.com/72930-pieza.html
72931;1269XW56A;Intercooler;SEAT;León;1.6 TDI;2008;Comprobada, funcionando;1 año;En stock;99,87 € + IVA;https://desguacesmadridnorte.com/72931-pieza.html
72934;1518DX95B;Bomba de agua;MERCEDES-BENZ;CLA;180 CDI;2012;Comprobada, funcionando;1 año;En stock;36,45 € + IVA;https://desguacesmadridnorte.com/72934-pieza.html
72937;7090CG72B;Parachoques delantero;SKODA;Octavia;1.6 TDI;2014;Desmontada de vehículo;1 año;En stock;150,46 € + IVA;https://desguacesmadridnorte.com/72937-pieza.html
72938;4231CG41B;Cuadro de instrumentos;OPEL;Astra;1.6 CDTI;2016;Comprobada, funcionando;1 año;En stock;230,62 € + IVA;https://desguacesmadridnorte.com/72938-pieza.html
72940;8546HG88E;Puerta trasera izquierda;CITROEN;C4;1.6 HDi;2007;Comprobada, funcionando;1 año;Bajo pedido 24-48h;127,09 € + IVA;https://desguacesmadridnorte.com/72940-pieza.html
72942;9540TL77A;Caja de cambios;MERCEDES-BENZ;Clase E Coupé;220 CDI;2020;Comprobada, funcionando;1 año;En stock;1.810,26 € + IVA;https://desguacesmadridnorte.com/72942-pieza.html
72945;1408LW93B;Cárter;SKODA;Octavia;1.6 TDI;2005;Comprobada, funcionando;1 año;Bajo pedido 24-48h;58,62 € + IVA;https://desguacesmadridnorte.com/72945-pieza.html
72947;7515NL80A;Puerta delantera izquierda;BMW;Serie 3;320d;2021;Sin comprobar;1 año;En stock;700,74 € + IVA;https://desguacesmadridnorte.com/72947-pieza.html
72948;4067TP20D;Paso de rueda trasero izquierdo;SKODA;Octavia;1.6 TDI;2021;Desmontada de vehículo;1 año;En stock;31,54 € + IVA;https://desguacesmadridnorte.com/72948-pieza.html
72949;7287JJ29F;Faro delantero derecho;NISSAN;Juke;1.2 DIG-T;2014;Comprobada, funcionando;1 año;En stock;120,95 € + IVA;https://desguacesmadridnorte.com/72949-pieza.html
72951;2144WZ25B;Caja de cambios;BMW;X1;20d;2014;Comprobada, funcionando;1 año;En stock;1.175,23 € + IVA;https://desguacesmadridnorte.com/72951-pieza.html
72952;3029PL22A;Elevalunas delantero izquierdo;MERCEDES-BENZ;CLA;180 CDI;2019;Desmontada de vehículo;1 año;En stock;113,48 € + IVA;https://desguacesmadridnorte.com/72952-pieza.html
72954;9277YT48B;Cuadro de instrumentos;CITROEN;C4;1.6 HDi;2019;Comprobada, funcionando;1 año;En stock;235,82 € + IVA;https://desguacesmadridnorte.com/72954-pieza.html
72956;9515AC19B;Airbag volante;SKODA;Octavia;2.0 TDI;2013;Desmontada de vehículo;1 año;En stock;146,75 € + IVA;https://desguacesmadridnorte.com/72956-pieza.html
72957;2435GR91F;Capó;SKODA;Octavia;1.6 TDI;2015;Comprobada, funcionando;1 año;En stock;126,39 € + IVA;https://desguacesmadridnorte.com/72957-pieza.html
72960;4934BH76D;Intercooler;SKODA;Octavia;2.0 TDI;2006;Comprobada, funcionando;1 año;Bajo pedido 24-48h;130,78 € + IVA;https://desguacesmadridnorte.com/72960-pieza.html
72962;8172QV93E;Bomba de agua;FORD;Focus;2.0 TDCi;2021;Comprobada, funcionando;1 año;En stock;75,66 € + IVA;https://desguacesmadridnorte.com/72962-pieza.html
72963;9962NS35D;Cuadro de instrumentos;FORD;Focus;1.6 TDCi;2021;Comprobada, funcionando;1 año;En stock;101,40 € + IVA;https://desguacesmadridnorte.com/72963-pieza.html
72964;1708JB83B;Cinturón de seguridad;PEUGEOT;3008;1.6 HDi;2017;Comprobada, funcionando;1 año;En stock;72,05 € + IVA;https://desguacesmadridnorte.com/72964-pieza.html
72967;6330MD67B;Piloto trasero izquierdo;NISSAN;Qashqai;1.5 dCi;2017;Comprobada, funcionando;1 año;En stock;73,29 € + IVA;https://desguacesmadridnorte.com/72967-pieza.html
72969;1522ZJ22F;Piloto trasero derecho;OPEL;Corsa;1.2 16v;2014;Comprobada, funcionando;1 año;En stock;61,58 € + IVA;https://desguacesmadridnorte.com/72969-pieza.html
72972;5814YZ73F;Faro delantero izquierdo;MERCEDES-BENZ;Clase A;200 CDI;2010;Comprobada, funcionando;1 año;En stock;270,46 € + IVA;https://desguacesmadridnorte.com/72972-pieza.html
72975;7337LK85F;Bomba de dirección;VOLKSWAGEN;Passat;1.6 TDI;2009;Desmontada de vehículo;1 año;En stock;87,22 € + IVA;https://desguacesmadridnorte.com/72975-pieza.html
72978;2498BC71E;Cremallera de dirección;RENAULT;Megane;1.5 dCi;2018;Comprobada, funcionando;1 año;Bajo pedido 24-48h;261,74 € + IVA;https://desguacesmadridnorte.com/72978-pieza.html
72980;7252VC13F;Bomba de dirección;CITROEN;C3;1.4 HDi;2015;Comprobada, funcionando;1 año;En stock;75,96 € + IVA;https://desguacesmadridnorte.com/72980-pieza.html
72981;8330BG63D;Centralita motor;FORD;Fiesta;1.5 TDCi;2005;Comprobada, funcionando;1 año;Bajo pedido 24-48h;225,65 € + IVA;https://desguacesmadridnorte.com/72981-pieza.html
72984;8492BM91A;Parachoques delantero;PEUGEOT;208;1.4 HDi;2021;Desmontada de vehículo;1 año;En stock;173,86 € + IVA;https://desguacesmadridnorte.com/72984-pieza.html
72986;2373PM13F;Faro delantero izquierdo;OPEL;Corsa;1.2 16v;2015;Desmontada de vehículo;1 año;Bajo pedido 24-48h;216,35 € + IVA;https://desguacesmadridnorte.com/72986-pieza.html
72987;1235JG69F;Cremallera de dirección;FORD;Focus;2.0 TDCi;2008;Comprobada, funcionando;1 año;En stock;105,04 € + IVA;https://desguacesmadridnorte.com/72987-pieza.html
72988;6717KX55F;Piloto trasero derecho;OPEL;Corsa;1.2 16v;2020;Desmontada de vehículo;1 año;En stock;70,96 € + IVA;https://desguacesmadridnorte.com/72988-pieza.html
72990;6137DB22F;Aleta delantera izquierda;KIA;Sportage;2.0 CRDi;2010;Comprobada, funcionando;1 año;Bajo pedido 24-48h;152,33 € + IVA;https://desguacesmadridnorte.com/72990-pieza.html
72993;7622AP19F;Retrovisor derecho;MERCEDES-BENZ;Clase A;200 CDI;2009;Desmontada de vehículo;1 año;En stock;163,87 € + IVA;https://desguacesmadridnorte.com/72993-pieza.html
72994;1053VH50B;Aleta delantera izquierda;OPEL;Corsa;1.3 CDTI;2018;Desmontada de vehículo;1 año;Bajo pedido 24-48h;79,92 € + IVA;https://desguacesmadridnorte.com/72994-pieza.html
72995;6046EQ60F;Paso de rueda trasero izquierdo;CITROEN;C3;1.4 HDi;2019;Comprobada, funcionando;1 año;Bajo pedido 24-48h;50,42 € + IVA;https://desguacesmadridnorte.com/72995-pieza.html
72998;2171XV21A;Módulo electrónico;BMW;Serie 1;120i;2008;Comprobada, funcionando;1 año;En stock;89,96 € + IVA;https://desguacesmadridnorte.com/72998-pieza.html
73001;6657QW60B;Bomba de agua;OPEL;Corsa;1.3 CDTI;2007;Comprobada, funcionando;1 año;En stock;37,73 € + IVA;https://desguacesmadridnorte.com/73001-pieza.html
73003;2063FN91A;Retrovisor derecho;TOYOTA;Camry;2.5 Hybrid;2006;Desmontada de vehículo;1 año;Bajo pedido 24-48h;74,50 € + IVA;https://desguacesmadridnorte.com/73003-pieza.html
73005;6909ND36E;Airbag volante;SEAT;Ibiza;1.2 TSI;2011;Comprobada, funcionando;1 año;En stock;63,12 € + IVA;https://desguacesmadridnorte.com/73005-pieza.html
73008;1032WY25F;Puerta trasera izquierda;PEUGEOT;308;2.0 HDi;2007;Comprobada, funcionando;1 año;Bajo pedido 24-48h;115,95 € + IVA;https://desguacesmadridnorte.com/73008-pieza.html
73010;9793WA78D;Turbo;TOYOTA;Camry;2.5 Hybrid;2005;Desmontada de vehículo;1 año;En stock;453,02 € + IVA;https://desguacesmadridnorte.com/73010-pieza.html
73012;7879ZP95D;Amortiguador delantero;RENAULT;Clio;1.2 16v;2010;Comprobada, funcionando;1 año;Bajo pedido 24-48h;51,46 € + IVA;https://desguacesmadridnorte.com/73012-pieza.html
73013;1698WA72A;Retrovisor izquierdo;PEUGEOT;208;1.4 HDi;2008;Comprobada, funcionando;1 año;Bajo pedido 24-48h;41,75 € + IVA;https://desguacesmadridnorte.com/73013-pieza.html
73014;3582YH27E;Cinturón de seguridad;RENAULT;Clio;1.5 dCi;2019;Comprobada, funcionando;1 año;Bajo pedido 24-48h;72,23 € + IVA;https://desguacesmadridnorte.com/73014-pieza.html
73015;5270CV12D;Bomba de dirección;KIA;Ceed;1.4 CRDi;2020;Comprobada, funcionando;1 año;Bajo pedido 24-48h;111,04 € + IVA;https://desguacesmadridnorte.com/73015-pieza.html
73017;5225PS90F;Faro delantero derecho;SKODA;Fabia;1.4 TDI;2014;Sin comprobar;1 año;En stock;139,00 € + IVA;https://desguacesmadridnorte.com/73017-pieza.html
73018;2691XP61D;Amortiguador delantero;CITROEN;C3;1.2 PureTech;2006;Comprobada, funcionando;1 año;En stock;21,18 € + IVA;https://desguacesmadridnorte.com/73018-pieza.html
73021;6645PX17F;Catalizador;MERCEDES-BENZ;CLA;200 CDI;2016;Desmontada de vehículo;1 año;Bajo pedido 24-48h;373,77 € + IVA;https://desguacesmadridnorte.com/73021-pieza.html
73022;1262KT89E;Centralita motor;SEAT;Ibiza;1.9 TDI;2013;Desmontada de vehículo;1 año;Bajo pedido 24-48h;223,00 € + IVA;https://desguacesmadridnorte.com/73022-pieza.html
73024;3172WR27D;Catalizador;CITROEN;C4;1.6 HDi;2011;Desmontada de vehículo;1 año;En stock;391,80 € + IVA;https://desguacesmadridnorte.com/73024-pieza.html
73025;2631SR52A;Compresor aire acondicionado;CITROEN;C4;1.6 VTi;2021;Sin comprobar;1 año;Bajo pedido 24-48h;184,28 € + IVA;https://desguacesmadridnorte.com/73025-pieza.html
73028;8838NE19D;Cárter;OPEL;Astra;1.6 CDTI;2020;Desmontada de vehículo;1 año;En stock;57,72 € + IVA;https://desguacesmadridnorte.com/73028-pieza.html
73030;3961NP41F;Radiador;RENAULT;Clio;1.2 16v;2016;Comprobada, funcionando;1 año;En stock;115,69 € + IVA;https://desguacesmadridnorte.com/73030-pieza.html
73033;4862LL69A;Faro delantero derecho;RENAULT;Captur;0.9 TCe;2015;Comprobada, funcionando;1 año;En stock;95,53 € + IVA;https://desguacesmadridnorte.com/73033-pieza.html
73034;1633CX46C;Bomba de dirección;AUDI;A3;1.6 TDI;2006;Comprobada, funcionando;1 año;En stock;134,72 € + IVA;https://desguacesmadridnorte.com/73034-pieza.html
73037;8447RS84C;Puerta delantera izquierda;AUDI;A4;2.0 TFSI;2010;Comprobada, funcionando;1 año;En stock;146,60 € + IVA;https://desguacesmadridnorte.com/73037-pieza.html
73039;5137BP77C;Alternador;VOLKSWAGEN;Golf;1.4 TSI;2020;Sin comprobar;1 año;En stock;97,26 € + IVA;https://desguacesmadridnorte.com/73039-pieza.html
73040;2578HS82B;Bomba de dirección;OPEL;Astra;1.7 CDTI;2015;Comprobada, funcionando;1 año;Bajo pedido 24-48h;53,63 € + IVA;https://desguacesmadridnorte.com/73040-pieza.html
73042;8026AW17F;Parachoques delantero;TOYOTA;Corolla;1.8 Hybrid;2020;Comprobada, funcionando;1 año;Bajo pedido 24-48h;126,69 € + IVA;https://desguacesmadridnorte.com/73042-pieza.html
73045;8759HM25C;Paso de rueda trasero izquierdo;RENAULT;Captur;1.5 dCi;2019;Desmontada de vehículo;1 año;Bajo pedido 24-48h;53,94 € + IVA;https://desguacesmadridnorte.com/73045-pieza.html
73047;8569HC72A;Retrovisor derecho;SKODA;Octavia;1.6 TDI;2009;Sin comprobar;1 año;En stock;137,61 € + IVA;https://desguacesmadridnorte.com/73047-pieza.html
73050;7865GA77C;Cerradura puerta delantera;NISSAN;Juke;1.2 DIG-T;2014;Sin comprobar;1 año;En stock;52,23 € + IVA;https://desguacesmadridnorte.com/73050-pieza.html
73052;6924DH68C;Airbag volante;KIA;Sportage;1.7 CRDi;2017;Comprobada, funcionando;1 año;En stock;193,57 € + IVA;https://desguacesmadridnorte.com/73052-pieza.html
73055;2152YM43A;Piloto trasero izquierdo;AUDI;Q3;1.4 TFSI;2016;Comprobada, funcionando;1 año;En stock;81,23 € + IVA;https://desguacesmadridnorte.com/73055-pieza.html
73057;7475JL41A;Faro delantero derecho;FORD;Fusion;1.4 TDCi;2016;Desmontada de vehículo;1 año;En stock;116,36 € + IVA;https://desguacesmadridnorte.com/73057-pieza.html
73060;5534FF81D;Faro delantero izquierdo;MERCEDES-BENZ;Clase E Coupé;250 CDI;2005;Comprobada, funcionando;1 año;Bajo pedido 24-48h;81,50 € + IVA;https://desguacesmadridnorte.com/73060-pieza.html
73062;9506CN11E;Retrovisor izquierdo;AUDI;A4;3.0 TDI;2021;Comprobada, funcionando;1 año;Bajo pedido 24-48h;228,96 € + IVA;https://desguacesmadridnorte.com/73062-pieza.html
73065;1939LT37E;Cárter;MERCEDES-BENZ;Clase A;180 CDI;2015;Comprobada, funcionando;1 año;En stock;53,97 € + IVA;https://desguacesmadridnorte.com/73065-pieza.html
73067;4483KQ47E;Centralita motor;NISSAN;Qashqai;1.6 dCi;2014;Desmontada de vehículo;1 año;Bajo pedido 24-48h;356,70 € + IVA;https://desguacesmadridnorte.com/73067-pieza.html
73068;3778NJ70B;Paso de rueda trasero izquierdo;NISSAN;Qashqai;1.6 dCi;2019;Comprobada, funcionando;1 año;En stock;27,86 € + IVA;https://desguacesmadridnorte.com/73068-pieza.html
73071;7032QZ98D;Intercooler;SKODA;Fabia;1.4 TDI;2013;Comprobada, funcionando;1 año;Bajo pedido 24-48h;156,80 € + IVA;https://desguacesmadridnorte.com/73071-pieza.html
73074;6360TQ44A;Parachoques trasero;FORD;Focus;1.6 TDCi;2020;Comprobada, funcionando;1 año;En stock;103,39 € + IVA;https://desguacesmadridnorte.com/73074-pieza.html
73076;4054KX81F;Airbag volante;SEAT;Ibiza;1.2 TSI;2020;Comprobada, funcionando;1 año;En stock;200,21 € + IVA;https://desguacesmadridnorte.com/73076-pieza.html
73078;9426EN83E;Alternador;SEAT;Ibiza;1.6 TDI;2020;Comprobada, funcionando;1 año;Bajo pedido 24-48h;100,15 € + IVA;https://desguacesmadridnorte.com/73078-pieza.html
73079;6267NZ21B;Faro delantero izquierdo;PEUGEOT;308;1.6 HDi;2009;Comprobada, funcionando;1 año;Bajo pedido 24-48h;95,18 € + IVA;https://desguacesmadridnorte.com/73079-pieza.html
73080;1365GJ69A;Cuadro de instrumentos;KIA;Sportage;2.0 CRDi;2016;Comprobada, funcionando;1 año;En stock;297,75 € + IVA;https://desguacesmadridnorte.com/73080-pieza.html
73083;3133WG46C;Cremallera de dirección;OPEL;Astra;1.6 CDTI;2009;Comprobada, funcionando;1 año;Bajo pedido 24-48h;131,03 € + IVA;https://desguacesmadridnorte.com/73083-pieza.html
73086;8052GQ51D;Parachoques trasero;PEUGEOT;308;2.0 HDi;2015;Comprobada, funcionando;1 año;Bajo pedido 24-48h;132,16 € + IVA;https://desguacesmadridnorte.com/73086-pieza.html
73087;9894WX47A;Radiador;TOYOTA;Camry;2.5 Hybrid;2017;Sin comprobar;1 año;Bajo pedido 24-48h;147,70 € + IVA;https://desguacesmadridnorte.com/73087-pieza.html
73088;5856AM70C;Cremallera de dirección;VOLKSWAGEN;Polo;1.4 TDI;2011;Comprobada, funcionando;1 año;Bajo pedido 24-48h;243,11 € + IVA;https://desguacesmadridnorte.com/73088-pieza.html
73090;1243WB94E;Piloto trasero izquierdo;SKODA;Octavia;1.6 TDI;2014;Comprobada, funcionando;1 año;Bajo pedido 24-48h;80,65 € + IVA;https://desguacesmadridnorte.com/73090-pieza.html
73092;9816FZ52B;Airbag volante;KIA;Sportage;2.0 CRDi;2006;Comprobada, funcionando;1 año;Bajo pedido 24-48h;81,32 € + IVA;https://desguacesmadridnorte.com/73092-pieza.html
73095;3076VC60E;Retrovisor derecho;SEAT;Ibiza;1.2 TSI;2014;Desmontada de vehículo;1 año;Bajo pedido 24-48h;127,35 € + IVA;https://desguacesmadridnorte.com/73095-pieza.html
73096;1749GS67D;Retrovisor izquierdo;RENAULT;Megane;1.5 dCi;2012;Desmontada de vehículo;1 año;Bajo pedido 24-48h;117,04 € + IVA;https://desguacesmadridnorte.com/73096-pieza.html
73099;5952ZD16E;Cerradura puerta delantera;TOYOTA;Proace City;1.5 D-4D;2012;Comprobada, funcionando;1 año;En stock;66,21 € + IVA;https://desguacesmadridnorte.com/73099-pieza.html
73102;5935RZ90B;Cremallera de dirección;TOYOTA;Camry;2.5 Hybrid;2013;Desmontada de vehículo;1 año;Bajo pedido 24-48h;298,65 € + IVA;https://desguacesmadridnorte.com/73102-pieza.html
73105;6340MS60A;Bomba de dirección;KIA;Ceed;1.4 CRDi;2008;Sin comprobar;1 año;Bajo pedido 24-48h;78,45 € + IVA;https://desguacesmadridnorte.com/73105-pieza.html
73107;3535EE45B;Aleta delantera izquierda;OPEL;Astra;1.7 CDTI;2008;Desmontada de vehículo;1 año;Bajo pedido 24-48h;100,70 € + IVA;https://desguacesmadridnorte.com/73107-pieza.html
73109;5919SF35D;Bomba de agua;RENAULT;Clio;1.5 dCi;2006;Comprobada, funcionando;1 año;En stock;19,74 € + IVA;https://desguacesmadridnorte.com/73109-pieza.html
73110;9956NJ94C;Retrovisor izquierdo;MERCEDES-BENZ;CLA;180 CDI;2005;Comprobada, funcionando;1 año;En stock;85,03 € + IVA;https://desguacesmadridnorte.com/73110-pieza.html
73113;7733TY37C;Piloto trasero izquierdo;TOYOTA;Corolla;1.4 D-4D;2016;Comprobada, funcionando;1 año;Bajo pedido 24-48h;85,24 € + IVA;https://desguacesmadridnorte.com/73113-pieza.html
73114;5263DX55D;Centralita motor;MERCEDES-BENZ;Clase A;200 CDI;2010;Desmontada de vehículo;1 año;Bajo pedido 24-48h;289,52 € + IVA;https://desguacesmadridnorte.com/73114-pieza.html
73115;3072PY25D;Piloto trasero izquierdo;SKODA;Octavia;1.6 TDI;2009;Comprobada, funcionando;1 año;Bajo pedido 24-48h;72,93 € + IVA;https://desguacesmadridnorte.com/73115-pieza.html
73116;4618ED41F;Caja de cambios;SEAT;León;2.0 TDI;2012;Comprobada, funcionando;1 año;En stock;566,50 € + IVA;https://desguacesmadridnorte.com/73116-pieza.html
73119;3929QN34D;Portón trasero;FORD;Focus;2.0 TDCi;2005;Comprobada, funcionando;1 año;Bajo pedido 24-48h;91,53 € + IVA;https://desguacesmadridnorte.com/73119-pieza.html
73122;5409GG36E;Bomba de agua;VOLKSWAGEN;Passat;1.6 TDI;2012;Comprobada, funcionando;1 año;En stock;92,85 € + IVA;https://desguacesmadridnorte.com/73122-pieza.html
73123;4946MG60E;Motor de arranque;TOYOTA;Camry;2.5 Hybrid;2016;Desmontada de vehículo;1 año;Bajo pedido 24-48h;104,73 € + IVA;https://desguacesmadridnorte.com/73123-pieza.html
73125;8113KD61D;Amortiguador delantero;AUDI;Q3;1.4 TFSI;2005;Comprobada, funcionando;1 año;En stock;48,19 € + IVA;https://desguacesmadridnorte.com/73125-pieza.html
73126;6820JB92D;Turbo;CITROEN;C4;1.6 HDi;2006;Comprobada, funcionando;1 año;En stock;170,89 € + IVA;https://desguacesmadridnorte.com/73126-pieza.html
73128;1073XW87C;Portón trasero;NISSAN;Juke;1.2 DIG-T;2019;Comprobada, funcionando;1 año;Bajo pedido 24-48h;305,99 € + IVA;https://desguacesmadridnorte.com/73128-pieza.html
73131;5387GH12C;Piloto trasero derecho;MERCEDES-BENZ;Clase E Coupé;220 CDI;2006;Comprobada, funcionando;1 año;En stock;54,30 € + IVA;https://desguacesmadridnorte.com/73131-pieza.html
73134;2542WP52C;Puerta trasera izquierda;FORD;Fiesta;1.5 TDCi;2012;Comprobada, funcionando;1 año;Bajo pedido 24-48h;75,47 € + IVA;https://desguacesmadridnorte.com/73134-pieza.html
73135;5736DN30A;Intercooler;MERCEDES-BENZ;Clase A;200 CDI;2020;Sin comprobar;1 año;Bajo pedido 24-48h;240,86 € + IVA;https://desguacesmadridnorte.com/73135-pieza.html
73137;1671DX28F;Cremallera de dirección;CITROEN;C4;1.6 HDi;2007;Comprobada, funcionando;1 año;En stock;92,59 € + IVA;https://desguacesmadridnorte.com/73137-pieza.html
73140;8321HE17E;Puerta delantera derecha;OPEL;Astra;1.7 CDTI;2019;Comprobada, funcionando;1 año;En stock;121,50 € + IVA;https://desguacesmadridnorte.com/73140-pieza.html
73142;7809YG10A;Puerta delantera derecha;AUDI;Q3;1.4 TFSI;2005;Comprobada, funcionando;1 año;Bajo pedido 24-48h;346,37 € + IVA;https://desguacesmadridnorte.com/73142-pieza.html
73143;5618RM22A;Piloto trasero izquierdo;NISSAN;Juke;1.2 DIG-T;2015;Comprobada, funcionando;1 año;En stock;83,56 € + IVA;https://desguacesmadridnorte.com/73143-pieza.html
73144;4732LR76E;Faro delantero derecho;MERCEDES-BENZ;Clase A;180 CDI;2014;Comprobada, funcionando;1 año;En stock;97,84 € + IVA;https://desguacesmadridnorte.com/73144-pieza.html
73145;3905NH35D;Motor completo;RENAULT;Megane;1.5 dCi;2009;Comprobada, funcionando;1 año;En stock;1.327,78 € + IVA;https://desguacesmadridnorte.com/73145-pieza.html
73147;1239DR66B;Parachoques trasero;CITROEN;C4;1.6 VTi;2006;Comprobada, funcionando;1 año;En stock;173,30 € + IVA;https://desguacesmadridnorte.com/73147-pieza.html
73150;9477CH35E;Piloto trasero izquierdo;NISSAN;Qashqai;1.5 dCi;2007;Comprobada, funcionando;1 año;Bajo pedido 24-48h;50,32 € + IVA;https://desguacesmadridnorte.com/73150-pieza.html
73151;7941XV99B;Parachoques trasero;NISSAN;Qashqai;1.6 dCi;2007;Comprobada, funcionando;1 año;Bajo pedido 24-48h;106,18 € + IVA;https://desguacesmadridnorte.com/73151-pieza.html
73153;1882SH31A;Amortiguador delantero;PEUGEOT;308;2.0 HDi;2012;Desmontada de vehículo;1 año;En stock;23,13 € + IVA;https://desguacesmadridnorte.com/73153-pieza.html
73155;9721FE87F;Elevalunas delantero izquierdo;OPEL;Corsa;1.2 16v;2014;Sin comprobar;1 año;En stock;58,64 € + IVA;https://desguacesmadridnorte.com/73155-pieza.html
73156;4362JW32D;Radiador;FORD;Focus;2.0 TDCi;2019;Desmontada de vehículo;1 año;En stock;148,81 € + IVA;https://desguacesmadridnorte.com/73156-pieza.html
73158;1396TF18D;Turbo;FORD;Fusion;1.4 TDCi;2009;Comprobada, funcionando;1 año;Bajo pedido 24-48h;123,95 € + IVA;https://desguacesmadridnorte.com/73158-pieza.html
73159;8407QP75D;Amortiguador delantero;PEUGEOT;208;1.4 HDi;2019;Comprobada, funcionando;1 año;En stock;50,59 € + IVA;https://desguacesmadridnorte.com/73159-pieza.html
73162;5194LH27A;Puerta delantera izquierda;AUDI;Q3;2.0 TDI;2016;Comprobada, funcionando;1 año;Bajo pedido 24-48h;473,15 € + IVA;https://desguacesmadridnorte.com/73162-pieza.html
73163;3683SJ28E;Puerta delantera derecha;RENAULT;Megane;1.6 dCi;2012;Sin comprobar;1 año;Bajo pedido 24-48h;253,02 € + IVA;https://desguacesmadridnorte.com/73163-pieza.html
73164;3759ZE72C;Puerta delantera derecha;SKODA;Fabia;1.2 TSI;2019;Desmontada de vehículo;1 año;En stock;174,63 € + IVA;https://desguacesmadridnorte.com/73164-pieza.html
73167;2501FC45D;Puerta delantera derecha;BMW;X1;20d;2005;Comprobada, funcionando;1 año;En stock;307,01 € + IVA;https://desguacesmadridnorte.com/73167-pieza.html
73169;9203MZ80B;Puerta trasera izquierda;VOLKSWAGEN;Golf;1.6 TDI;2017;Comprobada, funcionando;1 año;En stock;128,19 € + IVA;https://desguacesmadridnorte.com/73169-pieza.html
73170;2977HA97C;Faro delantero izquierdo;HYUNDAI;i30;1.6 CRDi;2015;Desmontada de vehículo;1 año;En stock;46,67 € + IVA;https://desguacesmadridnorte.com/73170-pieza.html
73172;4080FA46A;Puerta delantera izquierda;NISSAN;Qashqai;1.6 dCi;2020;Comprobada, funcionando;1 año;Bajo pedido 24-48h;350,87 € + IVA;https://desguacesmadridnorte.com/73172-pieza.html
73173;5530TZ12A;Turbo;NISSAN;Juke;1.2 DIG-T;2007;Comprobada, funcionando;1 año;En stock;178,44 € + IVA;https://desguacesmadridnorte.com/73173-pieza.html
73176;9028WN40A;Aleta delantera izquierda;HYUNDAI;Tucson;1.7 CRDi;2010;Comprobada, funcionando;1 año;En stock;135,20 € + IVA;https://desguacesmadridnorte.com/73176-pieza.html
73179;5266TM84E;Capó;NISSAN;Juke;1.2 DIG-T;2011;Comprobada, funcionando;1 año;En stock;110,57 € + IVA;https://desguacesmadridnorte.com/73179-pieza.html
73181;8127XX59F;Parachoques trasero;MERCEDES-BENZ;Clase A;200 CDI;2011;Desmontada de vehículo;1 año;En stock;117,49 € + IVA;https://desguacesmadridnorte.com/73181-pieza.html
73183;2344XA39A;Parachoques delantero;CITROEN;C3;1.2 PureTech;2010;Comprobada, funcionando;1 año;En stock;179,91 € + IVA;https://desguacesmadridnorte.com/73183-pieza.html
73185;2508HN40A;Parachoques trasero;RENAULT;Captur;1.5 dCi;2008;Comprobada, funcionando;1 año;En stock;149,93 € + IVA;https://desguacesmadridnorte.com/73185-pieza.html
73186;5329NP82E;Motor completo;HYUNDAI;i30;1.6 CRDi;2005;Desmontada de vehículo;1 año;En stock;1.112,72 € + IVA;https://desguacesmadridnorte.com/73186-pieza.html
73188;8043TS33E;Intercooler;VOLKSWAGEN;Passat;2.0 TDI;2017;Desmontada de vehículo;1 año;Bajo pedido 24-48h;179,84 € + IVA;https://desguacesmadridnorte.com/73188-pieza.html
73190;7211BM88B;Piloto trasero izquierdo;PEUGEOT;308;2.0 HDi;2014;Desmontada de vehículo;1 año;Bajo pedido 24-48h;64,25 € + IVA;https://desguacesmadridnorte.com/73190-pieza.html
73192;7693QV18E;Bomba de dirección;OPEL;Corsa;1.3 CDTI;2016;Desmontada de vehículo;1 año;En stock;60,53 € + IVA;https://desguacesmadridnorte.com/73192-pieza.html
73195;8171DK20E;Portón trasero;CITROEN;C3;1.4 HDi;2012;Sin comprobar;1 año;Bajo pedido 24-48h;87,77 € + IVA;https://desguacesmadridnorte.com/73195-pieza.html
73197;1340ET44B;Faro delantero izquierdo;PEUGEOT;3008;1.6 HDi;2013;Comprobada, funcionando;1 año;En stock;85,28 € + IVA;https://desguacesmadridnorte.com/73197-pieza.html
73199;7512MC99A;Faro delantero derecho;BMW;Serie 3;320d;2012;Comprobada, funcionando;1 año;Bajo pedido 24-48h;273,23 € + IVA;https://desguacesmadridnorte.com/73199-pieza.html
73200;3530RK96C;Cerradura puerta delantera;OPEL;Astra;1.7 CDTI;2013;Comprobada, funcionando;1 año;En stock;51,44 € + IVA;https://desguacesmadridnorte.com/73200-pieza.html
73201;1838JZ28F;Portón trasero;TOYOTA;Camry;2.5 Hybrid;2020;Sin comprobar;1 año;En stock;338,82 € + IVA;https://desguacesmadridnorte.com/73201-pieza.html
73202;3063QK75E;Compresor aire acondicionado;KIA;Ceed;1.6 CRDi;2010;Sin comprobar;1 año;En stock;98,90 € + IVA;https://desguacesmadridnorte.com/73202-pieza.html
73203;3860VG32A;Turbo;KIA;Sportage;2.0 CRDi;2010;Comprobada, funcionando;1 año;Bajo pedido 24-48h;298,78 € + IVA;https://desguacesmadridnorte.com/73203-pieza.html
73204;1308GG57D;Parachoques delantero;RENAULT;Captur;0.9 TCe;2006;Sin comprobar;1 año;En stock;132,23 € + IVA;https://desguacesmadridnorte.com/73204-pieza.html
73207;1680PX76B;Cerradura puerta delantera;SKODA;Octavia;2.0 TDI;2008;Comprobada, funcionando;1 año;Bajo pedido 24-48h;22,85 € + IVA;https://desguacesmadridnorte.com/73207-pieza.html
73209;8104FJ27A;Retrovisor derecho;SEAT;León;2.0 TDI;2021;Comprobada, funcionando;1 año;Bajo pedido 24-48h;131,43 € + IVA;https://desguacesmadridnorte.com/73209-pieza.html
73210;5058YY40C;Centralita motor;HYUNDAI;i30;1.6 CRDi;2018;Comprobada, funcionando;1 año;Bajo pedido 24-48h;276,96 € + IVA;https://desguacesmadridnorte.com/73210-pieza.html
73211;6761NW35C;Capó;HYUNDAI;Tucson;1.7 CRDi;2005;Comprobada, funcionando;1 año;Bajo pedido 24-48h;66,61 € + IVA;https://desguacesmadridnorte.com/73211-pieza.html
73213;5785SW10C;Capó;BMW;X1;20d;2015;Desmontada de vehículo;1 año;Bajo pedido 24-48h;393,73 € + IVA;https://desguacesmadridnorte.com/73213-pieza.html
73215;1365KB78F;Cremallera de dirección;RENAULT;Megane;1.6 dCi;2019;Comprobada, funcionando;1 año;Bajo pedido 24-48h;216,26 € + IVA;https://desguacesmadridnorte.com/73215-pieza.html
73216;1427MF45A;Paso de rueda trasero izquierdo;OPEL;Corsa;1.3 CDTI;2016;Comprobada, funcionando;1 año;En stock;48,68 € + IVA;https://desguacesmadridnorte.com/73216-pieza.html
73218;1598BW85B;Elevalunas delantero izquierdo;RENAULT;Captur;1.5 dCi;2013;Desmontada de vehículo;1 año;En stock;72,18 € + IVA;https://desguacesmadridnorte.com/73218-pieza.html
73219;4913FY22F;Centralita motor;SEAT;Ateca;1.5 TSI;2017;Comprobada, funcionando;1 año;En stock;205,41 € + IVA;https://desguacesmadridnorte.com/73219-pieza.html
73222;1307DN24E;Puerta delantera derecha;HYUNDAI;i30;1.6 CRDi;2015;Desmontada de vehículo;1 año;En stock;221,21 € + IVA;https://desguacesmadridnorte.com/73222-pieza.html
73225;1910MQ12D;Faro delantero izquierdo;BMW;X1;20d;2008;Sin comprobar;1 año;En stock;137,73 € + IVA;https://desguacesmadridnorte.com/73225-pieza.html
73228;8006WG87F;Cuadro de instrumentos;CITROEN;C3;1.2 PureTech;2012;Comprobada, funcionando;1 año;En stock;88,66 € + IVA;https://desguacesmadridnorte.com/73228-pieza.html
73230;2970GC60C;Capó;TOYOTA;Camry;2.5 Hybrid;2005;Desmontada de vehículo;1 año;En stock;151,62 € + IVA;https://desguacesmadridnorte.com/73230-pieza.html
73233;9813PW97C;Cuadro de instrumentos;CITROEN;C3;1.2 PureTech;2019;Comprobada, funcionando;1 año;En stock;101,20 € + IVA;https://desguacesmadridnorte.com/73233-pieza.html
73235;8141FR32F;Piloto trasero derecho;MERCEDES-BENZ;Clase E Coupé;250 CDI;2011;Comprobada, funcionando;1 año;En stock;47,19 € + IVA;https://desguacesmadridnorte.com/73235-pieza.html
73237;5292WD75E;Caja de cambios;KIA;Sportage;2.0 CRDi;2008;Comprobada, funcionando;1 año;Bajo pedido 24-48h;209,84 € + IVA;https://desguacesmadridnorte.com/73237-pieza.html
73238;3995AM75A;Intercooler;MERCEDES-BENZ;CLA;180 CDI;2016;Sin comprobar;1 año;Bajo pedido 24-48h;271,35 € + IVA;https://desguacesmadridnorte.com/73238-pieza.html
73240;5229EW22A;Cerradura puerta delantera;SEAT;Ibiza;1.6 TDI;2020;Comprobada, funcionando;1 año;Bajo pedido 24-48h;65,54 € + IVA;https://desguacesmadridnorte.com/73240-pieza.html
73242;3520MC44C;Parachoques trasero;OPEL;Corsa;1.3 CDTI;2020;Comprobada, funcionando;1 año;Bajo pedido 24-48h;145,56 € + IVA;https://desguacesmadridnorte.com/73242-pieza.html
73243;9580GH50A;Parachoques delantero;HYUNDAI;Tucson;2.0 CRDi;2005;Comprobada, funcionando;1 año;En stock;78,29 € + IVA;https://desguacesmadridnorte.com/73243-pieza.html
73246;8614EB67B;Piloto trasero derecho;FORD;Fiesta;1.0 EcoBoost;2005;Comprobada, funcionando;1 año;En stock;17,32 € + IVA;https://desguacesmadridnorte.com/73246-pieza.html
73248;8459WS82C;Alternador;PEUGEOT;308;2.0 HDi;2014;Comprobada, funcionando;1 año;Bajo pedido 24-48h;126,85 € + IVA;https://desguacesmadridnorte.com/73248-pieza.html
73249;1560WM54D;Motor completo;SKODA;Fabia;1.2 TSI;2020;Comprobada, funcionando;1 año;En stock;980,94 € + IVA;https://desguacesmadridnorte.com/73249-pieza.html
73250;1438EM55F;Motor completo;NISSAN;Qashqai;1.5 dCi;2013;Comprobada, funcionando;1 año;Bajo pedido 24-48h;1.889,31 € + IVA;https://desguacesmadridnorte.com/73250-pieza.html
73253;2266EB80F;Colector de admisión;CITROEN;C3;1.4 HDi;2008;Desmontada de vehículo;1 año;Bajo pedido 24-48h;86,12 € + IVA;https://desguacesmadridnorte.com/73253-pieza.html
73254;6375VT18F;Puerta trasera izquierda;HYUNDAI;i30;1.6 CRDi;2019;Comprobada, funcionando;1 año;Bajo pedido 24-48h;180,78 € + IVA;https://desguacesmadridnorte.com/73254-pieza.html
73256;5826ZP24A;Catalizador;MERCEDES-BENZ;Clase E Coupé;250 CDI;2006;Comprobada, funcionando;1 año;En stock;229,53 € + IVA;https://desguacesmadridnorte.com/73256-pieza.html
73257;5514RA90C;Puerta trasera izquierda;AUDI;A4;2.0 TDI;2019;Desmontada de vehículo;1 año;En stock;413,71 € + IVA;https://desguacesmadridnorte.com/73257-pieza.html
73259;4337NF55E;Portón trasero;HYUNDAI;Tucson;2.0 CRDi;2012;Sin comprobar;1 año;Bajo pedido 24-48h;251,18 € + IVA;https://desguacesmadridnorte.com/73259-pieza.html
73262;5851NZ70C;Parachoques trasero;OPEL;Corsa;1.2 16v;2014;Desmontada de vehículo;1 año;Bajo pedido 24-48h;151,22 € + IVA;https://desguacesmadridnorte.com/73262-pieza.html
73265;4910SL96E;Elevalunas delantero izquierdo;FORD;Fusion;1.4 TDCi;2012;Desmontada de vehículo;1 año;En stock;80,15 € + IVA;https://desguacesmadridnorte.com/73265-pieza.html
73268;6159WR72B;Puerta trasera izquierda;FORD;Fusion;1.4 TDCi;2018;Comprobada, funcionando;1 año;Bajo pedido 24-48h;251,92 € + IVA;https://desguacesmadridnorte.com/73268-pieza.html
73271;7283AK40F;Aleta delantera izquierda;VOLKSWAGEN;Golf;1.4 TSI;2017;Desmontada de vehículo;1 año;En stock;61,89 € + IVA;https://desguacesmadridnorte.com/73271-pieza.html
73273;1288KM28F;Piloto trasero derecho;RENAULT;Clio;1.2 16v;2012;Sin comprobar;1 año;En stock;27,30 € + IVA;https://desguacesmadridnorte.com/73273-pieza.html
73275;1418JM67A;Catalizador;BMW;Serie 1;116d;2020;Comprobada, funcionando;1 año;En stock;328,57 € + IVA;https://desguacesmadridnorte.com/73275-pieza.html
73277;9487WY63E;Faro delantero derecho;RENAULT;Clio;1.2 16v;2012;Sin comprobar;1 año;En stock;124,77 € + IVA;https://desguacesmadridnorte.com/73277-pieza.html
73279;7635NV68B;Centralita motor;VOLKSWAGEN;Polo;1.4 TDI;2016;Comprobada, funcionando;1 año;En stock;153,69 € + IVA;https://desguacesmadridnorte.com/73279-pieza.html
73282;5483SP14C;Retrovisor derecho;VOLKSWAGEN;Golf;1.4 TSI;2019;Comprobada, funcionando;1 año;En stock;152,83 € + IVA;https://desguacesmadridnorte.com/73282-pieza.html
73283;2029DC14A;Bomba de agua;PEUGEOT;308;2.0 HDi;2008;Desmontada de vehículo;1 año;En stock;40,02 € + IVA;https://desguacesmadridnorte.com/73283-pieza.html
73284;1090RE60B;Caja de cambios;MERCEDES-BENZ;CLA;180 CDI;2013;Desmontada de vehículo;1 año;En stock;1.106,65 € + IVA;https://desguacesmadridnorte.com/73284-pieza.html
73287;8318TS85C;Portón trasero;KIA;Sportage;1.7 CRDi;2005;Desmontada de vehículo;1 año;En stock;95,57 € + IVA;https://desguacesmadridnorte.com/73287-pieza.html
73290;8649BX76C;Faro delantero izquierdo;AUDI;Q3;2.0 TDI;2017;Comprobada, funcionando;1 año;Bajo pedido 24-48h;328,70 € + IVA;https://desguacesmadridnorte.com/73290-pieza.html
73291;7530FL34B;Cerradura puerta delantera;AUDI;Q3;2.0 TDI;2007;Comprobada, funcionando;1 año;Bajo pedido 24-48h;56,47 € + IVA;https://desguacesmadridnorte.com/73291-pieza.html
73293;8758EX31E;Turbo;HYUNDAI;i30;1.4 CRDi;2011;Comprobada, funcionando;1 año;En stock;293,35 € + IVA;https://desguacesmadridnorte.com/73293-pieza.html
73294;2389NV25F;Intercooler;CITROEN;C3;1.4 HDi;2010;Comprobada, funcionando;1 año;En stock;126,75 € + IVA;https://desguacesmadridnorte.com/73294-pieza.html
73297;9660VR50A;Colector de admisión;RENAULT;Clio;1.2 16v;2006;Comprobada, funcionando;1 año;En stock;65,01 € + IVA;https://desguacesmadridnorte.com/73297-pieza.html
73298;5785RX43D;Retrovisor izquierdo;KIA;Sportage;2.0 CRDi;2008;Comprobada, funcionando;1 año;Bajo pedido 24-48h;75,17 € + IVA;https://desguacesmadridnorte.com/73298-pieza.html
73301;5994YN87B;Alternador;TOYOTA;Corolla;1.8 Hybrid;2011;Comprobada, funcionando;1 año;Bajo pedido 24-48h;122,70 € + IVA;https://desguacesmadridnorte.com/73301-pieza.html
73304;6345WV21F;Intercooler;SKODA;Octavia;1.6 TDI;2011;Comprobada, funcionando;1 año;En stock;104,17 € + IVA;https://desguacesmadridnorte.com/73304-pieza.html
73307;2684HE74D;Puerta delantera derecha;RENAULT;Captur;0.9 TCe;2016;Comprobada, funcionando;1 año;Bajo pedido 24-48h;211,51 € + IVA;https://desguacesmadridnorte.com/73307-pieza.html
73309;1917VG83E;Motor de arranque;HYUNDAI;Tucson;2.0 CRDi;2021;Sin comprobar;1 año;En stock;83,11 € + IVA;https://desguacesmadridnorte.com/73309-pieza.html
73310;8026HG22C;Motor completo;RENAULT;Captur;0.9 TCe;2012;Comprobada, funcionando;1 año;En stock;686,80 € + IVA;https://desguacesmadridnorte.com/73310-pieza.html
73313;4605AS80B;Cremallera de dirección;FORD;Fusion;1.4 TDCi;2010;Sin comprobar;1 año;En stock;90,00 € + IVA;https://desguacesmadridnorte.com/73313-pieza.html
73314;2579BG15C;Módulo electrónico;MERCEDES-BENZ;Clase A;180 CDI;2018;Comprobada, funcionando;1 año;Bajo pedido 24-48h;236,69 € + IVA;https://desguacesmadridnorte.com/73314-pieza.html
73315;4849YV62A;Puerta delantera izquierda;BMW;X1;18d;2011;Desmontada de vehículo;1 año;En stock;309,31 € + IVA;https://desguacesmadridnorte.com/73315-pieza.html
73317;5087EL34C;Elevalunas delantero izquierdo;FORD;Fiesta;1.5 TDCi;2012;Comprobada, funcionando;1 año;Bajo pedido 24-48h;65,71 € + IVA;https://desguacesmadridnorte.com/73317-pieza.html
73320;3905XM30A;Radiador;OPEL;Corsa;1.3 CDTI;2016;Comprobada, funcionando;1 año;En stock;82,30 € + IVA;https://desguacesmadridnorte.com/73320-pieza.html
73321;3979RV62C;Amortiguador delantero;VOLKSWAGEN;Polo;1.2 TSI;2021;Comprobada, funcionando;1 año;En stock;76,81 € + IVA;https://desguacesmadridnorte.com/73321-pieza.html
73323;1838QL18B;Turbo;OPEL;Astra;1.7 CDTI;2020;Comprobada, funcionando;1 año;En stock;307,74 € + IVA;https://desguacesmadridnorte.com/73323-pieza.html
73326;2306TD59F;Piloto trasero izquierdo;AUDI;A3;1.6 TDI;2013;Comprobada, funcionando;1 año;En stock;116,32 € + IVA;https://desguacesmadridnorte.com/73326-pieza.html
73327;1331YJ56D;Alternador;PEUGEOT;3008;1.6 HDi;2020;Comprobada, funcionando;1 año;En stock;203,07 € + IVA;https://desguacesmadridnorte.com/73327-pieza.html
73328;5463MP28E;Alternador;NISSAN;Juke;1.2 DIG-T;2012;Desmontada de vehículo;1 año;En stock;54,12 € + IVA;https://desguacesmadridnorte.com/73328-pieza.html
73331;2676HY26D;Compresor aire acondicionado;MERCEDES-BENZ;Clase E Coupé;250 CDI;2006;Sin comprobar;1 año;En stock;267,08 € + IVA;https://desguacesmadridnorte.com/73331-pieza.html
73332;1138SK58C;Cremallera de dirección;SKODA;Octavia;1.6 TDI;2006;Comprobada, funcionando;1 año;Bajo pedido 24-48h;195,82 € + IVA;https://desguacesmadridnorte.com/73332-pieza.html
73335;2006SA37E;Centralita motor;TOYOTA;Proace City;1.5 D-4D;2011;Comprobada, funcionando;1 año;Bajo pedido 24-48h;328,42 € + IVA;https://desguacesmadridnorte.com/73335-pieza.html
73338;9455MW54A;Paso de rueda trasero izquierdo;MERCEDES-BENZ;CLA;180 CDI;2021;Comprobada, funcionando;1 año;Bajo pedido 24-48h;83,00 € + IVA;https://desguacesmadridnorte.com/73338-pieza.html
73339;6977QE28F;Catalizador;CITROEN;C4;1.6 VTi;2015;Comprobada, funcionando;1 año;Bajo pedido 24-48h;277,98 € + IVA;https://desguacesmadridnorte.com/73339-pieza.html
73341;5899GV32B;Retrovisor derecho;SEAT;Ibiza;1.9 TDI;2011;Sin comprobar;1 año;Bajo pedido 24-48h;79,72 € + IVA;https://desguacesmadridnorte.com/73341-pieza.html
73342;8415BK51A;Cerradura puerta delantera;HYUNDAI;Tucson;2.0 CRDi;2013;Sin comprobar;1 año;En stock;22,61 € + IVA;https://desguacesmadridnorte.com/73342-pieza.html
73345;8849VA45E;Cremallera de dirección;MERCEDES-BENZ;CLA;200 CDI;2012;Comprobada, funcionando;1 año;En stock;309,97 € + IVA;https://desguacesmadridnorte.com/73345-pieza.html
73346;5910XK30D;Colector de admisión;BMW;Serie 3;330i;2014;Comprobada, funcionando;1 año;En stock;92,77 € + IVA;https://desguacesmadridnorte.com/73346-pieza.html
73349;5970HL81D;Cinturón de seguridad;RENAULT;Captur;1.5 dCi;2021;Comprobada, funcionando;1 año;En stock;68,42 € + IVA;https://desguacesmadridnorte.com/73349-pieza.html
73352;1944LB65F;Intercooler;VOLKSWAGEN;Golf;1.4 TSI;2021;Comprobada, funcionando;1 año;En stock;126,94 € + IVA;https://desguacesmadridnorte.com/73352-pieza.html
73353;3894MN43F;Turbo;AUDI;A3;2.0 TDI;2013;Comprobada, funcionando;1 año;En stock;545,05 € + IVA;https://desguacesmadridnorte.com/73353-pieza.html
73355;4674JF31C;Bomba de dirección;KIA;Ceed;1.4 CRDi;2014;Desmontada de vehículo;1 año;Bajo pedido 24-48h;148,52 € + IVA;https://desguacesmadridnorte.com/73355-pieza.html
73356;9248CG52D;Faro delantero derecho;VOLKSWAGEN;Golf;2.0 TDI;2011;Desmontada de vehículo;1 año;En stock;225,93 € + IVA;https://desguacesmadridnorte.com/73356-pieza.html
73359;5596WE58E;Caja de cambios;CITROEN;C4;1.6 HDi;2005;Desmontada de vehículo;1 año;Bajo pedido 24-48h;235,75 € + IVA;https://desguacesmadridnorte.com/73359-pieza.html
73362;3997GR17A;Faro delantero derecho;VOLKSWAGEN;Polo;1.2 TSI;2019;Comprobada, funcionando;1 año;En stock;136,30 € + IVA;https://desguacesmadridnorte.com/73362-pieza.html
73364;9595KJ63C;Capó;NISSAN;Qashqai;1.5 dCi;2012;Desmontada de vehículo;1 año;En stock;177,28 € + IVA;https://desguacesmadridnorte.com/73364-pieza.html
73367;6336ZM33B;Cremallera de dirección;BMW;X1;18d;2013;Comprobada, funcionando;1 año;Bajo pedido 24-48h;316,30 € + IVA;https://desguacesmadridnorte.com/73367-pieza.html
73368;2444ZX92E;Faro delantero derecho;TOYOTA;Corolla;1.8 Hybrid;2019;Desmontada de vehículo;1 año;En stock;134,83 € + IVA;https://desguacesmadridnorte.com/73368-pieza.html
73371;3809JK31D;Centralita motor;NISSAN;Qashqai;1.6 dCi;2012;Comprobada, funcionando;1 año;En stock;359,68 € + IVA;https://desguacesmadridnorte.com/73371-pieza.html
73374;1427XJ74C;Cuadro de instrumentos;NISSAN;Juke;1.2 DIG-T;2019;Sin comprobar;1 año;En stock;254,45 € + IVA;https://desguacesmadridnorte.com/73374-pieza.html
73376;1344XH70A;Airbag volante;FORD;Fusion;1.4 TDCi;2007;Comprobada, funcionando;1 año;En stock;97,38 € + IVA;https://desguacesmadridnorte.com/73376-pieza.html
73378;5507EY26D;Faro delantero derecho;TOYOTA;Corolla;1.8 Hybrid;2016;Comprobada, funcionando;1 año;Bajo pedido 24-48h;169,45 € + IVA;https://desguacesmadridnorte.com/73378-pieza.html
73379;5452AN86F;Colector de admisión;PEUGEOT;3008;2.0 HDi;2009;Comprobada, funcionando;1 año;En stock;110,38 € + IVA;https://desguacesmadridnorte.com/73379-pieza.html
73381;3417PV43C;Bomba de dirección;FORD;Fusion;1.4 TDCi;2014;Sin comprobar;1 año;Bajo pedido 24-48h;113,61 € + IVA;https://desguacesmadridnorte.com/73381-pieza.html
73384;2421YD75C;Parachoques trasero;NISSAN;Juke;1.5 dCi;2007;Comprobada, funcionando;1 año;Bajo pedido 24-48h;46,49 € + IVA;https://desguacesmadridnorte.com/73384-pieza.html
73385;2251TC26D;Puerta delantera izquierda;VOLKSWAGEN;Polo;1.2 TSI;2011;Comprobada, funcionando;1 año;En stock;276,15 € + IVA;https://desguacesmadridnorte.com/73385-pieza.html
73388;7556VR58A;Cuadro de instrumentos;SEAT;León;1.6 TDI;2006;Sin comprobar;1 año;Bajo pedido 24-48h;93,62 € + IVA;https://desguacesmadridnorte.com/73388-pieza.html
73391;3602CC94D;Cinturón de seguridad;TOYOTA;Proace City;1.5 D-4D;2012;Comprobada, funcionando;1 año;Bajo pedido 24-48h;67,99 € + IVA;https://desguacesmadridnorte.com/73391-pieza.html
73392;6004HZ29A;Paso de rueda trasero izquierdo;RENAULT;Megane;1.5 dCi;2019;Comprobada, funcionando;1 año;Bajo pedido 24-48h;60,97 € + IVA;https://desguacesmadridnorte.com/73392-pieza.html
73394;9520CG79A;Aleta delantera izquierda;VOLKSWAGEN;Polo;1.4 TDI;2014;Desmontada de vehículo;1 año;Bajo pedido 24-48h;145,43 € + IVA;https://desguacesmadridnorte.com/73394-pieza.html
73396;9505WT62C;Capó;CITROEN;C3;1.2 PureTech;2009;Desmontada de vehículo;1 año;En stock;177,49 € + IVA;https://desguacesmadridnorte.com/73396-pieza.html
73397;6358HD89A;Motor completo;AUDI;A4;3.0 TDI;2009;Comprobada, funcionando;1 año;En stock;2.433,10 € + IVA;https://desguacesmadridnorte.com/73397-pieza.html
73400;6404DY23D;Motor completo;NISSAN;Qashqai;1.5 dCi;2020;Comprobada, funcionando;1 año;Bajo pedido 24-48h;925,63 € + IVA;https://desguacesmadridnorte.com/73400-pieza.html
73403;6681WG17D;Piloto trasero izquierdo;NISSAN;Qashqai;1.6 dCi;2012;Comprobada, funcionando;1 año;Bajo pedido 24-48h;73,85 € + IVA;https://desguacesmadridnorte.com/73403-pieza.html
73404;5249HK58C;Amortiguador delantero;CITROEN;C4;1.6 HDi;2021;Sin comprobar;1 año;En stock;72,59 € + IVA;https://desguacesmadridnorte.com/73404-pieza.html
73407;5754HL71B;Catalizador;AUDI;Q3;2.0 TDI;2007;Comprobada, funcionando;1 año;Bajo pedido 24-48h;498,89 € + IVA;https://desguacesmadridnorte.com/73407-pieza.html
73409;2115TK33F;Cuadro de instrumentos;OPEL;Corsa;1.2 16v;2013;Comprobada, funcionando;1 año;En stock;197,59 € + IVA;https://desguacesmadridnorte.com/73409-pieza.html
73412;6878WV81E;Retrovisor izquierdo;RENAULT;Megane;1.5 dCi;2021;Desmontada de vehículo;1 año;En stock;33,90 € + IVA;https://desguacesmadridnorte.com/73412-pieza.html
73414;4781KW60F;Motor completo;MERCEDES-BENZ;CLA;200 CDI;2005;Comprobada, funcionando;1 año;En stock;2.237,77 € + IVA;https://desguacesmadridnorte.com/73414-pieza.html
73417;8333YE33D;Capó;VOLKSWAGEN;Passat;1.6 TDI;2007;Desmontada de vehículo;1 año;En stock;183,48 € + IVA;https://desguacesmadridnorte.com/73417-pieza.html
73419;8666DB98A;Colector de admisión;BMW;X1;18d;2007;Desmontada de vehículo;1 año;En stock;98,23 € + IVA;https://desguacesmadridnorte.com/73419-pieza.html
73421;4142BZ98F;Centralita motor;BMW;Serie 1;118d;2019;Desmontada de vehículo;1 año;En stock;504,48 € + IVA;https://desguacesmadridnorte.com/73421-pieza.html
73422;1334MB16E;Paso de rueda trasero izquierdo;AUDI;A4;3.0 TDI;2006;Desmontada de vehículo;1 año;Bajo pedido 24-48h;41,83 € + IVA;https://desguacesmadridnorte.com/73422-pieza.html
73423;7670NL40B;Puerta delantera izquierda;MERCEDES-BENZ;Clase E Coupé;250 CDI;2020;Comprobada, funcionando;1 año;En stock;412,00 € + IVA;https://desguacesmadridnorte.com/73423-pieza.html
73426;3767DM45C;Motor de arranque;OPEL;Astra;1.6 CDTI;2018;Desmontada de vehículo;1 año;En stock;130,20 € + IVA;https://desguacesmadridnorte.com/73426-pieza.html
73428;9837DM58E;Intercooler;MERCEDES-BENZ;Clase A;180 CDI;2008;Comprobada, funcionando;1 año;En stock;148,04 € + IVA;https://desguacesmadridnorte.com/73428-pieza.html
73431;4749CQ49F;Parachoques trasero;HYUNDAI;i30;1.6 CRDi;2018;Desmontada de vehículo;1 año;Bajo pedido 24-48h;240,19 € + IVA;https://desguacesmadridnorte.com/73431-pieza.html
73432;1971ZD96A;Capó;MERCEDES-BENZ;CLA;180 CDI;2006;Comprobada, funcionando;1 año;Bajo pedido 24-48h;208,34 € + IVA;https://desguacesmadridnorte.com/73432-pieza.html
73435;8849SY50F;Cremallera de dirección;SEAT;Ateca;2.0 TDI;2015;Comprobada, funcionando;1 año;Bajo pedido 24-48h;304,94 € + IVA;https://desguacesmadridnorte.com/73435-pieza.html
73438;5607KN78B;Puerta delantera izquierda;FORD;Fusion;1.4 TDCi;2009;Desmontada de vehículo;1 año;Bajo pedido 24-48h;77,48 € + IVA;https://desguacesmadridnorte.com/73438-pieza.html
73441;8632WK81B;Módulo electrónico;NISSAN;Qashqai;1.5 dCi;2014;Comprobada, funcionando;1 año;Bajo pedido 24-48h;134,92 € + IVA;https://desguacesmadridnorte.com/73441-pieza.html
73442;4666JS75A;Amortiguador delantero;BMW;Serie 3;318d;2017;Desmontada de vehículo;1 año;Bajo pedido 24-48h;84,88 € + IVA;https://desguacesmadridnorte.com/73442-pieza.html
73445;3949RY14C;Piloto trasero izquierdo;OPEL;Corsa;1.2 16v;2010;Comprobada, funcionando;1 año;En stock;42,65 € + IVA;https://desguacesmadridnorte.com/73445-pieza.html
73448;7818RD70E;Caja de cambios;PEUGEOT;308;2.0 HDi;2019;Comprobada, funcionando;1 año;En stock;260,93 € + IVA;https://desguacesmadridnorte.com/73448-pieza.html
73450;6511XE56D;Parachoques delantero;TOYOTA;Proace City;1.5 D-4D;2013;Sin comprobar;1 año;En stock;177,54 € + IVA;https://desguacesmadridnorte.com/73450-pieza.html
73452;2748NR40D;Paso de rueda trasero izquierdo;OPEL;Astra;1.6 CDTI;2015;Comprobada, funcionando;1 año;En stock;26,25 € + IVA;https://desguacesmadridnorte.com/73452-pieza.html
73453;3222MN70B;Caja de cambios;HYUNDAI;i30;1.4 CRDi;2014;Comprobada, funcionando;1 año;En stock;800,25 € + IVA;https://desguacesmadridnorte.com/73453-pieza.html
73455;5738LK78C;Módulo electrónico;MERCEDES-BENZ;Clase A;200 CDI;2005;Desmontada de vehículo;1 año;Bajo pedido 24-48h;117,29 € + IVA;https://desguacesmadridnorte.com/73455-pieza.html
73456;4441WA59A;Parachoques trasero;VOLKSWAGEN;Golf;2.0 TDI;2013;Comprobada, funcionando;1 año;Bajo pedido 24-48h;114,83 € + IVA;https://desguacesmadridnorte.com/73456-pieza.html
73457;2409VA79E;Retrovisor izquierdo;VOLKSWAGEN;Polo;1.4 TDI;2021;Desmontada de vehículo;1 año;Bajo pedido 24-48h;84,05 € + IVA;https://desguacesmadridnorte.com/73457-pieza.html
73459;6359PJ54A;Faro delantero derecho;KIA;Sportage;1.7 CRDi;2008;Sin comprobar;1 año;En stock;191,61 € + IVA;https://desguacesmadridnorte.com/73459-pieza.html
73460;3776WG94E;Piloto trasero izquierdo;VOLKSWAGEN;Passat;1.6 TDI;2021;Comprobada, funcionando;1 año;En stock;91,99 € + IVA;https://desguacesmadridnorte.com/73460-pieza.html
73463;2768HP37D;Módulo electrónico;PEUGEOT;308;1.6 HDi;2012;Comprobada, funcionando;1 año;En stock;146,94 € + IVA;https://desguacesmadridnorte.com/73463-pieza.html
73464;5455HX32D;Puerta delantera derecha;VOLKSWAGEN;Polo;1.4 TDI;2020;Comprobada, funcionando;1 año;En stock;299,18 € + IVA;https://desguacesmadridnorte.com/73464-pieza.html
73467;7593LR66D;Alternador;RENAULT;Captur;1.5 dCi;2020;Desmontada de vehículo;1 año;En stock;172,51 € + IVA;https://desguacesmadridnorte.com/73467-pieza.html
73470;6558BE21F;Catalizador;AUDI;A3;1.6 TDI;2010;Comprobada, funcionando;1 año;En stock;428,13 € + IVA;https://desguacesmadridnorte.com/73470-pieza.html
73472;6643XC22D;Cuadro de instrumentos;KIA;Sportage;2.0 CRDi;2005;Comprobada, funcionando;1 año;En stock;164,33 € + IVA;https://desguacesmadridnorte.com/73472-pieza.html
73474;5107JC68C;Parachoques trasero;SEAT;León;1.6 TDI;2016;Comprobada, funcionando;1 año;Bajo pedido 24-48h;149,66 € + IVA;https://desguacesmadridnorte.com/73474-pieza.html
73475;8038WK26A;Turbo;CITROEN;C3;1.4 HDi;2021;Sin comprobar;1 año;En stock;270,18 € + IVA;https://desguacesmadridnorte.com/73475-pieza.html
73477;2610RD53C;Piloto trasero izquierdo;CITROEN;C4;1.6 VTi;2012;Desmontada de vehículo;1 año;En stock;70,80 € + IVA;https://desguacesmadridnorte.com/73477-pieza.html
73479;8741JE82F;Piloto trasero derecho;AUDI;Q3;1.4 TFSI;2015;Desmontada de vehículo;1 año;En stock;128,97 € + IVA;https://desguacesmadridnorte.com/73479-pieza.html
73481;4840EJ87F;Amortiguador delantero;CITROEN;C3;1.4 HDi;2019;Sin comprobar;1 año;Bajo pedido 24-48h;76,43 € + IVA;https://desguacesmadridnorte.com/73481-pieza.html
73483;3632NH39B;Paso de rueda trasero izquierdo;NISSAN;Qashqai;1.5 dCi;2011;Desmontada de vehículo;1 año;Bajo pedido 24-48h;21,01 € + IVA;https://desguacesmadridnorte.com/73483-pieza.html
73486;7077CX72A;Faro delantero derecho;BMW;Serie 3;318d;2011;Comprobada, funcionando;1 año;En stock;62,51 € + IVA;https://desguacesmadridnorte.com/73486-pieza.html
73489;7233KJ81A;Cuadro de instrumentos;OPEL;Astra;1.6 CDTI;2014;Comprobada, funcionando;1 año;Bajo pedido 24-48h;190,96 € + IVA;https://desguacesmadridnorte.com/73489-pieza.html
73492;4472BA80A;Caja de cambios;TOYOTA;Camry;2.5 Hybrid;2012;Comprobada, funcionando;1 año;Bajo pedido 24-48h;575,21 € + IVA;https://desguacesmadridnorte.com/73492-pieza.html
73493;1479EA24D;Cárter;NISSAN;Juke;1.5 dCi;2015;Comprobada, funcionando;1 año;En stock;31,98 € + IVA;https://desguacesmadridnorte.com/73493-pieza.html
73496;6941YN49B;Centralita motor;MERCEDES-BENZ;Clase A;200 CDI;2017;Comprobada, funcionando;1 año;En stock;551,16 € + IVA;https://desguacesmadridnorte.com/73496-pieza.html
73498;4367ZY37E;Puerta delantera izquierda;CITROEN;C3;1.2 PureTech;2020;Desmontada de vehículo;1 año;En stock;190,48 € + IVA;https://desguacesmadridnorte.com/73498-pieza.html
73501;4106WW67C;Cerradura puerta delantera;VOLKSWAGEN;Golf;1.4 TSI;2011;Desmontada de vehículo;1 año;En stock;27,05 € + IVA;https://desguacesmadridnorte.com/73501-pieza.html
73503;4197MB38A;Motor completo;NISSAN;Juke;1.2 DIG-T;2017;Comprobada, funcionando;1 año;En stock;1.637,71 € + IVA;https://desguacesmadridnorte.com/73503-pieza.html
73505;6850WT15C;Turbo;TOYOTA;Proace City;1.5 D-4D;2021;Comprobada, funcionando;1 año;Bajo pedido 24-48h;380,55 € + IVA;https://desguacesmadridnorte.com/73505-pieza.html
73508;3179QY44B;Alternador;PEUGEOT;308;2.0 HDi;2021;Comprobada, funcionando;1 año;En stock;96,01 € + IVA;https://desguacesmadridnorte.com/73508-pieza.html
73511;1994MX26F;Alternador;RENAULT;Megane;1.6 dCi;2018;Comprobada, funcionando;1 año;Bajo pedido 24-48h;160,34 € + IVA;https://desguacesmadridnorte.com/73511-pieza.html
73513;1991YH70B;Caja de cambios;RENAULT;Megane;1.6 dCi;2018;Comprobada, funcionando;1 año;En stock;785,33 € + IVA;https://desguacesmadridnorte.com/73513-pieza.html
73515;3288TC91E;Bomba de dirección;VOLKSWAGEN;Golf;1.6 TDI;2018;Comprobada, funcionando;1 año;Bajo pedido 24-48h;159,48 € + IVA;https://desguacesmadridnorte.com/73515-pieza.html
73516;1594HH50A;Bomba de agua;OPEL;Astra;1.6 CDTI;2014;Desmontada de vehículo;1 año;En stock;68,42 € + IVA;https://desguacesmadridnorte.com/73516-pieza.html
73519;6144XE47C;Alternador;MERCEDES-BENZ;CLA;180 CDI;2005;Comprobada, funcionando;1 año;En stock;70,29 € + IVA;https://desguacesmadridnorte.com/73519-pieza.html
73521;5765XV67F;Airbag volante;OPEL;Corsa;1.3 CDTI;2007;Comprobada, funcionando;1 año;En stock;104,34 € + IVA;https://desguacesmadridnorte.com/73521-pieza.html
73524;7524GP68B;Motor completo;KIA;Sportage;1.7 CRDi;2009;Desmontada de vehículo;1 año;En stock;715,98 € + IVA;https://desguacesmadridnorte.com/73524-pieza.html
73527;2358ME38D;Puerta trasera izquierda;OPEL;Astra;1.6 CDTI;2019;Comprobada, funcionando;1 año;En stock;239,54 € + IVA;https://desguacesmadridnorte.com/73527-pieza.html
73529;5944PQ80F;Cerradura puerta delantera;SKODA;Fabia;1.2 TSI;2020;Desmontada de vehículo;1 año;Bajo pedido 24-48h;26,99 € + IVA;https://desguacesmadridnorte.com/73529-pieza.html
73531;6055EL42F;Faro delantero izquierdo;TOYOTA;Corolla;1.4 D-4D;2020;Desmontada de vehículo;1 año;En stock;72,12 € + IVA;https://desguacesmadridnorte.com/73531-pieza.html
73533;9851YV44E;Motor de arranque;TOYOTA;Corolla;1.8 Hybrid;2018;Comprobada, funcionando;1 año;En stock;52,64 € + IVA;https://desguacesmadridnorte.com/73533-pieza.html
73535;5812BG18C;Retrovisor izquierdo;OPEL;Corsa;1.3 CDTI;2005;Desmontada de vehículo;1 año;Bajo pedido 24-48h;103,27 € + IVA;https://desguacesmadridnorte.com/73535-pieza.html
73538;9172AG72C;Retrovisor izquierdo;HYUNDAI;i30;1.6 CRDi;2015;Comprobada, funcionando;1 año;Bajo pedido 24-48h;65,01 € + IVA;https://desguacesmadridnorte.com/73538-pieza.html
73541;5911TR89D;Paso de rueda trasero izquierdo;AUDI;Q3;1.4 TFSI;2015;Desmontada de vehículo;1 año;En stock;47,32 € + IVA;https://desguacesmadridnorte.com/73541-pieza.html
73542;5495GF36B;Módulo electrónico;KIA;Ceed;1.4 CRDi;2010;Comprobada, funcionando;1 año;En stock;95,12 € + IVA;https://desguacesmadridnorte.com/73542-pieza.html
73544;1086CA71D;Faro delantero derecho;HYUNDAI;Tucson;1.7 CRDi;2009;Desmontada de vehículo;1 año;En stock;147,11 € + IVA;https://desguacesmadridnorte.com/73544-pieza.html
73546;2740PK37F;Airbag volante;VOLKSWAGEN;Passat;2.0 TDI;2014;Desmontada de vehículo;1 año;En stock;334,27 € + IVA;https://desguacesmadridnorte.com/73546-pieza.html
73547;1663CN40E;Amortiguador delantero;CITROEN;C4;1.6 HDi;2017;Desmontada de vehículo;1 año;Bajo pedido 24-48h;28,09 € + IVA;https://desguacesmadridnorte.com/73547-pieza.html
73549;3531DA45F;Parachoques delantero;OPEL;Astra;1.7 CDTI;2011;Sin comprobar;1 año;En stock;142,45 € + IVA;https://desguacesmadridnorte.com/73549-pieza.html
73551;2797SD62C;Paso de rueda trasero izquierdo;HYUNDAI;Tucson;1.7 CRDi;2018;Desmontada de vehículo;1 año;En stock;48,86 € + IVA;https://desguacesmadridnorte.com/73551-pieza.html
73554;5192NG36E;Cuadro de instrumentos;SEAT;Ibiza;1.6 TDI;2011;Comprobada, funcionando;1 año;En stock;79,51 € + IVA;https://desguacesmadridnorte.com/73554-pieza.html
73555;2382SM57D;Portón trasero;HYUNDAI;Tucson;2.0 CRDi;2010;Comprobada, funcionando;1 año;En stock;233,10 € + IVA;https://desguacesmadridnorte.com/73555-pieza.html
73556;7109KZ34B;Motor de arranque;KIA;Ceed;1.6 CRDi;2009;Desmontada de vehículo;1 año;Bajo pedido 24-48h;32,59 € + IVA;https://desguacesmadridnorte.com/73556-pieza.html
73557;2929WT68B;Elevalunas delantero izquierdo;CITROEN;C4;1.6 HDi;2020;Comprobada, funcionando;1 año;En stock;42,74 € + IVA;https://desguacesmadridnorte.com/73557-pieza.html
73560;3328FL98E;Cárter;KIA;Ceed;1.6 CRDi;2016;Desmontada de vehículo;1 año;Bajo pedido 24-48h;30,70 € + IVA;https://desguacesmadridnorte.com/73560-pieza.html
73561;2936VS39E;Amortiguador delantero;AUDI;Q3;2.0 TDI;2016;Comprobada, funcionando;1 año;Bajo pedido 24-48h;75,62 € + IVA;https://desguacesmadridnorte.com/73561-pieza.html
73563;6992ZC50F;Motor de arranque;RENAULT;Megane;1.6 dCi;2009;Desmontada de vehículo;1 año;Bajo pedido 24-48h;33,17 € + IVA;https://desguacesmadridnorte.com/73563-pieza.html
73564;1157VD69F;Caja de cambios;FORD;Focus;1.6 TDCi;2015;Desmontada de vehículo;1 año;Bajo pedido 24-48h;484,29 € + IVA;https://desguacesmadridnorte.com/73564-pieza.html
73566;9195JZ74E;Cerradura puerta delantera;VOLKSWAGEN;Passat;2.0 TDI;2015;Comprobada, funcionando;1 año;En stock;26,39 € + IVA;https://desguacesmadridnorte.com/73566-pieza.html
73568;1770EH76C;Compresor aire acondicionado;PEUGEOT;208;1.6 HDi;2018;Comprobada, funcionando;1 año;En stock;86,48 € + IVA;https://desguacesmadridnorte.com/73568-pieza.html
73571;9066VR88C;Alternador;NISSAN;Qashqai;1.5 dCi;2020;Desmontada de vehículo;1 año;En stock;122,53 € + IVA;https://desguacesmadridnorte.com/73571-pieza.html
73572;4419MZ67A;Cuadro de instrumentos;SEAT;Ateca;1.5 TSI;2014;Comprobada, funcionando;1 año;En stock;125,67 € + IVA;https://desguacesmadridnorte.com/73572-pieza.html
73574;3102JY39B;Piloto trasero derecho;FORD;Fusion;1.4 TDCi;2018;Desmontada de vehículo;1 año;Bajo pedido 24-48h;68,68 € + IVA;https://desguacesmadridnorte.com/73574-pieza.html
73575;4021PF66B;Radiador;FORD;Focus;2.0 TDCi;2015;Comprobada, funcionando;1 año;En stock;133,65 € + IVA;https://desguacesmadridnorte.com/73575-pieza.html
73576;6386YZ34C;Compresor aire acondicionado;RENAULT;Clio;1.5 dCi;2015;Comprobada, funcionando;1 año;Bajo pedido 24-48h;149,23 € + IVA;https://desguacesmadridnorte.com/73576-pieza.html
73578;6752GL98F;Piloto trasero derecho;HYUNDAI;i30;1.6 CRDi;2005;Desmontada de vehículo;1 año;En stock;34,49 € + IVA;https://desguacesmadridnorte.com/73578-pieza.html
73579;9647XZ82F;Retrovisor izquierdo;HYUNDAI;i30;1.4 CRDi;2011;Comprobada, funcionando;1 año;En stock;44,87 € + IVA;https://desguacesmadridnorte.com/73579-pieza.html
73581;4091SJ17C;Caja de cambios;FORD;Focus;1.6 TDCi;2016;Comprobada, funcionando;1 año;En stock;503,41 € + IVA;https://desguacesmadridnorte.com/73581-pieza.html
73583;9577JJ73A;Motor de arranque;MERCEDES-BENZ;Clase E Coupé;220 CDI;2008;Comprobada, funcionando;1 año;En stock;101,90 € + IVA;https://desguacesmadridnorte.com/73583-pieza.html
73585;7190VP41C;Retrovisor izquierdo;CITROEN;C3;1.4 HDi;2010;Desmontada de vehículo;1 año;Bajo pedido 24-48h;101,03 € + IVA;https://desguacesmadridnorte.com/73585-pieza.html
73586;1394JJ45A;Capó;SKODA;Octavia;1.6 TDI;2012;Comprobada, funcionando;1 año;En stock;201,31 € + IVA;https://desguacesmadridnorte.com/73586-pieza.html
73588;1636YB45B;Puerta delantera izquierda;VOLKSWAGEN;Passat;1.6 TDI;2016;Comprobada, funcionando;1 año;En stock;201,90 € + IVA;https://desguacesmadridnorte.com/73588-pieza.html
73590;4303KX54A;Retrovisor derecho;FORD;Fusion;1.4 TDCi;2020;Comprobada, funcionando;1 año;En stock;156,66 € + IVA;https://desguacesmadridnorte.com/73590-pieza.html
73593;6914RA47E;Piloto trasero izquierdo;VOLKSWAGEN;Polo;1.4 TDI;2005;Desmontada de vehículo;1 año;En stock;55,52 € + IVA;https://desguacesmadridnorte.com/73593-pieza.html
73594;5174VK46F;Capó;FORD;Fiesta;1.0 EcoBoost;2019;Comprobada, funcionando;1 año;En stock;180,60 € + IVA;https://desguacesmadridnorte.com/73594-pieza.html
73596;7949SY90F;Compresor aire acondicionado;VOLKSWAGEN;Passat;1.6 TDI;2008;Sin comprobar;1 año;Bajo pedido 24-48h;248,38 € + IVA;https://desguacesmadridnorte.com/73596-pieza.html
73598;8572XL77C;Amortiguador delantero;FORD;Fusion;1.4 TDCi;2018;Desmontada de vehículo;1 año;En stock;48,93 € + IVA;https://desguacesmadridnorte.com/73598-pieza.html
73599;7476TK58D;Faro delantero izquierdo;HYUNDAI;i30;1.6 CRDi;2012;Desmontada de vehículo;1 año;En stock;178,08 € + IVA;https://desguacesmadridnorte.com/73599-pieza.html
73600;8371JT96E;Parachoques delantero;KIA;Ceed;1.6 CRDi;2015;Sin comprobar;1 año;En stock;69,03 € + IVA;https://desguacesmadridnorte.com/73600-pieza.html
73601;9373LX31E;Airbag volante;SEAT;León;1.6 TDI;2017;Desmontada de vehículo;1 año;En stock;184,93 € + IVA;https://desguacesmadridnorte.com/73601-pieza.html
73602;7292TN44C;Piloto trasero derecho;FORD;Focus;2.0 TDCi;2020;Comprobada, funcionando;1 año;En stock;94,33 € + IVA;https://desguacesmadridnorte.com/73602-pieza.html
73605;2000SP47C;Amortiguador delantero;OPEL;Astra;1.6 CDTI;2015;Comprobada, funcionando;1 año;Bajo pedido 24-48h;61,46 € + IVA;https://desguacesmadridnorte.com/73605-pieza.html
73606;2109SA15F;Faro delantero izquierdo;TOYOTA;Proace City;1.5 D-4D;2009;Desmontada de vehículo;1 año;En stock;89,31 € + IVA;https://desguacesmadridnorte.com/73606-pieza.html
73607;3752JT77A;Capó;KIA;Ceed;1.6 CRDi;2012;Comprobada, funcionando;1 año;En stock;191,64 € + IVA;https://desguacesmadridnorte.com/73607-pieza.html
73608;8037BX12C;Parachoques delantero;PEUGEOT;208;1.4 HDi;2016;Comprobada, funcionando;1 año;En stock;196,90 € + IVA;https://desguacesmadridnorte.com/73608-pieza.html
73611;4878ZX50B;Retrovisor izquierdo;CITROEN;C3;1.2 PureTech;2009;Desmontada de vehículo;1 año;En stock;92,52 € + IVA;https://desguacesmadridnorte.com/73611-pieza.html
73613;1936BF51A;Catalizador;TOYOTA;Camry;2.5 Hybrid;2007;Sin comprobar;1 año;Bajo pedido 24-48h;215,13 € + IVA;https://desguacesmadridnorte.com/73613-pieza.html
73615;6007LH33F;Parachoques trasero;AUDI;Q3;2.0 TDI;2019;Sin comprobar;1 año;En stock;430,22 € + IVA;https://desguacesmadridnorte.com/73615-pieza.html
73618;9071LC45E;Catalizador;VOLKSWAGEN;Polo;1.2 TSI;2017;Comprobada, funcionando;1 año;En stock;415,47 € + IVA;https://desguacesmadridnorte.com/73618-pieza.html
73621;1140DW31B;Elevalunas delantero izquierdo;KIA;Sportage;1.7 CRDi;2005;Comprobada, funcionando;1 año;Bajo pedido 24-48h;51,36 € + IVA;https://desguacesmadridnorte.com/73621-pieza.html
73623;7663LV10F;Puerta delantera derecha;NISSAN;Juke;1.2 DIG-T;2014;Desmontada de vehículo;1 año;En stock;157,06 € + IVA;https://desguacesmadridnorte.com/73623-pieza.html
73626;8934TL31C;Paso de rueda trasero izquierdo;BMW;Serie 3;330i;2010;Comprobada, funcionando;1 año;En stock;47,11 € + IVA;https://desguacesmadridnorte.com/73626-pieza.html
73629;6461MP15F;Caja de cambios;TOYOTA;Proace City;1.5 D-4D;2008;Desmontada de vehículo;1 año;Bajo pedido 24-48h;601,98 € + IVA;https://desguacesmadridnorte.com/73629-pieza.html
73630;7723JG30B;Elevalunas delantero izquierdo;VOLKSWAGEN;Passat;2.0 TDI;2008;Desmontada de vehículo;1 año;En stock;59,56 € + IVA;https://desguacesmadridnorte.com/73630-pieza.html
73632;9152NE80A;Bomba de agua;SEAT;León;2.0 TDI;2013;Comprobada, funcionando;1 año;Bajo pedido 24-48h;51,92 € + IVA;https://desguacesmadridnorte.com/73632-pieza.html
73634;2098RX55C;Cremallera de dirección;NISSAN;Qashqai;1.5 dCi;2006;Comprobada, funcionando;1 año;Bajo pedido 24-48h;82,79 € + IVA;https://desguacesmadridnorte.com/73634-pieza.html
73635;5892SW50E;Piloto trasero izquierdo;RENAULT;Captur;1.5 dCi;2012;Comprobada, funcionando;1 año;En stock;67,58 € + IVA;https://desguacesmadridnorte.com/73635-pieza.html
73637;6769BB62A;Faro delantero derecho;VOLKSWAGEN;Passat;1.6 TDI;2020;Comprobada, funcionando;1 año;En stock;303,37 € + IVA;https://desguacesmadridnorte.com/73637-pieza.html
73640;8682HS87A;Puerta delantera derecha;MERCEDES-BENZ;Clase A;200 CDI;2005;Comprobada, funcionando;1 año;En stock;109,90 € + IVA;https://desguacesmadridnorte.com/73640-pieza.html
73642;4681WD48E;Cuadro de instrumentos;AUDI;Q3;1.4 TFSI;2008;Desmontada de vehículo;1 año;Bajo pedido 24-48h;145,34 € + IVA;https://desguacesmadridnorte.com/73642-pieza.html
73644;9760NQ17A;Cremallera de dirección;CITROEN;C3;1.4 HDi;2018;Desmontada de vehículo;1 año;Bajo pedido 24-48h;284,57 € + IVA;https://desguacesmadridnorte.com/73644-pieza.html
73646;6702PE89A;Cerradura puerta delantera;BMW;X1;18d;2008;Comprobada, funcionando;1 año;Bajo pedido 24-48h;49,29 € + IVA;https://desguacesmadridnorte.com/73646-pieza.html
73648;9364MC84F;Parachoques trasero;RENAULT;Megane;1.6 dCi;2016;Comprobada, funcionando;1 año;Bajo pedido 24-48h;94,24 € + IVA;https://desguacesmadridnorte.com/73648-pieza.html
73651;7143WP61A;Cremallera de dirección;VOLKSWAGEN;Polo;1.2 TSI;2020;Comprobada, funcionando;1 año;En stock;364,56 € + IVA;https://desguacesmadridnorte.com/73651-pieza.html
73654;2889ZK33E;Motor de arranque;CITROEN;C4;1.6 VTi;2020;Desmontada de vehículo;1 año;Bajo pedido 24-48h;89,28 € + IVA;https://desguacesmadridnorte.com/73654-pieza.html
73657;8332AH15C;Airbag volante;AUDI;A4;2.0 TDI;2013;Comprobada, funcionando;1 año;En stock;154,89 € + IVA;https://desguacesmadridnorte.com/73657-pieza.html
73659;9416DB98C;Portón trasero;FORD;Focus;1.6 TDCi;2008;Comprobada, funcionando;1 año;En stock;306,76 € + IVA;https://desguacesmadridnorte.com/73659-pieza.html
73662;1577SD55C;Cerradura puerta delantera;HYUNDAI;i30;1.6 CRDi;2007;Desmontada de vehículo;1 año;Bajo pedido 24-48h;40,42 € + IVA;https://desguacesmadridnorte.com/73662-pieza.html
73664;1318NF78A;Portón trasero;MERCEDES-BENZ;CLA;200 CDI;2012;Comprobada, funcionando;1 año;En stock;382,22 € + IVA;https://desguacesmadridnorte.com/73664-pieza.html
73665;9831KS79C;Paso de rueda trasero izquierdo;VOLKSWAGEN;Polo;1.2 TSI;2013;Desmontada de vehículo;1 año;En stock;57,74 € + IVA;https://desguacesmadridnorte.com/73665-pieza.html
73666;1295LC53D;Parachoques delantero;MERCEDES-BENZ;Clase A;200 CDI;2018;Desmontada de vehículo;1 año;Bajo pedido 24-48h;255,44 € + IVA;https://desguacesmadridnorte.com/73666-pieza.html
73669;4314NF99B;Cremallera de dirección;TOYOTA;Camry;2.5 Hybrid;2017;Desmontada de vehículo;1 año;Bajo pedido 24-48h;367,20 € + IVA;https://desguacesmadridnorte.com/73669-pieza.html
73671;3336VA37B;Puerta trasera izquierda;SEAT;Ateca;1.5 TSI;2013;Comprobada, funcionando;1 año;Bajo pedido 24-48h;97,53 € + IVA;https://desguacesmadridnorte.com/73671-pieza.html
73672;7337ZN36F;Radiador;PEUGEOT;208;1.6 HDi;2011;Comprobada, funcionando;1 año;Bajo pedido 24-48h;61,08 € + IVA;https://desguacesmadridnorte.com/73672-pieza.html
73674;8119EE28D;Motor completo;RENAULT;Megane;1.5 dCi;2011;Desmontada de vehículo;1 año;En stock;1.737,91 € + IVA;https://desguacesmadridnorte.com/73674-pieza.html
73676;3020MC54E;Catalizador;SEAT;Ibiza;1.6 TDI;2011;Desmontada de vehículo;1 año;En stock;111,51 € + IVA;https://desguacesmadridnorte.com/73676-pieza.html
73679;9386PY58D;Parachoques delantero;RENAULT;Clio;1.5 dCi;2011;Comprobada, funcionando;1 año;Bajo pedido 24-48h;135,30 € + IVA;https://desguacesmadridnorte.com/73679-pieza.html
73681;9718TE91C;Radiador;OPEL;Astra;1.7 CDTI;2017;Comprobada, funcionando;1 año;En stock;114,31 € + IVA;https://desguacesmadridnorte.com/73681-pieza.html
73682;4437NQ35B;Airbag volante;RENAULT;Megane;1.5 dCi;2007;Comprobada, funcionando;1 año;Bajo pedido 24-48h;176,59 € + IVA;https://desguacesmadridnorte.com/73682-pieza.html
73685;1053TX76E;Bomba de dirección;BMW;Serie 1;116d;2012;Comprobada, funcionando;1 año;En stock;58,91 € + IVA;https://desguacesmadridnorte.com/73685-pieza.html
73686;4081WV87D;Cárter;MERCEDES-BENZ;Clase A;180 CDI;2008;Desmontada de vehículo;1 año;En stock;56,38 € + IVA;https://desguacesmadridnorte.com/73686-pieza.html
73687;2520ZX13F;Portón trasero;KIA;Ceed;1.6 CRDi;2010;Desmontada de vehículo;1 año;En stock;188,60 € + IVA;https://desguacesmadridnorte.com/73687-pieza.html
73689;1025CM95F;Cinturón de seguridad;KIA;Sportage;1.7 CRDi;2010;Desmontada de vehículo;1 año;Bajo pedido 24-48h;38,06 € + IVA;https://desguacesmadridnorte.com/73689-pieza.html
73690;5916WL65E;Cremallera de dirección;TOYOTA;Camry;2.5 Hybrid;2011;Comprobada, funcionando;1 año;En stock;317,45 € + IVA;https://desguacesmadridnorte.com/73690-pieza.html
73693;2353TB64D;Cerradura puerta delantera;RENAULT;Megane;1.6 dCi;2009;Comprobada, funcionando;1 año;En stock;53,81 € + IVA;https://desguacesmadridnorte.com/73693-pieza.html
73696;4949SA99C;Caja de cambios;RENAULT;Captur;1.5 dCi;2016;Comprobada, funcionando;1 año;En stock;451,28 € + IVA;https://desguacesmadridnorte.com/73696-pieza.html
73699;5176AY75E;Cremallera de dirección;MERCEDES-BENZ;Clase E Coupé;250 CDI;2012;Desmontada de vehículo;1 año;En stock;456,42 € + IVA;https://desguacesmadridnorte.com/73699-pieza.html
73701;4992ZC38A;Cinturón de seguridad;HYUNDAI;i30;1.6 CRDi;2018;Sin comprobar;1 año;En stock;65,78 € + IVA;https://desguacesmadridnorte.com/73701-pieza.html
73703;4270DD38C;Piloto trasero derecho;KIA;Ceed;1.6 CRDi;2016;Comprobada, funcionando;1 año;Bajo pedido 24-48h;84,57 € + IVA;https://desguacesmadridnorte.com/73703-pieza.html
73704;9857QN88C;Cárter;MERCEDES-BENZ;Clase A;200 CDI;2021;Comprobada, funcionando;1 año;En stock;168,84 € + IVA;https://desguacesmadridnorte.com/73704-pieza.html
73705;1331MT21A;Bomba de agua;SKODA;Octavia;1.6 TDI;2005;Comprobada, funcionando;1 año;Bajo pedido 24-48h;44,44 € + IVA;https://desguacesmadridnorte.com/73705-pieza.html
73707;7791NQ44F;Caja de cambios;FORD;Fiesta;1.0 EcoBoost;2005;Comprobada, funcionando;1 año;Bajo pedido 24-48h;112,96 € + IVA;https://desguacesmadridnorte.com/73707-pieza.html
73709;1871LN48B;Amortiguador delantero;NISSAN;Juke;1.5 dCi;2007;Comprobada, funcionando;1 año;Bajo pedido 24-48h;34,24 € + IVA;https://desguacesmadridnorte.com/73709-pieza.html
73712;1840VK99D;Puerta delantera derecha;KIA;Sportage;1.7 CRDi;2009;Desmontada de vehículo;1 año;En stock;207,00 € + IVA;https://desguacesmadridnorte.com/73712-pieza.html
73715;4126VR86E;Retrovisor derecho;MERCEDES-BENZ;Clase A;200 CDI;2010;Comprobada, funcionando;1 año;En stock;172,89 € + IVA;https://desguacesmadridnorte.com/73715-pieza.html
73716;6653YA87F;Paso de rueda trasero izquierdo;TOYOTA;Proace City;1.5 D-4D;2020;Comprobada, funcionando;1 año;En stock;51,36 € + IVA;https://desguacesmadridnorte.com/73716-pieza.html
73719;3055TE66F;Parachoques delantero;FORD;Fusion;1.4 TDCi;2013;Comprobada, funcionando;1 año;Bajo pedido 24-48h;79,40 € + IVA;https://desguacesmadridnorte.com/73719-pieza.html
73720;8485BH15E;Alternador;RENAULT;Captur;1.5 dCi;2012;Comprobada, funcionando;1 año;En stock;131,27 € + IVA;https://desguacesmadridnorte.com/73720-pieza.html
73722;9337NH20D;Piloto trasero izquierdo;BMW;Serie 3;320d;2017;Comprobada, funcionando;1 año;En stock;86,31 € + IVA;https://desguacesmadridnorte.com/73722-pieza.html
73723;3096HG35A;Aleta delantera izquierda;AUDI;Q3;2.0 TDI;2005;Comprobada, funcionando;1 año;Bajo pedido 24-48h;117,04 € + IVA;https://desguacesmadridnorte.com/73723-pieza.html
73724;8417SY65C;Cuadro de instrumentos;BMW;X1;18d;2005;Comprobada, funcionando;1 año;Bajo pedido 24-48h;216,26 € + IVA;https://desguacesmadridnorte.com/73724-pieza.html
73725;5207WC21A;Paso de rueda trasero izquierdo;SKODA;Octavia;1.6 TDI;2011;Desmontada de vehículo;1 año;En stock;40,66 € + IVA;https://desguacesmadridnorte.com/73725-pieza.html
73726;5493HB56C;Radiador;VOLKSWAGEN;Golf;2.0 TDI;2009;Desmontada de vehículo;1 año;En stock;93,89 € + IVA;https://desguacesmadridnorte.com/73726-pieza.html
73728;8769DL97D;Compresor aire acondicionado;TOYOTA;Corolla;1.4 D-4D;2005;Comprobada, funcionando;1 año;En stock;182,20 € + IVA;https://desguacesmadridnorte.com/73728-pieza.html
73729;5986TM73A;Alternador;FORD;Focus;1.6 TDCi;2021;Comprobada, funcionando;1 año;Bajo pedido 24-48h;57,42 € + IVA;https://desguacesmadridnorte.com/73729-pieza.html
73731;3763KX48C;Retrovisor izquierdo;CITROEN;C4;1.6 VTi;2016;Comprobada, funcionando;1 año;En stock;102,33 € + IVA;https://desguacesmadridnorte.com/73731-pieza.html
73733;7317HG91C;Faro delantero derecho;TOYOTA;Proace City;1.5 D-4D;2020;Desmontada de vehículo;1 año;Bajo pedido 24-48h;59,63 € + IVA;https://desguacesmadridnorte.com/73733-pieza.html
73736;9283BW71D;Portón trasero;CITROEN;C4;1.6 HDi;2013;Sin comprobar;1 año;Bajo pedido 24-48h;297,18 € + IVA;https://desguacesmadridnorte.com/73736-pieza.html
73739;4344VH28C;Cerradura puerta delantera;PEUGEOT;3008;2.0 HDi;2008;Comprobada, funcionando;1 año;En stock;30,11 € + IVA;https://desguacesmadridnorte.com/73739-pieza.html
73741;3864NL49C;Radiador;NISSAN;Juke;1.2 DIG-T;2018;Comprobada, funcionando;1 año;En stock;86,93 € + IVA;https://desguacesmadridnorte.com/73741-pieza.html
73744;4144GF26A;Retrovisor izquierdo;SKODA;Octavia;2.0 TDI;2021;Desmontada de vehículo;1 año;En stock;137,07 € + IVA;https://desguacesmadridnorte.com/73744-pieza.html
73746;8512TK76D;Cerradura puerta delantera;PEUGEOT;308;1.6 HDi;2020;Comprobada, funcionando;1 año;Bajo pedido 24-48h;36,88 € + IVA;https://desguacesmadridnorte.com/73746-pieza.html
73748;1548KH50A;Aleta delantera izquierda;VOLKSWAGEN;Polo;1.4 TDI;2009;Desmontada de vehículo;1 año;En stock;115,98 € + IVA;https://desguacesmadridnorte.com/73748-pieza.html
73751;2815RM22A;Puerta delantera izquierda;PEUGEOT;308;1.6 HDi;2011;Comprobada, funcionando;1 año;En stock;196,07 € + IVA;https://desguacesmadridnorte.com/73751-pieza.html
73753;8697VQ65A;Turbo;TOYOTA;Camry;2.5 Hybrid;2009;Comprobada, funcionando;1 año;Bajo pedido 24-48h;476,14 € + IVA;https://desguacesmadridnorte.com/73753-pieza.html
73754;9778CX35C;Compresor aire acondicionado;CITROEN;C3;1.2 PureTech;2015;Comprobada, funcionando;1 año;En stock;85,43 € + IVA;https://desguacesmadridnorte.com/73754-pieza.html
73757;5146QV33D;Motor completo;AUDI;A4;2.0 TDI;2011;Desmontada de vehículo;1 año;Bajo pedido 24-48h;1.942,31 € + IVA;https://desguacesmadridnorte.com/73757-pieza.html
73758;3423FW92E;Caja de cambios;AUDI;Q3;2.0 TDI;2013;Desmontada de vehículo;1 año;Bajo pedido 24-48h;680,88 € + IVA;https://desguacesmadridnorte.com/73758-pieza.html
73759;8585ZB89B;Retrovisor izquierdo;FORD;Fusion;1.4 TDCi;2016;Comprobada, funcionando;1 año;Bajo pedido 24-48h;155,16 € + IVA;https://desguacesmadridnorte.com/73759-pieza.html
73762;2961JG44B;Piloto trasero derecho;SKODA;Octavia;2.0 TDI;2015;Comprobada, funcionando;1 año;En stock;57,21 € + IVA;https://desguacesmadridnorte.com/73762-pieza.html
73765;9997AH77A;Puerta trasera izquierda;RENAULT;Captur;0.9 TCe;2015;Desmontada de vehículo;1 año;En stock;84,32 € + IVA;https://desguacesmadridnorte.com/73765-pieza.html
73766;7113XN16A;Puerta delantera derecha;NISSAN;Juke;1.5 dCi;2009;Comprobada, funcionando;1 año;En stock;181,44 € + IVA;https://desguacesmadridnorte.com/73766-pieza.html
73767;7984HS34A;Cárter;CITROEN;C4;1.6 HDi;2014;Sin comprobar;1 año;En stock;84,31 € + IVA;https://desguacesmadridnorte.com/73767-pieza.html
73769;2078MD82D;Motor completo;AUDI;A3;2.0 TDI;2016;Comprobada, funcionando;1 año;Bajo pedido 24-48h;1.006,71 € + IVA;https://desguacesmadridnorte.com/73769-pieza.html
73772;1627WP88F;Turbo;SKODA;Fabia;1.2 TSI;2021;Comprobada, funcionando;1 año;Bajo pedido 24-48h;218,39 € + IVA;https://desguacesmadridnorte.com/73772-pieza.html
73774;9355CJ96C;Faro delantero izquierdo;SKODA;Octavia;2.0 TDI;2016;Comprobada, funcionando;1 año;En stock;48,52 € + IVA;https://desguacesmadridnorte.com/73774-pieza.html
73775;6655XF38E;Compresor aire acondicionado;BMW;Serie 1;116d;2010;Comprobada, funcionando;1 año;Bajo pedido 24-48h;153,28 € + IVA;https://desguacesmadridnorte.com/73775-pieza.html
73778;7263SK86A;Piloto trasero derecho;CITROEN;C4;1.6 HDi;2007;Comprobada, funcionando;1 año;En stock;67,62 € + IVA;https://desguacesmadridnorte.com/73778-pieza.html
73780;8799AE42B;Motor completo;VOLKSWAGEN;Golf;1.4 TSI;2011;Comprobada, funcionando;1 año;En stock;2.013,82 € + IVA;https://desguacesmadridnorte.com/73780-pieza.html
73783;8247NX92A;Bomba de dirección;CITROEN;C3;1.4 HDi;2018;Desmontada de vehículo;1 año;En stock;55,10 € + IVA;https://desguacesmadridnorte.com/73783-pieza.html
73784;9281AB56D;Colector de admisión;TOYOTA;Corolla;1.4 D-4D;2016;Sin comprobar;1 año;Bajo pedido 24-48h;139,48 € + IVA;https://desguacesmadridnorte.com/73784-pieza.html
73787;3724TS33E;Bomba de agua;CITROEN;C3;1.2 PureTech;2013;Comprobada, funcionando;1 año;En stock;25,95 € + IVA;https://desguacesmadridnorte.com/73787-pieza.html
73788;6269WM64B;Puerta delantera izquierda;PEUGEOT;3008;1.6 HDi;2013;Sin comprobar;1 año;En stock;198,50 € + IVA;https://desguacesmadridnorte.com/73788-pieza.html
73789;2968JZ80C;Capó;RENAULT;Megane;1.5 dCi;2016;Comprobada, funcionando;1 año;En stock;162,16 € + IVA;https://desguacesmadridnorte.com/73789-pieza.html
73792;8919NJ51E;Retrovisor izquierdo;RENAULT;Megane;1.6 dCi;2007;Comprobada, funcionando;1 año;Bajo pedido 24-48h;53,46 € + IVA;https://desguacesmadridnorte.com/73792-pieza.html
73795;9741YF73F;Parachoques trasero;AUDI;A3;1.6 TDI;2015;Comprobada, funcionando;1 año;En stock;174,49 € + IVA;https://desguacesmadridnorte.com/73795-pieza.html
73796;8957GW80E;Intercooler;VOLKSWAGEN;Polo;1.4 TDI;2017;Sin comprobar;1 año;En stock;191,73 € + IVA;https://desguacesmadridnorte.com/73796-pieza.html
73799;9903EW86F;Radiador;PEUGEOT;3008;2.0 HDi;2021;Desmontada de vehículo;1 año;Bajo pedido 24-48h;88,91 € + IVA;https://desguacesmadridnorte.com/73799-pieza.html
73801;1012WS23E;Piloto trasero derecho;SKODA;Fabia;1.4 TDI;2016;Comprobada, funcionando;1 año;Bajo pedido 24-48h;57,33 € + IVA;https://desguacesmadridnorte.com/73801-pieza.html
73802;7455DW36D;Cremallera de dirección;MERCEDES-BENZ;Clase A;180 CDI;2010;Comprobada, funcionando;1 año;En stock;149,31 € + IVA;https://desguacesmadridnorte.com/73802-pieza.html
73803;5221QB37B;Paso de rueda trasero izquierdo;TOYOTA;Proace City;1.5 D-4D;2012;Comprobada, funcionando;1 año;Bajo pedido 24-48h;21,25 € + IVA;https://desguacesmadridnorte.com/73803-pieza.html
73805;7724QW86A;Cerradura puerta delantera;AUDI;A4;3.0 TDI;2017;Comprobada, funcionando;1 año;En stock;58,54 € + IVA;https://desguacesmadridnorte.com/73805-pieza.html
73807;5009JW33D;Intercooler;CITROEN;C4;1.6 HDi;2017;Comprobada, funcionando;1 año;Bajo pedido 24-48h;153,16 € + IVA;https://desguacesmadridnorte.com/73807-pieza.html
73809;7412TV90A;Parachoques delantero;SEAT;Ibiza;1.9 TDI;2010;Comprobada, funcionando;1 año;En stock;157,34 € + IVA;https://desguacesmadridnorte.com/73809-pieza.html
73812;7239WF14F;Cuadro de instrumentos;PEUGEOT;3008;1.6 HDi;2016;Comprobada, funcionando;1 año;En stock;221,73 € + IVA;https://desguacesmadridnorte.com/73812-pieza.html
73814;6431GY18D;Faro delantero derecho;OPEL;Astra;1.6 CDTI;2021;Desmontada de vehículo;1 año;Bajo pedido 24-48h;255,65 € + IVA;https://desguacesmadridnorte.com/73814-pieza.html
73816;3384NP99B;Faro delantero derecho;FORD;Fiesta;1.5 TDCi;2007;Comprobada, funcionando;1 año;En stock;164,31 € + IVA;https://desguacesmadridnorte.com/73816-pieza.html
73819;8763ZT56F;Bomba de dirección;VOLKSWAGEN;Passat;1.6 TDI;2020;Desmontada de vehículo;1 año;En stock;77,60 € + IVA;https://desguacesmadridnorte.com/73819-pieza.html
73820;6834KB11C;Elevalunas delantero izquierdo;CITROEN;C4;1.6 VTi;2015;Comprobada, funcionando;1 año;Bajo pedido 24-48h;68,86 € + IVA;https://desguacesmadridnorte.com/73820-pieza.html
73823;7954XP76A;Puerta delantera izquierda;AUDI;A3;1.6 TDI;2010;Desmontada de vehículo;1 año;En stock;406,67 € + IVA;https://desguacesmadridnorte.com/73823-pieza.html
73825;9410CN55C;Alternador;AUDI;Q3;2.0 TDI;2010;Comprobada, funcionando;1 año;Bajo pedido 24-48h;67,93 € + IVA;https://desguacesmadridnorte.com/73825-pieza.html
73826;9874KC93E;Cremallera de dirección;SKODA;Fabia;1.2 TSI;2014;Sin comprobar;1 año;En stock;220,92 € + IVA;https://desguacesmadridnorte.com/73826-pieza.html
73827;9329KY84F;Airbag volante;KIA;Sportage;2.0 CRDi;2008;Desmontada de vehículo;1 año;En stock;141,92 € + IVA;https://desguacesmadridnorte.com/73827-pieza.html
73828;8403TY46F;Puerta delantera derecha;VOLKSWAGEN;Golf;1.6 TDI;2016;Desmontada de vehículo;1 año;En stock;345,06 € + IVA;https://desguacesmadridnorte.com/73828-pieza.html
73831;4779QX82B;Bomba de agua;TOYOTA;Camry;2.5 Hybrid;2018;Comprobada, funcionando;1 año;En stock;77,61 € + IVA;https://desguacesmadridnorte.com/73831-pieza.html
73832;7162RA36F;Portón trasero;PEUGEOT;308;1.6 HDi;2005;Comprobada, funcionando;1 año;En stock;253,12 € + IVA;https://desguacesmadridnorte.com/73832-pieza.html
73834;8393HA86D;Retrovisor izquierdo;RENAULT;Megane;1.5 dCi;2009;Comprobada, funcionando;1 año;Bajo pedido 24-48h;117,66 € + IVA;https://desguacesmadridnorte.com/73834-pieza.html
73836;2432YD49E;Centralita motor;KIA;Sportage;1.7 CRDi;2014;Comprobada, funcionando;1 año;Bajo pedido 24-48h;434,66 € + IVA;https://desguacesmadridnorte.com/73836-pieza.html
73837;8101RC47E;Parachoques trasero;HYUNDAI;Tucson;2.0 CRDi;2008;Comprobada, funcionando;1 año;En stock;144,92 € + IVA;https://desguacesmadridnorte.com/73837-pieza.html
73840;2039QX22B;Bomba de agua;PEUGEOT;208;1.4 HDi;2018;Desmontada de vehículo;1 año;Bajo pedido 24-48h;47,77 € + IVA;https://desguacesmadridnorte.com/73840-pieza.html
73842;4658JC33C;Turbo;SKODA;Fabia;1.4 TDI;2013;Desmontada de vehículo;1 año;En stock;190,59 € + IVA;https://desguacesmadridnorte.com/73842-pieza.html
73843;6910FG42C;Cinturón de seguridad;OPEL;Corsa;1.3 CDTI;2010;Comprobada, funcionando;1 año;En stock;42,43 € + IVA;https://desguacesmadridnorte.com/73843-pieza.html
73845;9570QV45D;Parachoques trasero;MERCEDES-BENZ;Clase A;200 CDI;2007;Desmontada de vehículo;1 año;Bajo pedido 24-48h;254,84 € + IVA;https://desguacesmadridnorte.com/73845-pieza.html
73848;4505EB21D;Colector de admisión;KIA;Sportage;1.7 CRDi;2015;Comprobada, funcionando;1 año;En stock;102,53 € + IVA;https://desguacesmadridnorte.com/73848-pieza.html
73850;6846YM81E;Turbo;PEUGEOT;208;1.4 HDi;2009;Comprobada, funcionando;1 año;En stock;248,05 € + IVA;https://desguacesmadridnorte.com/73850-pieza.html
73852;4053LD53F;Piloto trasero derecho;BMW;Serie 3;320d;2006;Comprobada, funcionando;1 año;Bajo pedido 24-48h;88,00 € + IVA;https://desguacesmadridnorte.com/73852-pieza.html
73854;3480JL82D;Centralita motor;KIA;Ceed;1.6 CRDi;2019;Comprobada, funcionando;1 año;En stock;118,84 € + IVA;https://desguacesmadridnorte.com/73854-pieza.html
73857;7630EN31C;Bomba de agua;FORD;Fiesta;1.5 TDCi;2009;Desmontada de vehículo;1 año;En stock;52,59 € + IVA;https://desguacesmadridnorte.com/73857-pieza.html
73860;1898PA30F;Radiador;KIA;Sportage;2.0 CRDi;2018;Comprobada, funcionando;1 año;Bajo pedido 24-48h;164,22 € + IVA;https://desguacesmadridnorte.com/73860-pieza.html
73862;2938RY63E;Cuadro de instrumentos;NISSAN;Qashqai;1.6 dCi;2017;Comprobada, funcionando;1 año;Bajo pedido 24-48h;239,68 € + IVA;https://desguacesmadridnorte.com/73862-pieza.html
73864;9069KJ81E;Piloto trasero derecho;SEAT;Ateca;2.0 TDI;2012;Sin comprobar;1 año;En stock;26,52 € + IVA;https://desguacesmadridnorte.com/73864-pieza.html
73865;6435AQ81E;Puerta delantera derecha;PEUGEOT;308;2.0 HDi;2008;Comprobada, funcionando;1 año;Bajo pedido 24-48h;194,21 € + IVA;https://desguacesmadridnorte.com/73865-pieza.html
73868;3102AP89F;Amortiguador delantero;OPEL;Corsa;1.3 CDTI;2008;Comprobada, funcionando;1 año;Bajo pedido 24-48h;48,14 € + IVA;https://desguacesmadridnorte.com/73868-pieza.html
73869;2098WG68F;Cuadro de instrumentos;FORD;Fiesta;1.5 TDCi;2009;Sin comprobar;1 año;En stock;132,47 € + IVA;https://desguacesmadridnorte.com/73869-pieza.html
73872;7596KF46F;Catalizador;SKODA;Octavia;2.0 TDI;2009;Desmontada de vehículo;1 año;En stock;173,11 € + IVA;https://desguacesmadridnorte.com/73872-pieza.html
73873;3512WJ61A;Cuadro de instrumentos;BMW;Serie 3;330i;2018;Comprobada, funcionando;1 año;Bajo pedido 24-48h;325,21 € + IVA;https://desguacesmadridnorte.com/73873-pieza.html
73874;1872LJ12C;Módulo electrónico;RENAULT;Clio;1.5 dCi;2014;Desmontada de vehículo;1 año;En stock;120,49 € + IVA;https://desguacesmadridnorte.com/73874-pieza.html
73877;5104PY84D;Intercooler;BMW;X1;20d;2021;Desmontada de vehículo;1 año;Bajo pedido 24-48h;266,64 € + IVA;https://desguacesmadridnorte.com/73877-pieza.html
73878;7331SG92D;Motor completo;OPEL;Astra;1.6 CDTI;2008;Comprobada, funcionando;1 año;Bajo pedido 24-48h;1.504,99 € + IVA;https://desguacesmadridnorte.com/73878-pieza.html
73881;2399WH54A;Cinturón de seguridad;SEAT;Ibiza;1.9 TDI;2007;Comprobada, funcionando;1 año;Bajo pedido 24-48h;34,69 € + IVA;https://desguacesmadridnorte.com/73881-pieza.html
73883;4282TS93B;Compresor aire acondicionado;TOYOTA;Camry;2.5 Hybrid;2010;Desmontada de vehículo;1 año;Bajo pedido 24-48h;146,55 € + IVA;https://desguacesmadridnorte.com/73883-pieza.html
73884;7758FT55D;Amortiguador delantero;SEAT;Ibiza;1.9 TDI;2016;Comprobada, funcionando;1 año;En stock;53,52 € + IVA;https://desguacesmadridnorte.com/73884-pieza.html
73885;8816EV45D;Faro delantero izquierdo;SEAT;Ateca;1.5 TSI;2014;Sin comprobar;1 año;Bajo pedido 24-48h;123,41 € + IVA;https://desguacesmadridnorte.com/73885-pieza.html
73887;7746GH47E;Retrovisor derecho;CITROEN;C3;1.2 PureTech;2005;Comprobada, funcionando;1 año;Bajo pedido 24-48h;20,68 € + IVA;https://desguacesmadridnorte.com/73887-pieza.html
73889;7796RC26D;Catalizador;AUDI;Q3;2.0 TDI;2013;Sin comprobar;1 año;En stock;448,43 € + IVA;https://desguacesmadridnorte.com/73889-pieza.html
73892;5403AL84E;Capó;RENAULT;Captur;1.5 dCi;2016;Comprobada, funcionando;1 año;Bajo pedido 24-48h;171,37 € + IVA;https://desguacesmadridnorte.com/73892-pieza.html
73893;3382JM22C;Puerta trasera izquierda;TOYOTA;Proace City;1.5 D-4D;2021;Desmontada de vehículo;1 año;En stock;211,14 € + IVA;https://desguacesmadridnorte.com/73893-pieza.html
73895;1067CF23F;Motor de arranque;KIA;Sportage;2.0 CRDi;2018;Comprobada, funcionando;1 año;En stock;73,89 € + IVA;https://desguacesmadridnorte.com/73895-pieza.html
73897;8630NK59F;Cerradura puerta delantera;PEUGEOT;308;2.0 HDi;2019;Comprobada, funcionando;1 año;En stock;42,63 € + IVA;https://desguacesmadridnorte.com/73897-pieza.html
73898;9440NX25A;Motor completo;BMW;Serie 1;116d;2016;Comprobada, funcionando;1 año;En stock;1.783,72 € + IVA;https://desguacesmadridnorte.com/73898-pieza.html
73899;1882PZ35B;Puerta trasera izquierda;FORD;Fiesta;1.5 TDCi;2007;Comprobada, funcionando;1 año;Bajo pedido 24-48h;204,35 € + IVA;https://desguacesmadridnorte.com/73899-pieza.html
73902;5294QA43A;Capó;BMW;Serie 1;118d;2011;Desmontada de vehículo;1 año;Bajo pedido 24-48h;98,27 € + IVA;https://desguacesmadridnorte.com/73902-pieza.html
73905;2687CX33C;Parachoques delantero;VOLKSWAGEN;Golf;1.4 TSI;2012;Sin comprobar;1 año;En stock;192,10 € + IVA;https://desguacesmadridnorte.com/73905-pieza.html
73907;8190CG88B;Cárter;VOLKSWAGEN;Polo;1.2 TSI;2014;Comprobada, funcionando;1 año;En stock;114,87 € + IVA;https://desguacesmadridnorte.com/73907-pieza.html
73909;5892VV88E;Intercooler;BMW;X1;20d;2017;Comprobada, funcionando;1 año;En stock;207,77 € + IVA;https://desguacesmadridnorte.com/73909-pieza.html
73911;2477SD60D;Airbag volante;KIA;Ceed;1.6 CRDi;2013;Comprobada, funcionando;1 año;Bajo pedido 24-48h;138,64 € + IVA;https://desguacesmadridnorte.com/73911-pieza.html
73914;9723TG96B;Portón trasero;SKODA;Octavia;1.6 TDI;2019;Comprobada, funcionando;1 año;Bajo pedido 24-48h;356,22 € + IVA;https://desguacesmadridnorte.com/73914-pieza.html
73915;5495NG64C;Puerta delantera izquierda;VOLKSWAGEN;Golf;1.4 TSI;2018;Comprobada, funcionando;1 año;En stock;362,47 € + IVA;https://desguacesmadridnorte.com/73915-pieza.html
73918;3111JY62A;Piloto trasero izquierdo;SKODA;Fabia;1.2 TSI;2009;Comprobada, funcionando;1 año;Bajo pedido 24-48h;58,34 € + IVA;https://desguacesmadridnorte.com/73918-pieza.html
73920;2916WE41F;Retrovisor derecho;FORD;Fiesta;1.0 EcoBoost;2014;Comprobada, funcionando;1 año;En stock;78,21 € + IVA;https://desguacesmadridnorte.com/73920-pieza.html
73921;1142NZ13A;Alternador;SEAT;León;1.6 TDI;2010;Desmontada de vehículo;1 año;Bajo pedido 24-48h;75,13 € + IVA;https://desguacesmadridnorte.com/73921-pieza.html
73924;3214TC43D;Capó;SEAT;Ateca;1.5 TSI;2007;Desmontada de vehículo;1 año;En stock;158,84 € + IVA;https://desguacesmadridnorte.com/73924-pieza.html
73926;7557BJ80D;Piloto trasero derecho;AUDI;A4;3.0 TDI;2019;Desmontada de vehículo;1 año;Bajo pedido 24-48h;85,74 € + IVA;https://desguacesmadridnorte.com/73926-pieza.html
73927;9094FJ46F;Catalizador;KIA;Sportage;2.0 CRDi;2018;Comprobada, funcionando;1 año;En stock;551,72 € + IVA;https://desguacesmadridnorte.com/73927-pieza.html
73928;6444HZ49D;Airbag volante;KIA;Sportage;2.0 CRDi;2013;Desmontada de vehículo;1 año;En stock;105,25 € + IVA;https://desguacesmadridnorte.com/73928-pieza.html
73931;5215QG95A;Cinturón de seguridad;AUDI;Q3;1.4 TFSI;2007;Comprobada, funcionando;1 año;En stock;75,64 € + IVA;https://desguacesmadridnorte.com/73931-pieza.html
73934;9494KY58D;Cremallera de dirección;MERCEDES-BENZ;CLA;180 CDI;2017;Comprobada, funcionando;1 año;Bajo pedido 24-48h;439,20 € + IVA;https://desguacesmadridnorte.com/73934-pieza.html
73936;6337YW39B;Faro delantero derecho;KIA;Sportage;2.0 CRDi;2006;Sin comprobar;1 año;Bajo pedido 24-48h;95,43 € + IVA;https://desguacesmadridnorte.com/73936-pieza.html
73938;5832SG42D;Airbag volante;OPEL;Astra;1.7 CDTI;2013;Sin comprobar;1 año;Bajo pedido 24-48h;78,39 € + IVA;https://desguacesmadridnorte.com/73938-pieza.html
73940;8947WV95C;Retrovisor izquierdo;MERCEDES-BENZ;Clase A;200 CDI;2010;Comprobada, funcionando;1 año;En stock;153,43 € + IVA;https://desguacesmadridnorte.com/73940-pieza.html
73943;7093TC99C;Colector de admisión;PEUGEOT;308;2.0 HDi;2010;Comprobada, funcionando;1 año;En stock;62,13 € + IVA;https://desguacesmadridnorte.com/73943-pieza.html
73944;3739XC66B;Elevalunas delantero izquierdo;AUDI;A4;2.0 TFSI;2019;Sin comprobar;1 año;Bajo pedido 24-48h;70,79 € + IVA;https://desguacesmadridnorte.com/73944-pieza.html
73946;7542SC29C;Intercooler;OPEL;Corsa;1.3 CDTI;2007;Comprobada, funcionando;1 año;Bajo pedido 24-48h;66,86 € + IVA;https://desguacesmadridnorte.com/73946-pieza.html
73948;8267SC47D;Piloto trasero derecho;VOLKSWAGEN;Passat;1.6 TDI;2009;Comprobada, funcionando;1 año;En stock;71,30 € + IVA;https://desguacesmadridnorte.com/73948-pieza.html
73949;4021XQ69A;Elevalunas delantero izquierdo;NISSAN;Qashqai;1.5 dCi;2016;Comprobada, funcionando;1 año;En stock;113,64 € + IVA;https://desguacesmadridnorte.com/73949-pieza.html
73952;6992KS48F;Cárter;PEUGEOT;208;1.6 HDi;2018;Desmontada de vehículo;1 año;En stock;108,09 € + IVA;https://desguacesmadridnorte.com/73952-pieza.html
73954;6574AV17A;Retrovisor izquierdo;AUDI;Q3;2.0 TDI;2012;Desmontada de vehículo;1 año;En stock;79,65 € + IVA;https://desguacesmadridnorte.com/73954-pieza.html
73956;1612NS15F;Caja de cambios;SKODA;Octavia;1.6 TDI;2008;Desmontada de vehículo;1 año;Bajo pedido 24-48h;313,85 € + IVA;https://desguacesmadridnorte.com/73956-pieza.html
73957;7909YW49A;Centralita motor;MERCEDES-BENZ;Clase A;180 CDI;2018;Comprobada, funcionando;1 año;En stock;163,92 € + IVA;https://desguacesmadridnorte.com/73957-pieza.html
73960;4210VK27C;Colector de admisión;NISSAN;Juke;1.5 dCi;2015;Sin comprobar;1 año;En stock;83,99 € + IVA;https://desguacesmadridnorte.com/73960-pieza.html
73963;1008AL72A;Retrovisor derecho;SKODA;Octavia;2.0 TDI;2016;Desmontada de vehículo;1 año;En stock;138,21 € + IVA;https://desguacesmadridnorte.com/73963-pieza.html
73966;2408YN82D;Radiador;AUDI;A3;1.6 TDI;2013;Comprobada, funcionando;1 año;Bajo pedido 24-48h;128,16 € + IVA;https://desguacesmadridnorte.com/73966-pieza.html
73968;6426AS18A;Cuadro de instrumentos;HYUNDAI;i30;1.4 CRDi;2010;Desmontada de vehículo;1 año;Bajo pedido 24-48h;118,65 € + IVA;https://desguacesmadridnorte.com/73968-pieza.html
73970;8133MD53E;Intercooler;AUDI;A3;2.0 TDI;2017;Sin comprobar;1 año;En stock;150,68 € + IVA;https://desguacesmadridnorte.com/73970-pieza.html
73973;8715YH76C;Motor de arranque;BMW;X1;18d;2005;Desmontada de vehículo;1 año;En stock;69,66 € + IVA;https://desguacesmadridnorte.com/73973-pieza.html
73975;9943XH31D;Puerta delantera izquierda;HYUNDAI;i30;1.6 CRDi;2006;Comprobada, funcionando;1 año;En stock;93,95 € + IVA;https://desguacesmadridnorte.com/73975-pieza.html
73976;4824AQ71C;Retrovisor derecho;HYUNDAI;Tucson;2.0 CRDi;2017;Desmontada de vehículo;1 año;Bajo pedido 24-48h;66,73 € + IVA;https://desguacesmadridnorte.com/73976-pieza.html
73979;3687MN13A;Parachoques trasero;OPEL;Corsa;1.2 16v;2007;Comprobada, funcionando;1 año;En stock;104,18 € + IVA;https://desguacesmadridnorte.com/73979-pieza.html
73980;6288TC55B;Portón trasero;VOLKSWAGEN;Polo;1.2 TSI;2011;Desmontada de vehículo;1 año;En stock;232,44 € + IVA;https://desguacesmadridnorte.com/73980-pieza.html
73983;5287HH26A;Puerta delantera izquierda;BMW;X1;18d;2020;Comprobada, funcionando;1 año;En stock;324,89 € + IVA;https://desguacesmadridnorte.com/73983-pieza.html
73986;5215ST92D;Catalizador;NISSAN;Juke;1.5 dCi;2017;Desmontada de vehículo;1 año;En stock;137,89 € + IVA;https://desguacesmadridnorte.com/73986-pieza.html
73987;6383DX40D;Catalizador;CITROEN;C4;1.6 VTi;2011;Comprobada, funcionando;1 año;En stock;342,89 € + IVA;https://desguacesmadridnorte.com/73987-pieza.html
73988;3893JV25B;Alternador;SEAT;Ateca;2.0 TDI;2021;Comprobada, funcionando;1 año;En stock;55,08 € + IVA;https://desguacesmadridnorte.com/73988-pieza.html
73990;6053ZZ49D;Cuadro de instrumentos;MERCEDES-BENZ;Clase A;180 CDI;2009;Comprobada, funcionando;1 año;Bajo pedido 24-48h;155,54 € + IVA;https://desguacesmadridnorte.com/73990-pieza.html
73993;1064YN49E;Retrovisor derecho;TOYOTA;Camry;2.5 Hybrid;2014;Desmontada de vehículo;1 año;Bajo pedido 24-48h;146,01 € + IVA;https://desguacesmadridnorte.com/73993-pieza.html
73995;4842FC76B;Motor completo;BMW;Serie 1;116d;2018;Sin comprobar;1 año;En stock;2.216,34 € + IVA;https://desguacesmadridnorte.com/73995-pieza.html
73996;3657GW27A;Cerradura puerta delantera;HYUNDAI;i30;1.4 CRDi;2013;Desmontada de vehículo;1 año;En stock;30,39 € + IVA;https://desguacesmadridnorte.com/73996-pieza.html
73997;9165TC79F;Capó;SKODA;Octavia;2.0 TDI;2008;Desmontada de vehículo;1 año;En stock;100,28 € + IVA;https://desguacesmadridnorte.com/73997-pieza.html
74000;8490BG75E;Portón trasero;RENAULT;Captur;1.5 dCi;2019;Comprobada, funcionando;1 año;En stock;172,44 € + IVA;https://desguacesmadridnorte.com/74000-pieza.html
74001;6607AQ76B;Intercooler;PEUGEOT;3008;1.6 HDi;2008;Comprobada, funcionando;1 año;En stock;171,05 € + IVA;https://desguacesmadridnorte.com/74001-pieza.html
74002;2988XH11C;Colector de admisión;TOYOTA;Camry;2.5 Hybrid;2008;Comprobada, funcionando;1 año;En stock;95,12 € + IVA;https://desguacesmadridnorte.com/74002-pieza.html
74004;8116AA27D;Caja de cambios;OPEL;Corsa;1.2 16v;2007;Desmontada de vehículo;1 año;En stock;211,27 € + IVA;https://desguacesmadridnorte.com/74004-pieza.html
74007;1644HP62C;Piloto trasero derecho;SEAT;Ibiza;1.9 TDI;2011;Desmontada de vehículo;1 año;En stock;26,98 € + IVA;https://desguacesmadridnorte.com/74007-pieza.html
74008;9273NS18E;Puerta trasera izquierda;CITROEN;C4;1.6 HDi;2016;Comprobada, funcionando;1 año;En stock;121,05 € + IVA;https://desguacesmadridnorte.com/74008-pieza.html
74009;9401TN24B;Colector de admisión;AUDI;Q3;1.4 TFSI;2008;Desmontada de vehículo;1 año;Bajo pedido 24-48h;207,26 € + IVA;https://desguacesmadridnorte.com/74009-pieza.html
74010;7104LJ62B;Puerta trasera izquierda;AUDI;Q3;1.4 TFSI;2021;Sin comprobar;1 año;En stock;486,72 € + IVA;https://desguacesmadridnorte.com/74010-pieza.html
74012;2770TJ52B;Piloto trasero izquierdo;PEUGEOT;208;1.4 HDi;2007;Desmontada de vehículo;1 año;Bajo pedido 24-48h;60,17 € + IVA;https://desguacesmadridnorte.com/74012-pieza.html
74014;4403PP53D;Motor de arranque;MERCEDES-BENZ;CLA;180 CDI;2009;Comprobada, funcionando;1 año;En stock;82,07 € + IVA;https://desguacesmadridnorte.com/74014-pieza.html
74015;8259DH25E;Colector de admisión;BMW;X1;18d;2013;Desmontada de vehículo;1 año;En stock;89,25 € + IVA;https://desguacesmadridnorte.com/74015-pieza.html
74017;5366SN49D;Bomba de agua;OPEL;Corsa;1.2 16v;2006;Comprobada, funcionando;1 año;En stock;23,57 € + IVA;https://desguacesmadridnorte.com/74017-pieza.html
74019;4958ZL26C;Cárter;SEAT;Ateca;2.0 TDI;2013;Desmontada de vehículo;1 año;En stock;93,52 € + IVA;https://desguacesmadridnorte.com/74019-pieza.html
74021;4835WX25B;Cárter;SKODA;Fabia;1.2 TSI;2018;Comprobada, funcionando;1 año;Bajo pedido 24-48h;59,90 € + IVA;https://desguacesmadridnorte.com/74021-pieza.html
74022;8871QA42F;Cuadro de instrumentos;KIA;Ceed;1.4 CRDi;2013;Desmontada de vehículo;1 año;En stock;163,97 € + IVA;https://desguacesmadridnorte.com/74022-pieza.html
74023;1186MG94A;Capó;MERCEDES-BENZ;CLA;180 CDI;2010;Sin comprobar;1 año;En stock;256,30 € + IVA;https://desguacesmadridnorte.com/74023-pieza.html
74024;4745KP12D;Aleta delantera izquierda;RENAULT;Captur;1.5 dCi;2017;Desmontada de vehículo;1 año;Bajo pedido 24-48h;68,83 € + IVA;https://desguacesmadridnorte.com/74024-pieza.html
74025;7773KB36D;Airbag volante;OPEL;Astra;1.7 CDTI;2018;Comprobada, funcionando;1 año;En stock;76,64 € + IVA;https://desguacesmadridnorte.com/74025-pieza.html
74026;9668LA10D;Puerta delantera derecha;VOLKSWAGEN;Golf;1.4 TSI;2010;Desmontada de vehículo;1 año;Bajo pedido 24-48h;222,31 € + IVA;https://desguacesmadridnorte.com/74026-pieza.html
74028;8482RG63E;Piloto trasero derecho;KIA;Sportage;1.7 CRDi;2005;Desmontada de vehículo;1 año;En stock;52,75 € + IVA;https://desguacesmadridnorte.com/74028-pieza.html
74030;1622XD32D;Cremallera de dirección;NISSAN;Qashqai;1.5 dCi;2012;Comprobada, funcionando;1 año;En stock;129,27 € + IVA;https://desguacesmadridnorte.com/74030-pieza.html
74031;7640RA33E;Cerradura puerta delantera;HYUNDAI;Tucson;2.0 CRDi;2008;Comprobada, funcionando;1 año;Bajo pedido 24-48h;45,28 € + IVA;https://desguacesmadridnorte.com/74031-pieza.html
74034;6951CF66D;Bomba de agua;AUDI;A4;2.0 TDI;2021;Comprobada, funcionando;1 año;En stock;110,20 € + IVA;https://desguacesmadridnorte.com/74034-pieza.html
74036;3090HA72E;Alternador;BMW;Serie 1;120i;2011;Comprobada, funcionando;1 año;Bajo pedido 24-48h;166,60 € + IVA;https://desguacesmadridnorte.com/74036-pieza.html
74037;8699NA61C;Portón trasero;PEUGEOT;3008;1.6 HDi;2011;Sin comprobar;1 año;En stock;289,54 € + IVA;https://desguacesmadridnorte.com/74037-pieza.html
74038;8595JD83F;Intercooler;RENAULT;Clio;1.5 dCi;2016;Comprobada, funcionando;1 año;En stock;111,65 € + IVA;https://desguacesmadridnorte.com/74038-pieza.html
74040;9965TC83F;Radiador;TOYOTA;Camry;2.5 Hybrid;2005;Desmontada de vehículo;1 año;En stock;119,44 € + IVA;https://desguacesmadridnorte.com/74040-pieza.html
74043;1035QJ79B;Bomba de dirección;MERCEDES-BENZ;CLA;200 CDI;2007;Sin comprobar;1 año;En stock;101,36 € + IVA;https://desguacesmadridnorte.com/74043-pieza.html
74044;8212YP42F;Capó;KIA;Ceed;1.4 CRDi;2013;Comprobada, funcionando;1 año;En stock;84,11 € + IVA;https://desguacesmadridnorte.com/74044-pieza.html
74045;4560AQ95A;Centralita motor;KIA;Ceed;1.4 CRDi;2020;Desmontada de vehículo;1 año;Bajo pedido 24-48h;270,75 € + IVA;https://desguacesmadridnorte.com/74045-pieza.html
74046;2056VL37C;Portón trasero;KIA;Ceed;1.6 CRDi;2008;Comprobada, funcionando;1 año;En stock;240,41 € + IVA;https://desguacesmadridnorte.com/74046-pieza.html
74048;3606BH24B;Faro delantero derecho;CITROEN;C3;1.4 HDi;2010;Comprobada, funcionando;1 año;En stock;126,46 € + IVA;https://desguacesmadridnorte.com/74048-pieza.html
74049;2779PY95D;Centralita motor;NISSAN;Qashqai;1.6 dCi;2019;Comprobada, funcionando;1 año;En stock;127,49 € + IVA;https://desguacesmadridnorte.com/74049-pieza.html
74052;9855JL67A;Cremallera de dirección;SKODA;Fabia;1.4 TDI;2014;Comprobada, funcionando;1 año;En stock;280,54 € + IVA;https://desguacesmadridnorte.com/74052-pieza.html
74055;9532JJ98E;Bomba de agua;FORD;Fusion;1.4 TDCi;2007;Sin comprobar;1 año;En stock;29,26 € + IVA;https://desguacesmadridnorte.com/74055-pieza.html
74058;3074TA31D;Turbo;HYUNDAI;i30;1.4 CRDi;2012;Comprobada, funcionando;1 año;Bajo pedido 24-48h;485,43 € + IVA;https://desguacesmadridnorte.com/74058-pieza.html
74059;3464NM71A;Módulo electrónico;CITROEN;C3;1.4 HDi;2016;Comprobada, funcionando;1 año;En stock;143,67 € + IVA;https://desguacesmadridnorte.com/74059-pieza.html
74061;4685HP28B;Elevalunas delantero izquierdo;FORD;Focus;2.0 TDCi;2006;Comprobada, funcionando;1 año;En stock;49,40 € + IVA;https://desguacesmadridnorte.com/74061-pieza.html
74063;5901LG97A;Parachoques trasero;SEAT;Ibiza;1.2 TSI;2010;Desmontada de vehículo;1 año;Bajo pedido 24-48h;134,99 € + IVA;https://desguacesmadridnorte.com/74063-pieza.html
74064;9735RW92A;Puerta trasera izquierda;NISSAN;Juke;1.2 DIG-T;2007;Sin comprobar;1 año;En stock;178,61 € + IVA;https://desguacesmadridnorte.com/74064-pieza.html
74066;9510TT69E;Amortiguador delantero;BMW;X1;20d;2021;Comprobada, funcionando;1 año;Bajo pedido 24-48h;69,82 € + IVA;https://desguacesmadridnorte.com/74066-pieza.html
74068;2329YC63A;Faro delantero izquierdo;RENAULT;Clio;1.5 dCi;2007;Desmontada de vehículo;1 año;En stock;106,06 € + IVA;https://desguacesmadridnorte.com/74068-pieza.html
74070;3955HZ17D;Radiador;PEUGEOT;308;2.0 HDi;2008;Sin comprobar;1 año;Bajo pedido 24-48h;56,35 € + IVA;https://desguacesmadridnorte.com/74070-pieza.html
74071;9631GB58B;Colector de admisión;OPEL;Corsa;1.2 16v;2017;Sin comprobar;1 año;Bajo pedido 24-48h;101,40 € + IVA;https://desguacesmadridnorte.com/74071-pieza.html
74074;5023TY35D;Faro delantero derecho;TOYOTA;Proace City;1.5 D-4D;2012;Comprobada, funcionando;1 año;Bajo pedido 24-48h;199,54 € + IVA;https://desguacesmadridnorte.com/74074-pieza.html
74077;5185KK62F;Cerradura puerta delantera;CITROEN;C4;1.6 HDi;2011;Sin comprobar;1 año;En stock;49,31 € + IVA;https://desguacesmadridnorte.com/74077-pieza.html
74079;3253XE81E;Puerta delantera derecha;TOYOTA;Corolla;1.8 Hybrid;2011;Desmontada de vehículo;1 año;En stock;305,39 € + IVA;https://desguacesmadridnorte.com/74079-pieza.html
74080;7620EF60C;Faro delantero derecho;HYUNDAI;i30;1.6 CRDi;2005;Comprobada, funcionando;1 año;En stock;76,01 € + IVA;https://desguacesmadridnorte.com/74080-pieza.html
74081;1593XW23E;Motor de arranque;NISSAN;Qashqai;1.6 dCi;2017;Desmontada de vehículo;1 año;En stock;137,47 € + IVA;https://desguacesmadridnorte.com/74081-pieza.html
74084;7148JB97A;Radiador;SKODA;Octavia;1.6 TDI;2006;Comprobada, funcionando;1 año;Bajo pedido 24-48h;116,01 € + IVA;https://desguacesmadridnorte.com/74084-pieza.html
74085;6982RM31B;Módulo electrónico;OPEL;Corsa;1.3 CDTI;2008;Desmontada de vehículo;1 año;En stock;39,62 € + IVA;https://desguacesmadridnorte.com/74085-pieza.html
74087;4965ER30D;Motor completo;SKODA;Fabia;1.4 TDI;2015;Comprobada, funcionando;1 año;En stock;1.252,51 € + IVA;https://desguacesmadridnorte.com/74087-pieza.html
74089;2230PJ93C;Aleta delantera izquierda;MERCEDES-BENZ;Clase A;200 CDI;2014;Desmontada de vehículo;1 año;En stock;200,39 € + IVA;https://desguacesmadridnorte.com/74089-pieza.html
74092;2149DE83F;Amortiguador delantero;PEUGEOT;308;1.6 HDi;2012;Comprobada, funcionando;1 año;Bajo pedido 24-48h;62,54 € + IVA;https://desguacesmadridnorte.com/74092-pieza.html
74095;8339MR40E;Alternador;TOYOTA;Camry;2.5 Hybrid;2021;Desmontada de vehículo;1 año;En stock;215,38 € + IVA;https://desguacesmadridnorte.com/74095-pieza.html
74098;3170ER45C;Faro delantero derecho;PEUGEOT;208;1.4 HDi;2007;Comprobada, funcionando;1 año;Bajo pedido 24-48h;49,86 € + IVA;https://desguacesmadridnorte.com/74098-pieza.html
74100;2277YM92F;Faro delantero derecho;TOYOTA;Proace City;1.5 D-4D;2017;Sin comprobar;1 año;En stock;195,49 € + IVA;https://desguacesmadridnorte.com/74100-pieza.html
74102;7441WH34F;Cárter;NISSAN;Juke;1.2 DIG-T;2018;Comprobada, funcionando;1 año;Bajo pedido 24-48h;121,83 € + IVA;https://desguacesmadridnorte.com/74102-pieza.html
74105;5066XW49D;Cerradura puerta delantera;NISSAN;Juke;1.2 DIG-T;2019;Desmontada de vehículo;1 año;En stock;25,05 € + IVA;https://desguacesmadridnorte.com/74105-pieza.html
74106;7769QC71E;Cerradura puerta delantera;AUDI;A4;2.0 TDI;2021;Comprobada, funcionando;1 año;Bajo pedido 24-48h;112,21 € + IVA;https://desguacesmadridnorte.com/74106-pieza.html
74108;9797ML74A;Cremallera de dirección;AUDI;A3;1.6 TDI;2020;Comprobada, funcionando;1 año;En stock;352,90 € + IVA;https://desguacesmadridnorte.com/74108-pieza.html
74110;3385XY78E;Piloto trasero izquierdo;NISSAN;Qashqai;1.5 dCi;2018;Sin comprobar;1 año;Bajo pedido 24-48h;40,52 € + IVA;https://desguacesmadridnorte.com/74110-pieza.html
74113;1252PA42B;Cremallera de dirección;OPEL;Astra;1.7 CDTI;2009;Comprobada, funcionando;1 año;Bajo pedido 24-48h;156,84 € + IVA;https://desguacesmadridnorte.com/74113-pieza.html
74114;2789ZQ88B;Caja de cambios;HYUNDAI;Tucson;1.7 CRDi;2013;Desmontada de vehículo;1 año;Bajo pedido 24-48h;863,31 € + IVA;https://desguacesmadridnorte.com/74114-pieza.html
74115;7949MR31B;Elevalunas delantero izquierdo;OPEL;Astra;1.6 CDTI;2015;Comprobada, funcionando;1 año;En stock;87,96 € + IVA;https://desguacesmadridnorte.com/74115-pieza.html
74116;2908SW37B;Piloto trasero izquierdo;NISSAN;Qashqai;1.6 dCi;2005;Comprobada, funcionando;1 año;En stock;25,75 € + IVA;https://desguacesmadridnorte.com/74116-pieza.html
74117;5952NQ37E;Centralita motor;SKODA;Fabia;1.4 TDI;2016;Comprobada, funcionando;1 año;Bajo pedido 24-48h;92,82 € + IVA;https://desguacesmadridnorte.com/74117-pieza.html
74118;6390TH94B;Catalizador;KIA;Ceed;1.6 CRDi;2007;Comprobada, funcionando;1 año;En stock;341,91 € + IVA;https://desguacesmadridnorte.com/74118-pieza.html
74120;5260CT53A;Motor de arranque;TOYOTA;Corolla;1.4 D-4D;2009;Comprobada, funcionando;1 año;En stock;113,37 € + IVA;https://desguacesmadridnorte.com/74120-pieza.html
74123;2702JZ44C;Puerta delantera derecha;KIA;Sportage;1.7 CRDi;2006;Comprobada, funcionando;1 año;Bajo pedido 24-48h;160,96 € + IVA;https://desguacesmadridnorte.com/74123-pieza.html
74124;2472TK97B;Airbag volante;RENAULT;Clio;1.5 dCi;2018;Sin comprobar;1 año;Bajo pedido 24-48h;164,37 € + IVA;https://desguacesmadridnorte.com/74124-pieza.html
74127;4745HW88E;Módulo electrónico;BMW;Serie 1;120i;2021;Comprobada, funcionando;1 año;En stock;333,57 € + IVA;https://desguacesmadridnorte.com/74127-pieza.html
74129;8054JY66C;Elevalunas delantero izquierdo;TOYOTA;Camry;2.5 Hybrid;2020;Comprobada, funcionando;1 año;Bajo pedido 24-48h;49,09 € + IVA;https://desguacesmadridnorte.com/74129-pieza.html
74131;2638MG73C;Alternador;PEUGEOT;3008;2.0 HDi;2019;Comprobada, funcionando;1 año;En stock;199,33 € + IVA;https://desguacesmadridnorte.com/74131-pieza.html
74132;2248KQ10C;Cerradura puerta delantera;TOYOTA;Corolla;1.8 Hybrid;2021;Comprobada, funcionando;1 año;Bajo pedido 24-48h;36,78 € + IVA;https://desguacesmadridnorte.com/74132-pieza.html
74133;7924YL75D;Cerradura puerta delantera;BMW;Serie 1;118d;2011;Desmontada de vehículo;1 año;En stock;62,01 € + IVA;https://desguacesmadridnorte.com/74133-pieza.html
74135;5565AJ38B;Portón trasero;SKODA;Fabia;1.2 TSI;2020;Desmontada de vehículo;1 año;En stock;311,00 € + IVA;https://desguacesmadridnorte.com/74135-pieza.html
74136;5060PV57B;Elevalunas delantero izquierdo;BMW;Serie 1;116d;2008;Comprobada, funcionando;1 año;Bajo pedido 24-48h;56,93 € + IVA;https://desguacesmadridnorte.com/74136-pieza.html
74138;5724NC17C;Motor completo;MERCEDES-BENZ;Clase E Coupé;250 CDI;2018;Comprobada, funcionando;1 año;En stock;4.647,44 € + IVA;https://desguacesmadridnorte.com/74138-pieza.html
74140;8363VA21C;Airbag volante;SEAT;Ibiza;1.9 TDI;2012;Desmontada de vehículo;1 año;En stock;106,89 € + IVA;https://desguacesmadridnorte.com/74140-pieza.html
74141;1169JW37A;Puerta trasera izquierda;RENAULT;Clio;1.5 dCi;2017;Desmontada de vehículo;1 año;En stock;158,39 € + IVA;https://desguacesmadridnorte.com/74141-pieza.html
74142;7767DV17B;Piloto trasero derecho;TOYOTA;Corolla;1.8 Hybrid;2012;Comprobada, funcionando;1 año;Bajo pedido 24-48h;37,46 € + IVA;https://desguacesmadridnorte.com/74142-pieza.html
74145;7812SS39F;Piloto trasero derecho;RENAULT;Clio;1.5 dCi;2010;Comprobada, funcionando;1 año;Bajo pedido 24-48h;68,99 € + IVA;https://desguacesmadridnorte.com/74145-pieza.html
74147;9490NT46A;Caja de cambios;MERCEDES-BENZ;Clase A;200 CDI;2012;Comprobada, funcionando;1 año;En stock;1.087,40 € + IVA;https://desguacesmadridnorte.com/74147-pieza.html
74148;8579KC64E;Retrovisor derecho;SEAT;León;2.0 TDI;2013;Comprobada, funcionando;1 año;En stock;87,84 € + IVA;https://desguacesmadridnorte.com/74148-pieza.html
74151;3969JE96A;Piloto trasero izquierdo;HYUNDAI;Tucson;2.0 CRDi;2018;Sin comprobar;1 año;En stock;91,56 € + IVA;https://desguacesmadridnorte.com/74151-pieza.html
74154;9253VP17C;Puerta delantera izquierda;BMW;X1;18d;2013;Comprobada, funcionando;1 año;En stock;227,17 € + IVA;https://desguacesmadridnorte.com/74154-pieza.html
74156;6991LJ11C;Parachoques trasero;OPEL;Corsa;1.3 CDTI;2013;Comprobada, funcionando;1 año;Bajo pedido 24-48h;96,00 € + IVA;https://desguacesmadridnorte.com/74156-pieza.html
74159;6736QW85C;Bomba de dirección;SKODA;Fabia;1.2 TSI;2020;Comprobada, funcionando;1 año;En stock;90,08 € + IVA;https://desguacesmadridnorte.com/74159-pieza.html
74161;9993TP27F;Retrovisor derecho;HYUNDAI;i30;1.6 CRDi;2006;Comprobada, funcionando;1 año;En stock;97,90 € + IVA;https://desguacesmadridnorte.com/74161-pieza.html
74164;1015EJ90C;Colector de admisión;OPEL;Corsa;1.3 CDTI;2017;Desmontada de vehículo;1 año;En stock;65,26 € + IVA;https://desguacesmadridnorte.com/74164-pieza.html
74166;2835GW26C;Puerta delantera derecha;FORD;Fiesta;1.5 TDCi;2017;Desmontada de vehículo;1 año;En stock;239,21 € + IVA;https://desguacesmadridnorte.com/74166-pieza.html
74167;3936NZ17D;Amortiguador delantero;VOLKSWAGEN;Golf;1.6 TDI;2005;Comprobada, funcionando;1 año;En stock;55,92 € + IVA;https://desguacesmadridnorte.com/74167-pieza.html
74169;9601RG39E;Intercooler;VOLKSWAGEN;Passat;2.0 TDI;2016;Comprobada, funcionando;1 año;Bajo pedido 24-48h;172,86 € + IVA;https://desguacesmadridnorte.com/74169-pieza.html
74172;5138JC55A;Puerta delantera derecha;RENAULT;Megane;1.5 dCi;2016;Sin comprobar;1 año;En stock;221,80 € + IVA;https://desguacesmadridnorte.com/74172-pieza.html
74175;7934TK52D;Elevalunas delantero izquierdo;KIA;Sportage;2.0 CRDi;2011;Sin comprobar;1 año;En stock;90,63 € + IVA;https://desguacesmadridnorte.com/74175-pieza.html
74178;3421TM81E;Caja de cambios;MERCEDES-BENZ;Clase A;180 CDI;2008;Desmontada de vehículo;1 año;En stock;872,83 € + IVA;https://desguacesmadridnorte.com/74178-pieza.html
74179;4020EZ12F;Faro delantero derecho;BMW;X1;18d;2008;Comprobada, funcionando;1 año;En stock;93,92 € + IVA;https://desguacesmadridnorte.com/74179-pieza.html
74181;7975AV74F;Cuadro de instrumentos;KIA;Ceed;1.4 CRDi;2017;Desmontada de vehículo;1 año;En stock;145,89 € + IVA;https://desguacesmadridnorte.com/74181-pieza.html
74184;6093DA63C;Faro delantero derecho;BMW;Serie 3;330i;2006;Desmontada de vehículo;1 año;En stock;186,02 € + IVA;https://desguacesmadridnorte.com/74184-pieza.html
74186;3637VZ61A;Puerta delantera izquierda;OPEL;Corsa;1.3 CDTI;2007;Comprobada, funcionando;1 año;Bajo pedido 24-48h;136,49 € + IVA;https://desguacesmadridnorte.com/74186-pieza.html
74189;1397BK61F;Aleta delantera izquierda;SEAT;Ateca;1.5 TSI;2012;Comprobada, funcionando;1 año;En stock;145,50 € + IVA;https://desguacesmadridnorte.com/74189-pieza.html
74192;4087KW80F;Retrovisor derecho;NISSAN;Qashqai;1.6 dCi;2011;Sin comprobar;1 año;Bajo pedido 24-48h;30,05 € + IVA;https://desguacesmadridnorte.com/74192-pieza.html
74193;9260ZG61C;Piloto trasero izquierdo;KIA;Sportage;1.7 CRDi;2009;Sin comprobar;1 año;En stock;57,56 € + IVA;https://desguacesmadridnorte.com/74193-pieza.html
74194;4985FJ14E;Capó;RENAULT;Captur;0.9 TCe;2007;Desmontada de vehículo;1 año;Bajo pedido 24-48h;97,00 € + IVA;https://desguacesmadridnorte.com/74194-pieza.html
74196;9825DW72B;Centralita motor;SEAT;Ibiza;1.6 TDI;2016;Desmontada de vehículo;1 año;Bajo pedido 24-48h;252,51 € + IVA;https://desguacesmadridnorte.com/74196-pieza.html
74197;9514JQ32A;Motor de arranque;SEAT;León;2.0 TDI;2010;Comprobada, funcionando;1 año;En stock;35,88 € + IVA;https://desguacesmadridnorte.com/74197-pieza.html
74198;2540YR73F;Paso de rueda trasero izquierdo;AUDI;A4;2.0 TFSI;2017;Comprobada, funcionando;1 año;En stock;91,29 € + IVA;https://desguacesmadridnorte.com/74198-pieza.html
74201;7856WA69E;Intercooler;NISSAN;Juke;1.2 DIG-T;2021;Desmontada de vehículo;1 año;En stock;129,98 € + IVA;https://desguacesmadridnorte.com/74201-pieza.html
74203;6949AP98F;Amortiguador delantero;KIA;Sportage;2.0 CRDi;2011;Sin comprobar;1 año;En stock;23,39 € + IVA;https://desguacesmadridnorte.com/74203-pieza.html
74204;1056CG22A;Capó;RENAULT;Megane;1.5 dCi;2009;Comprobada, funcionando;1 año;Bajo pedido 24-48h;129,98 € + IVA;https://desguacesmadridnorte.com/74204-pieza.html
74206;9250YJ55C;Radiador;MERCEDES-BENZ;Clase E Coupé;250 CDI;2018;Comprobada, funcionando;1 año;En stock;193,07 € + IVA;https://desguacesmadridnorte.com/74206-pieza.html
74207;1243SK93A;Amortiguador delantero;HYUNDAI;i30;1.6 CRDi;2019;Comprobada, funcionando;1 año;Bajo pedido 24-48h;79,53 € + IVA;https://desguacesmadridnorte.com/74207-pieza.html
74208;1289NG41F;Alternador;TOYOTA;Proace City;1.5 D-4D;2020;Desmontada de vehículo;1 año;En stock;130,25 € + IVA;https://desguacesmadridnorte.com/74208-pieza.html
74210;4930QL43F;Intercooler;NISSAN;Qashqai;1.5 dCi;2010;Comprobada, funcionando;1 año;En stock;159,19 € + IVA;https://desguacesmadridnorte.com/74210-pieza.html
74213;6046AT74E;Portón trasero;OPEL;Corsa;1.2 16v;2006;Comprobada, funcionando;1 año;Bajo pedido 24-48h;114,21 € + IVA;https://desguacesmadridnorte.com/74213-pieza.html
74214;1785JA33C;Paso de rueda trasero izquierdo;SEAT;Ibiza;1.2 TSI;2018;Comprobada, funcionando;1 año;Bajo pedido 24-48h;52,89 € + IVA;https://desguacesmadridnorte.com/74214-pieza.html
74215;7543MR78D;Retrovisor derecho;SKODA;Fabia;1.2 TSI;2019;Desmontada de vehículo;1 año;En stock;88,16 € + IVA;https://desguacesmadridnorte.com/74215-pieza.html
74216;5990ZK52A;Catalizador;RENAULT;Clio;1.5 dCi;2017;Comprobada, funcionando;1 año;En stock;93,12 € + IVA;https://desguacesmadridnorte.com/74216-pieza.html
74219;6772GD16C;Intercooler;PEUGEOT;308;1.6 HDi;2010;Desmontada de vehículo;1 año;Bajo pedido 24-48h;130,15 € + IVA;https://desguacesmadridnorte.com/74219-pieza.html
74220;3282QJ75A;Aleta delantera izquierda;FORD;Fusion;1.4 TDCi;2013;Comprobada, funcionando;1 año;Bajo pedido 24-48h;112,08 € + IVA;https://desguacesmadridnorte.com/74220-pieza.html
74221;5458RZ95F;Radiador;RENAULT;Clio;1.5 dCi;2017;Desmontada de vehículo;1 año;En stock;47,34 € + IVA;https://desguacesmadridnorte.com/74221-pieza.html
74223;3873MC43E;Alternador;MERCEDES-BENZ;CLA;180 CDI;2008;Desmontada de vehículo;1 año;Bajo pedido 24-48h;118,98 € + IVA;https://desguacesmadridnorte.com/74223-pieza.html
74224;2901VE64A;Cremallera de dirección;SEAT;Ateca;2.0 TDI;2019;Comprobada, funcionando;1 año;En stock;283,57 € + IVA;https://desguacesmadridnorte.com/74224-pieza.html
74227;6604VM83F;Airbag volante;OPEL;Astra;1.6 CDTI;2008;Comprobada, funcionando;1 año;En stock;183,84 € + IVA;https://desguacesmadridnorte.com/74227-pieza.html
74228;4965NR35F;Amortiguador delantero;PEUGEOT;308;1.6 HDi;2018;Comprobada, funcionando;1 año;En stock;64,38 € + IVA;https://desguacesmadridnorte.com/74228-pieza.html
74229;9151DT26D;Motor completo;RENAULT;Clio;1.2 16v;2005;Comprobada, funcionando;1 año;En stock;334,54 € + IVA;https://desguacesmadridnorte.com/74229-pieza.html
74232;3210NA59A;Portón trasero;VOLKSWAGEN;Passat;1.6 TDI;2018;Comprobada, funcionando;1 año;Bajo pedido 24-48h;206,42 € + IVA;https://desguacesmadridnorte.com/74232-pieza.html
74233;8111CN82A;Puerta delantera derecha;RENAULT;Captur;0.9 TCe;2007;Desmontada de vehículo;1 año;En stock;213,19 € + IVA;https://desguacesmadridnorte.com/74233-pieza.html
74234;7666AB59B;Amortiguador delantero;HYUNDAI;Tucson;2.0 CRDi;2006;Comprobada, funcionando;1 año;Bajo pedido 24-48h;42,07 € + IVA;https://desguacesmadridnorte.com/74234-pieza.html
74237;2678ZH16B;Cinturón de seguridad;PEUGEOT;3008;2.0 HDi;2015;Comprobada, funcionando;1 año;En stock;27,78 € + IVA;https://desguacesmadridnorte.com/74237-pieza.html
74238;7464MQ65E;Bomba de agua;FORD;Fiesta;1.0 EcoBoost;2009;Sin comprobar;1 año;Bajo pedido 24-48h;48,96 € + IVA;https://desguacesmadridnorte.com/74238-pieza.html
74241;6981KW12E;Motor completo;VOLKSWAGEN;Passat;1.6 TDI;2015;Comprobada, funcionando;1 año;Bajo pedido 24-48h;2.135,34 € + IVA;https://desguacesmadridnorte.com/74241-pieza.html
74243;2528GB14E;Airbag volante;NISSAN;Juke;1.5 dCi;2006;Comprobada, funcionando;1 año;Bajo pedido 24-48h;93,03 € + IVA;https://desguacesmadridnorte.com/74243-pieza.html
74246;6007XT26D;Caja de cambios;RENAULT;Clio;1.5 dCi;2010;Comprobada, funcionando;1 año;En stock;309,80 € + IVA;https://desguacesmadridnorte.com/74246-pieza.html
74247;4118JL82B;Elevalunas delantero izquierdo;KIA;Ceed;1.6 CRDi;2012;Desmontada de vehículo;1 año;En stock;52,41 € + IVA;https://desguacesmadridnorte.com/74247-pieza.html
74250;1443TF95A;Radiador;HYUNDAI;Tucson;2.0 CRDi;2013;Comprobada, funcionando;1 año;En stock;52,66 € + IVA;https://desguacesmadridnorte.com/74250-pieza.html
74253;3759MP43A;Puerta delantera izquierda;TOYOTA;Corolla;1.4 D-4D;2010;Comprobada, funcionando;1 año;En stock;252,20 € + IVA;https://desguacesmadridnorte.com/74253-pieza.html
74254;3755RZ29C;Centralita motor;FORD;Focus;2.0 TDCi;2021;Desmontada de vehículo;1 año;En stock;191,80 € + IVA;https://desguacesmadridnorte.com/74254-pieza.html
74257;5658LW67C;Parachoques trasero;VOLKSWAGEN;Polo;1.2 TSI;2020;Comprobada, funcionando;1 año;Bajo pedido 24-48h;97,33 € + IVA;https://desguacesmadridnorte.com/74257-pieza.html
74260;1618DK41B;Puerta delantera izquierda;AUDI;A4;2.0 TDI;2012;Comprobada, funcionando;1 año;Bajo pedido 24-48h;353,19 € + IVA;https://desguacesmadridnorte.com/74260-pieza.html
74262;7972DA63B;Módulo electrónico;HYUNDAI;Tucson;1.7 CRDi;2012;Comprobada, funcionando;1 año;Bajo pedido 24-48h;77,28 € + IVA;https://desguacesmadridnorte.com/74262-pieza.html
74263;3950HB27F;Elevalunas delantero izquierdo;VOLKSWAGEN;Passat;1.6 TDI;2012;Desmontada de vehículo;1 año;Bajo pedido 24-48h;73,64 € + IVA;https://desguacesmadridnorte.com/74263-pieza.html
74266;2261GW77D;Piloto trasero derecho;SKODA;Fabia;1.2 TSI;2014;Comprobada, funcionando;1 año;Bajo pedido 24-48h;72,91 € + IVA;https://desguacesmadridnorte.com/74266-pieza.html
74268;4465WF12F;Piloto trasero izquierdo;HYUNDAI;Tucson;1.7 CRDi;2018;Desmontada de vehículo;1 año;En stock;41,99 € + IVA;https://desguacesmadridnorte.com/74268-pieza.html
74269;1740PJ71A;Motor completo;AUDI;A4;3.0 TDI;2021;Desmontada de vehículo;1 año;Bajo pedido 24-48h;4.065,30 € + IVA;https://desguacesmadridnorte.com/74269-pieza.html
74270;2894GV17F;Cerradura puerta delantera;KIA;Ceed;1.4 CRDi;2017;Desmontada de vehículo;1 año;En stock;41,92 € + IVA;https://desguacesmadridnorte.com/74270-pieza.html
74271;5267YG88A;Cuadro de instrumentos;PEUGEOT;208;1.6 HDi;2007;Sin comprobar;1 año;Bajo pedido 24-48h;48,19 € + IVA;https://desguacesmadridnorte.com/74271-pieza.html
74274;5119YD18D;Piloto trasero izquierdo;BMW;Serie 3;330i;2011;Comprobada, funcionando;1 año;Bajo pedido 24-48h;54,64 € + IVA;https://desguacesmadridnorte.com/74274-pieza.html
74276;3683XL78E;Cerradura puerta delantera;AUDI;Q3;2.0 TDI;2020;Desmontada de vehículo;1 año;En stock;59,46 € + IVA;https://desguacesmadridnorte.com/74276-pieza.html
74277;9384QB53C;Faro delantero izquierdo;VOLKSWAGEN;Passat;2.0 TDI;2020;Comprobada, funcionando;1 año;En stock;186,99 € + IVA;https://desguacesmadridnorte.com/74277-pieza.html
74280;5361RE81C;Colector de admisión;HYUNDAI;i30;1.6 CRDi;2011;Comprobada, funcionando;1 año;En stock;126,98 € + IVA;https://desguacesmadridnorte.com/74280-pieza.html
74283;2252HY90B;Retrovisor izquierdo;RENAULT;Captur;0.9 TCe;2018;Comprobada, funcionando;1 año;En stock;152,70 € + IVA;https://desguacesmadridnorte.com/74283-pieza.html
74285;2937ZK16C;Cuadro de instrumentos;MERCEDES-BENZ;CLA;200 CDI;2015;Desmontada de vehículo;1 año;En stock;339,09 € + IVA;https://desguacesmadridnorte.com/74285-pieza.html
74288;1527HL46C;Faro delantero izquierdo;AUDI;A3;1.4 TFSI;2019;Sin comprobar;1 año;En stock;98,63 € + IVA;https://desguacesmadridnorte.com/74288-pieza.html
74289;8883WE60C;Cremallera de dirección;CITROEN;C3;1.2 PureTech;2019;Desmontada de vehículo;1 año;Bajo pedido 24-48h;263,72 € + IVA;https://desguacesmadridnorte.com/74289-pieza.html
74291;8596XZ67C;Faro delantero derecho;KIA;Sportage;2.0 CRDi;2009;Desmontada de vehículo;1 año;Bajo pedido 24-48h;84,73 € + IVA;https://desguacesmadridnorte.com/74291-pieza.html
74293;9435CW48D;Parachoques delantero;NISSAN;Qashqai;1.6 dCi;2011;Comprobada, funcionando;1 año;Bajo pedido 24-48h;231,04 € + IVA;https://desguacesmadridnorte.com/74293-pieza.html
74295;1483HQ85B;Puerta delantera derecha;TOYOTA;Camry;2.5 Hybrid;2012;Comprobada, funcionando;1 año;Bajo pedido 24-48h;199,57 € + IVA;https://desguacesmadridnorte.com/74295-pieza.html
74296;9169LB63F;Aleta delantera izquierda;HYUNDAI;Tucson;2.0 CRDi;2008;Comprobada, funcionando;1 año;En stock;83,27 € + IVA;https://desguacesmadridnorte.com/74296-pieza.html
74298;1118FW69A;Caja de cambios;VOLKSWAGEN;Polo;1.4 TDI;2013;Comprobada, funcionando;1 año;En stock;291,66 € + IVA;https://desguacesmadridnorte.com/74298-pieza.html
74299;4790AW20D;Compresor aire acondicionado;OPEL;Astra;1.7 CDTI;2005;Comprobada, funcionando;1 año;En stock;141,22 € + IVA;https://desguacesmadridnorte.com/74299-pieza.html
74300;4259JS52B;Alternador;TOYOTA;Camry;2.5 Hybrid;2011;Comprobada, funcionando;1 año;Bajo pedido 24-48h;190,35 € + IVA;https://desguacesmadridnorte.com/74300-pieza.html
74303;7217EK29A;Catalizador;MERCEDES-BENZ;Clase E Coupé;220 CDI;2015;Comprobada, funcionando;1 año;En stock;296,21 € + IVA;https://desguacesmadridnorte.com/74303-pieza.html
74306;4904QT67D;Puerta delantera derecha;VOLKSWAGEN;Golf;2.0 TDI;2008;Comprobada, funcionando;1 año;En stock;247,03 € + IVA;https://desguacesmadridnorte.com/74306-pieza.html
74308;6592YV73A;Colector de admisión;TOYOTA;Camry;2.5 Hybrid;2020;Comprobada, funcionando;1 año;Bajo pedido 24-48h;83,32 € + IVA;https://desguacesmadridnorte.com/74308-pieza.html
74309;1453YE92D;Motor de arranque;OPEL;Astra;1.7 CDTI;2012;Desmontada de vehículo;1 año;Bajo pedido 24-48h;56,16 € + IVA;https://desguacesmadridnorte.com/74309-pieza.html
74311;6217MN89D;Motor de arranque;BMW;Serie 3;320d;2020;Comprobada, funcionando;1 año;Bajo pedido 24-48h;196,72 € + IVA;https://desguacesmadridnorte.com/74311-pieza.html
74312;5295WZ38E;Cinturón de seguridad;SKODA;Fabia;1.4 TDI;2009;Comprobada, funcionando;1 año;En stock;43,46 € + IVA;https://desguacesmadridnorte.com/74312-pieza.html
74315;3196KS53C;Puerta trasera izquierda;PEUGEOT;208;1.4 HDi;2021;Comprobada, funcionando;1 año;En stock;199,33 € + IVA;https://desguacesmadridnorte.com/74315-pieza.html
74317;7047LF57F;Motor de arranque;MERCEDES-BENZ;Clase E Coupé;220 CDI;2014;Comprobada, funcionando;1 año;En stock;171,99 € + IVA;https://desguacesmadridnorte.com/74317-pieza.html
74318;1437FZ86D;Parachoques trasero;HYUNDAI;Tucson;1.7 CRDi;2018;Desmontada de vehículo;1 año;En stock;274,22 € + IVA;https://desguacesmadridnorte.com/74318-pieza.html
74320;2181PB16E;Amortiguador delantero;KIA;Sportage;2.0 CRDi;2020;Comprobada, funcionando;1 año;Bajo pedido 24-48h;46,18 € + IVA;https://desguacesmadridnorte.com/74320-pieza.html
74321;5510VA81A;Caja de cambios;MERCEDES-BENZ;CLA;200 CDI;2020;Comprobada, funcionando;1 año;Bajo pedido 24-48h;732,47 € + IVA;https://desguacesmadridnorte.com/74321-pieza.html
74323;8490QA44C;Motor completo;CITROEN;C3;1.2 PureTech;2013;Comprobada, funcionando;1 año;Bajo pedido 24-48h;746,10 € + IVA;https://desguacesmadridnorte.com/74323-pieza.html
74324;8557SZ42A;Capó;MERCEDES-BENZ;CLA;200 CDI;2010;Comprobada, funcionando;1 año;En stock;306,43 € + IVA;https://desguacesmadridnorte.com/74324-pieza.html
74325;6691ZD12C;Compresor aire acondicionado;BMW;X1;18d;2019;Desmontada de vehículo;1 año;En stock;186,25 € + IVA;https://desguacesmadridnorte.com/74325-pieza.html
74326;5305YC61C;Airbag volante;HYUNDAI;i30;1.6 CRDi;2011;Comprobada, funcionando;1 año;En stock;228,49 € + IVA;https://desguacesmadridnorte.com/74326-pieza.html
74329;6977DT49A;Retrovisor izquierdo;HYUNDAI;Tucson;2.0 CRDi;2005;Comprobada, funcionando;1 año;Bajo pedido 24-48h;62,62 € + IVA;https://desguacesmadridnorte.com/74329-pieza.html
74330;3609DE50C;Paso de rueda trasero izquierdo;AUDI;A3;1.6 TDI;2008;Comprobada, funcionando;1 año;En stock;40,93 € + IVA;https://desguacesmadridnorte.com/74330-pieza.html
74331;4989PQ79A;Puerta delantera derecha;BMW;Serie 3;318d;2010;Comprobada, funcionando;1 año;En stock;395,71 € + IVA;https://desguacesmadridnorte.com/74331-pieza.html
74334;2397JJ53D;Airbag volante;SKODA;Octavia;2.0 TDI;2021;Desmontada de vehículo;1 año;Bajo pedido 24-48h;268,77 € + IVA;https://desguacesmadridnorte.com/74334-pieza.html
74337;5891DB19B;Portón trasero;BMW;Serie 3;318d;2018;Comprobada, funcionando;1 año;En stock;675,64 € + IVA;https://desguacesmadridnorte.com/74337-pieza.html
74339;1410SP56E;Piloto trasero derecho;TOYOTA;Camry;2.5 Hybrid;2019;Desmontada de vehículo;1 año;Bajo pedido 24-48h;65,61 € + IVA;https://desguacesmadridnorte.com/74339-pieza.html
74341;2932RQ53E;Bomba de dirección;SKODA;Octavia;2.0 TDI;2020;Comprobada, funcionando;1 año;En stock;118,28 € + IVA;https://desguacesmadridnorte.com/74341-pieza.html
74342;7137LZ69C;Cuadro de instrumentos;SEAT;León;2.0 TDI;2014;Comprobada, funcionando;1 año;Bajo pedido 24-48h;141,56 € + IVA;https://desguacesmadridnorte.com/74342-pieza.html
74343;5123NK91F;Cuadro de instrumentos;SEAT;Ateca;2.0 TDI;2014;Comprobada, funcionando;1 año;En stock;171,73 € + IVA;https://desguacesmadridnorte.com/74343-pieza.html
74346;1948WG72E;Cinturón de seguridad;BMW;Serie 3;318d;2020;Desmontada de vehículo;1 año;En stock;123,16 € + IVA;https://desguacesmadridnorte.com/74346-pieza.html
74347;5430XV58C;Bomba de dirección;CITROEN;C3;1.2 PureTech;2006;Comprobada, funcionando;1 año;Bajo pedido 24-48h;63,22 € + IVA;https://desguacesmadridnorte.com/74347-pieza.html
74350;8807RW44F;Parachoques delantero;AUDI;Q3;1.4 TFSI;2013;Comprobada, funcionando;1 año;En stock;245,64 € + IVA;https://desguacesmadridnorte.com/74350-pieza.html
74352;2376KJ72A;Paso de rueda trasero izquierdo;NISSAN;Qashqai;1.6 dCi;2010;Sin comprobar;1 año;En stock;25,54 € + IVA;https://desguacesmadridnorte.com/74352-pieza.html
74355;3165SN20F;Amortiguador delantero;RENAULT;Captur;0.9 TCe;2011;Desmontada de vehículo;1 año;En stock;52,73 € + IVA;https://desguacesmadridnorte.com/74355-pieza.html
74358;4944LG72A;Portón trasero;KIA;Sportage;2.0 CRDi;2009;Desmontada de vehículo;1 año;Bajo pedido 24-48h;171,81 € + IVA;https://desguacesmadridnorte.com/74358-pieza.html
74359;7405HB87A;Retrovisor izquierdo;HYUNDAI;i30;1.4 CRDi;2016;Desmontada de vehículo;1 año;En stock;77,02 € + IVA;https://desguacesmadridnorte.com/74359-pieza.html
74361;1445TK47F;Piloto trasero derecho;OPEL;Corsa;1.3 CDTI;2020;Comprobada, funcionando;1 año;Bajo pedido 24-48h;62,42 € + IVA;https://desguacesmadridnorte.com/74361-pieza.html
74364;5035YF22E;Piloto trasero izquierdo;NISSAN;Juke;1.2 DIG-T;2018;Sin comprobar;1 año;En stock;63,97 € + IVA;https://desguacesmadridnorte.com/74364-pieza.html
74366;2303FN43B;Catalizador;BMW;X1;20d;2015;Desmontada de vehículo;1 año;En stock;600,68 € + IVA;https://desguacesmadridnorte.com/74366-pieza.html
74367;2580RT85A;Puerta trasera izquierda;KIA;Sportage;2.0 CRDi;2013;Comprobada, funcionando;1 año;Bajo pedido 24-48h;332,94 € + IVA;https://desguacesmadridnorte.com/74367-pieza.html
74368;3440SR38F;Compresor aire acondicionado;SEAT;Ibiza;1.2 TSI;2020;Comprobada, funcionando;1 año;En stock;152,35 € + IVA;https://desguacesmadridnorte.com/74368-pieza.html
74369;7552QD62C;Amortiguador delantero;NISSAN;Qashqai;1.5 dCi;2014;Comprobada, funcionando;1 año;Bajo pedido 24-48h;30,23 € + IVA;https://desguacesmadridnorte.com/74369-pieza.html
74372;2961NE59D;Centralita motor;AUDI;A4;2.0 TFSI;2009;Comprobada, funcionando;1 año;Bajo pedido 24-48h;558,50 € + IVA;https://desguacesmadridnorte.com/74372-pieza.html
74375;7980CY17A;Capó;OPEL;Astra;1.7 CDTI;2021;Desmontada de vehículo;1 año;Bajo pedido 24-48h;250,98 € + IVA;https://desguacesmadridnorte.com/74375-pieza.html
74378;2073XG34E;Aleta delantera izquierda;HYUNDAI;Tucson;1.7 CRDi;2015;Comprobada, funcionando;1 año;Bajo pedido 24-48h;151,35 € + IVA;https://desguacesmadridnorte.com/74378-pieza.html
74379;8209EP38D;Puerta delantera izquierda;OPEL;Astra;1.6 CDTI;2008;Comprobada, funcionando;1 año;Bajo pedido 24-48h;135,40 € + IVA;https://desguacesmadridnorte.com/74379-pieza.html
74382;6934FZ25B;Capó;CITROEN;C3;1.4 HDi;2021;Comprobada, funcionando;1 año;Bajo pedido 24-48h;87,73 € + IVA;https://desguacesmadridnorte.com/74382-pieza.html
74383;4948XD72D;Parachoques trasero;TOYOTA;Proace City;1.5 D-4D;2018;Comprobada, funcionando;1 año;Bajo pedido 24-48h;129,85 € + IVA;https://desguacesmadridnorte.com/74383-pieza.html
74384;6671GC20A;Faro delantero derecho;SEAT;León;2.0 TDI;2013;Comprobada, funcionando;1 año;En stock;43,84 € + IVA;https://desguacesmadridnorte.com/74384-pieza.html
74386;6429TE27C;Turbo;SKODA;Fabia;1.2 TSI;2014;Comprobada, funcionando;1 año;En stock;212,54 € + IVA;https://desguacesmadridnorte.com/74386-pieza.html
74389;3257WD99D;Cerradura puerta delantera;CITROEN;C3;1.2 PureTech;2005;Comprobada, funcionando;1 año;En stock;20,91 € + IVA;https://desguacesmadridnorte.com/74389-pieza.html
74391;3586KC21B;Capó;OPEL;Corsa;1.2 16v;2015;Comprobada, funcionando;1 año;Bajo pedido 24-48h;139,76 € + IVA;https://desguacesmadridnorte.com/74391-pieza.html
74393;2759QE17E;Bomba de dirección;PEUGEOT;308;1.6 HDi;2015;Comprobada, funcionando;1 año;En stock;129,32 € + IVA;https://desguacesmadridnorte.com/74393-pieza.html
74394;7225LR12D;Intercooler;OPEL;Astra;1.6 CDTI;2018;Comprobada, funcionando;1 año;En stock;170,56 € + IVA;https://desguacesmadridnorte.com/74394-pieza.html
74395;4011NA97F;Puerta delantera derecha;TOYOTA;Proace City;1.5 D-4D;2020;Comprobada, funcionando;1 año;En stock;404,14 € + IVA;https://desguacesmadridnorte.com/74395-pieza.html
74398;2690PJ59D;Puerta delantera derecha;CITROEN;C4;1.6 VTi;2013;Desmontada de vehículo;1 año;Bajo pedido 24-48h;92,71 € + IVA;https://desguacesmadridnorte.com/74398-pieza.html
74400;3861JW67B;Catalizador;PEUGEOT;208;1.4 HDi;2016;Desmontada de vehículo;1 año;En stock;183,91 € + IVA;https://desguacesmadridnorte.com/74400-pieza.html
74401;6914YV89A;Puerta delantera derecha;TOYOTA;Camry;2.5 Hybrid;2011;Comprobada, funcionando;1 año;Bajo pedido 24-48h;277,34 € + IVA;https://desguacesmadridnorte.com/74401-pieza.html
74403;8782PR90C;Motor de arranque;OPEL;Astra;1.7 CDTI;2020;Comprobada, funcionando;1 año;En stock;45,34 € + IVA;https://desguacesmadridnorte.com/74403-pieza.html
74404;8427CN41B;Colector de admisión;RENAULT;Clio;1.5 dCi;2010;Comprobada, funcionando;1 año;En stock;71,17 € + IVA;https://desguacesmadridnorte.com/74404-pieza.html
74405;9201HH47E;Parachoques trasero;KIA;Ceed;1.6 CRDi;2021;Desmontada de vehículo;1 año;En stock;285,76 € + IVA;https://desguacesmadridnorte.com/74405-pieza.html
74407;4786SB31B;Cuadro de instrumentos;CITROEN;C4;1.6 HDi;2012;Desmontada de vehículo;1 año;Bajo pedido 24-48h;87,70 € + IVA;https://desguacesmadridnorte.com/74407-pieza.html
74409;7267HV64F;Parachoques delantero;BMW;Serie 3;318d;2018;Comprobada, funcionando;1 año;En stock;164,26 € + IVA;https://desguacesmadridnorte.com/74409-pieza.html
74411;6832PN37F;Motor completo;VOLKSWAGEN;Passat;2.0 TDI;2012;Comprobada, funcionando;1 año;Bajo pedido 24-48h;1.520,24 € + IVA;https://desguacesmadridnorte.com/74411-pieza.html
74413;4207GN41E;Piloto trasero izquierdo;CITROEN;C3;1.2 PureTech;2021;Comprobada, funcionando;1 año;Bajo pedido 24-48h;75,93 € + IVA;https://desguacesmadridnorte.com/74413-pieza.html
74415;2994RL37B;Alternador;RENAULT;Captur;0.9 TCe;2018;Comprobada, funcionando;1 año;En stock;44,12 € + IVA;https://desguacesmadridnorte.com/74415-pieza.html
74418;2221LA92F;Piloto trasero derecho;SKODA;Fabia;1.2 TSI;2005;Desmontada de vehículo;1 año;En stock;27,96 € + IVA;https://desguacesmadridnorte.com/74418-pieza.html
74420;5319JX31F;Colector de admisión;MERCEDES-BENZ;CLA;180 CDI;2020;Comprobada, funcionando;1 año;En stock;83,42 € + IVA;https://desguacesmadridnorte.com/74420-pieza.html
74422;9275SH47C;Elevalunas delantero izquierdo;PEUGEOT;208;1.6 HDi;2005;Comprobada, funcionando;1 año;Bajo pedido 24-48h;65,14 € + IVA;https://desguacesmadridnorte.com/74422-pieza.html
74425;3616KZ53E;Radiador;TOYOTA;Proace City;1.5 D-4D;2014;Comprobada, funcionando;1 año;En stock;124,42 € + IVA;https://desguacesmadridnorte.com/74425-pieza.html
74428;6571EZ85F;Puerta delantera izquierda;PEUGEOT;3008;2.0 HDi;2020;Desmontada de vehículo;1 año;En stock;273,70 € + IVA;https://desguacesmadridnorte.com/74428-pieza.html
74429;5927HD41B;Piloto trasero izquierdo;OPEL;Corsa;1.3 CDTI;2018;Desmontada de vehículo;1 año;En stock;72,57 € + IVA;https://desguacesmadridnorte.com/74429-pieza.html
74430;9981LV27D;Cremallera de dirección;OPEL;Corsa;1.3 CDTI;2021;Sin comprobar;1 año;Bajo pedido 24-48h;224,68 € + IVA;https://desguacesmadridnorte.com/74430-pieza.html
74433;1080MT82F;Retrovisor derecho;MERCEDES-BENZ;CLA;180 CDI;2017;Desmontada de vehículo;1 año;Bajo pedido 24-48h;229,78 € + IVA;https://desguacesmadridnorte.com/74433-pieza.html
74436;3543QQ52F;Colector de admisión;BMW;Serie 1;116d;2021;Comprobada, funcionando;1 año;Bajo pedido 24-48h;150,42 € + IVA;https://desguacesmadridnorte.com/74436-pieza.html
74437;8529FA37C;Cárter;SKODA;Octavia;2.0 TDI;2016;Comprobada, funcionando;1 año;Bajo pedido 24-48h;58,40 € + IVA;https://desguacesmadridnorte.com/74437-pieza.html
74439;9837PL93B;Cinturón de seguridad;CITROEN;C3;1.2 PureTech;2016;Comprobada, funcionando;1 año;Bajo pedido 24-48h;32,37 € + IVA;https://desguacesmadridnorte.com/74439-pieza.html
74441;1152WC28B;Cerradura puerta delantera;HYUNDAI;i30;1.4 CRDi;2006;Comprobada, funcionando;1 año;En stock;20,89 € + IVA;https://desguacesmadridnorte.com/74441-pieza.html
74444;8684TP83A;Cuadro de instrumentos;NISSAN;Qashqai;1.5 dCi;2011;Desmontada de vehículo;1 año;Bajo pedido 24-48h;225,21 € + IVA;https://desguacesmadridnorte.com/74444-pieza.html
74447;9684QV77D;Puerta trasera izquierda;AUDI;Q3;1.4 TFSI;2020;Sin comprobar;1 año;Bajo pedido 24-48h;210,69 € + IVA;https://desguacesmadridnorte.com/74447-pieza.html
74450;5243TJ94B;Parachoques trasero;PEUGEOT;308;2.0 HDi;2021;Desmontada de vehículo;1 año;En stock;110,35 € + IVA;https://desguacesmadridnorte.com/74450-pieza.html
74451;5813YT15C;Turbo;VOLKSWAGEN;Golf;2.0 TDI;2012;Comprobada, funcionando;1 año;Bajo pedido 24-48h;488,89 € + IVA;https://desguacesmadridnorte.com/74451-pieza.html
74452;7934RV35B;Aleta delantera izquierda;TOYOTA;Proace City;1.5 D-4D;2016;Comprobada, funcionando;1 año;Bajo pedido 24-48h;89,87 € + IVA;https://desguacesmadridnorte.com/74452-pieza.html
74455;5227XD87C;Compresor aire acondicionado;PEUGEOT;308;1.6 HDi;2020;Comprobada, funcionando;1 año;En stock;207,82 € + IVA;https://desguacesmadridnorte.com/74455-pieza.html
74456;7600EA14B;Cremallera de dirección;RENAULT;Megane;1.5 dCi;2013;Comprobada, funcionando;1 año;En stock;215,38 € + IVA;https://desguacesmadridnorte.com/74456-pieza.html
74459;5884MY20A;Parachoques delantero;SEAT;León;1.6 TDI;2015;Desmontada de vehículo;1 año;En stock;195,56 € + IVA;https://desguacesmadridnorte.com/74459-pieza.html
74460;1574HQ75B;Puerta delantera derecha;KIA;Ceed;1.4 CRDi;2006;Comprobada, funcionando;1 año;En stock;263,64 € + IVA;https://desguacesmadridnorte.com/74460-pieza.html
74463;3432LY85E;Capó;FORD;Fusion;1.4 TDCi;2016;Comprobada, funcionando;1 año;Bajo pedido 24-48h;202,65 € + IVA;https://desguacesmadridnorte.com/74463-pieza.html
74464;4854TL88D;Alternador;PEUGEOT;3008;2.0 HDi;2013;Desmontada de vehículo;1 año;En stock;147,31 € + IVA;https://desguacesmadridnorte.com/74464-pieza.html
74466;1669GK52D;Elevalunas delantero izquierdo;FORD;Fiesta;1.5 TDCi;2021;Desmontada de vehículo;1 año;En stock;75,50 € + IVA;https://desguacesmadridnorte.com/74466-pieza.html
74469;6236DP12F;Radiador;BMW;Serie 1;118d;2017;Comprobada, funcionando;1 año;Bajo pedido 24-48h;105,83 € + IVA;https://desguacesmadridnorte.com/74469-pieza.html
74472;2014GN49D;Elevalunas delantero izquierdo;OPEL;Astra;1.7 CDTI;2014;Comprobada, funcionando;1 año;En stock;27,86 € + IVA;https://desguacesmadridnorte.com/74472-pieza.html
74475;9011MJ75B;Retrovisor derecho;NISSAN;Juke;1.5 dCi;2013;Comprobada, funcionando;1 año;En stock;124,43 € + IVA;https://desguacesmadridnorte.com/74475-pieza.html
74478;6745RD67B;Airbag volante;KIA;Ceed;1.4 CRDi;2005;Sin comprobar;1 año;En stock;128,28 € + IVA;https://desguacesmadridnorte.com/74478-pieza.html
74481;2433BH63B;Capó;NISSAN;Qashqai;1.5 dCi;2019;Comprobada, funcionando;1 año;En stock;148,78 € + IVA;https://desguacesmadridnorte.com/74481-pieza.html
74484;2812DH33F;Piloto trasero izquierdo;SKODA;Octavia;2.0 TDI;2016;Comprobada, funcionando;1 año;En stock;28,86 € + IVA;https://desguacesmadridnorte.com/74484-pieza.html
74485;1741AZ20D;Compresor aire acondicionado;OPEL;Corsa;1.3 CDTI;2012;Sin comprobar;1 año;Bajo pedido 24-48h;188,28 € + IVA;https://desguacesmadridnorte.com/74485-pieza.html
74488;8846TM97C;Parachoques delantero;PEUGEOT;208;1.4 HDi;2007;Comprobada, funcionando;1 año;En stock;135,12 € + IVA;https://desguacesmadridnorte.com/74488-pieza.html
74490;9715VL72C;Puerta delantera izquierda;VOLKSWAGEN;Passat;2.0 TDI;2015;Comprobada, funcionando;1 año;En stock;163,52 € + IVA;https://desguacesmadridnorte.com/74490-pieza.html
74492;2007CB10F;Caja de cambios;KIA;Ceed;1.4 CRDi;2013;Comprobada, funcionando;1 año;En stock;400,01 € + IVA;https://desguacesmadridnorte.com/74492-pieza.html
74495;4483AL87A;Catalizador;TOYOTA;Proace City;1.5 D-4D;2010;Comprobada, funcionando;1 año;En stock;177,16 € + IVA;https://desguacesmadridnorte.com/74495-pieza.html
74498;2349GV28A;Cerradura puerta delantera;AUDI;Q3;1.4 TFSI;2011;Desmontada de vehículo;1 año;En stock;67,47 € + IVA;https://desguacesmadridnorte.com/74498-pieza.html
74501;8683WA49C;Motor de arranque;BMW;X1;18d;2013;Desmontada de vehículo;1 año;Bajo pedido 24-48h;96,46 € + IVA;https://desguacesmadridnorte.com/74501-pieza.html
74502;5619RD12E;Piloto trasero izquierdo;VOLKSWAGEN;Passat;1.6 TDI;2013;Comprobada, funcionando;1 año;En stock;56,06 € + IVA;https://desguacesmadridnorte.com/74502-pieza.html
74504;8807MR44C;Bomba de agua;AUDI;Q3;1.4 TFSI;2015;Comprobada, funcionando;1 año;En stock;111,87 € + IVA;https://desguacesmadridnorte.com/74504-pieza.html
74507;2988DD52E;Puerta trasera izquierda;SKODA;Fabia;1.4 TDI;2010;Comprobada, funcionando;1 año;En stock;118,82 € + IVA;https://desguacesmadridnorte.com/74507-pieza.html
74510;8753JH87D;Compresor aire acondicionado;PEUGEOT;208;1.4 HDi;2011;Desmontada de vehículo;1 año;En stock;122,53 € + IVA;https://desguacesmadridnorte.com/74510-pieza.html
74511;2989RF28C;Centralita motor;VOLKSWAGEN;Polo;1.2 TSI;2016;Desmontada de vehículo;1 año;En stock;246,70 € + IVA;https://desguacesmadridnorte.com/74511-pieza.html
74514;9987VN88E;Piloto trasero derecho;KIA;Ceed;1.4 CRDi;2007;Comprobada, funcionando;1 año;En stock;46,94 € + IVA;https://desguacesmadridnorte.com/74514-pieza.html
74516;7071BG70D;Turbo;AUDI;A4;3.0 TDI;2013;Comprobada, funcionando;1 año;Bajo pedido 24-48h;622,23 € + IVA;https://desguacesmadridnorte.com/74516-pieza.html
74517;2841TF62C;Elevalunas delantero izquierdo;SKODA;Octavia;1.6 TDI;2007;Comprobada, funcionando;1 año;En stock;67,97 € + IVA;https://desguacesmadridnorte.com/74517-pieza.html
74518;8787FN62B;Retrovisor izquierdo;BMW;Serie 1;116d;2021;Comprobada, funcionando;1 año;Bajo pedido 24-48h;133,53 € + IVA;https://desguacesmadridnorte.com/74518-pieza.html
74520;5284SW74C;Paso de rueda trasero izquierdo;OPEL;Corsa;1.3 CDTI;2020;Comprobada, funcionando;1 año;En stock;59,72 € + IVA;https://desguacesmadridnorte.com/74520-pieza.html
74522;1115DJ62B;Bomba de dirección;TOYOTA;Corolla;1.8 Hybrid;2017;Comprobada, funcionando;1 año;Bajo pedido 24-48h;57,11 € + IVA;https://desguacesmadridnorte.com/74522-pieza.html
74524;9784XP59E;Retrovisor derecho;AUDI;A4;2.0 TFSI;2013;Comprobada, funcionando;1 año;Bajo pedido 24-48h;208,80 € + IVA;https://desguacesmadridnorte.com/74524-pieza.html
74527;9363ZZ63E;Radiador;BMW;X1;20d;2009;Comprobada, funcionando;1 año;En stock;148,13 € + IVA;https://desguacesmadridnorte.com/74527-pieza.html
74529;1091ZT60B;Alternador;PEUGEOT;208;1.4 HDi;2019;Comprobada, funcionando;1 año;Bajo pedido 24-48h;133,98 € + IVA;https://desguacesmadridnorte.com/74529-pieza.html
74531;2151QN16E;Parachoques trasero;SKODA;Octavia;1.6 TDI;2020;Comprobada, funcionando;1 año;Bajo pedido 24-48h;129,82 € + IVA;https://desguacesmadridnorte.com/74531-pieza.html
74532;1829FW79B;Centralita motor;PEUGEOT;208;1.6 HDi;2021;Desmontada de vehículo;1 año;En stock;359,49 € + IVA;https://desguacesmadridnorte.com/74532-pieza.html
74533;9670YR21D;Faro delantero derecho;KIA;Sportage;2.0 CRDi;2010;Comprobada, funcionando;1 año;En stock;75,29 € + IVA;https://desguacesmadridnorte.com/74533-pieza.html
74536;2556QY77C;Puerta delantera izquierda;TOYOTA;Proace City;1.5 D-4D;2018;Desmontada de vehículo;1 año;Bajo pedido 24-48h;395,39 € + IVA;https://desguacesmadridnorte.com/74536-pieza.html
74539;4381HB54E;Cinturón de seguridad;TOYOTA;Camry;2.5 Hybrid;2015;Comprobada, funcionando;1 año;Bajo pedido 24-48h;36,49 € + IVA;https://desguacesmadridnorte.com/74539-pieza.html
74542;2662FE20E;Intercooler;KIA;Ceed;1.6 CRDi;2009;Desmontada de vehículo;1 año;En stock;71,57 € + IVA;https://desguacesmadridnorte.com/74542-pieza.html
74545;6604HH84B;Caja de cambios;SEAT;León;1.6 TDI;2018;Comprobada, funcionando;1 año;Bajo pedido 24-48h;871,54 € + IVA;https://desguacesmadridnorte.com/74545-pieza.html
74547;9373DN22E;Cárter;NISSAN;Qashqai;1.6 dCi;2010;Comprobada, funcionando;1 año;Bajo pedido 24-48h;98,33 € + IVA;https://desguacesmadridnorte.com/74547-pieza.html
74550;5277LV38D;Radiador;SEAT;León;2.0 TDI;2005;Comprobada, funcionando;1 año;En stock;80,74 € + IVA;https://desguacesmadridnorte.com/74550-pieza.html
74552;3815ZH61B;Capó;PEUGEOT;3008;1.6 HDi;2014;Desmontada de vehículo;1 año;En stock;157,80 € + IVA;https://desguacesmadridnorte.com/74552-pieza.html
74555;3691XJ43F;Aleta delantera izquierda;CITROEN;C3;1.4 HDi;2011;Comprobada, funcionando;1 año;En stock;82,79 € + IVA;https://desguacesmadridnorte.com/74555-pieza.html
74558;5524CW22E;Centralita motor;RENAULT;Captur;0.9 TCe;2019;Comprobada, funcionando;1 año;En stock;176,06 € + IVA;https://desguacesmadridnorte.com/74558-pieza.html
74561;9367DX14A;Amortiguador delantero;VOLKSWAGEN;Polo;1.4 TDI;2010;Desmontada de vehículo;1 año;En stock;39,70 € + IVA;https://desguacesmadridnorte.com/74561-pieza.html
74563;6024BN57C;Aleta delantera izquierda;VOLKSWAGEN;Golf;1.4 TSI;2016;Desmontada de vehículo;1 año;En stock;133,21 € + IVA;https://desguacesmadridnorte.com/74563-pieza.html
74564;1471GZ78F;Cerradura puerta delantera;MERCEDES-BENZ;Clase A;180 CDI;2007;Desmontada de vehículo;1 año;En stock;67,06 € + IVA;https://desguacesmadridnorte.com/74564-pieza.html
74566;8554XR43F;Bomba de dirección;MERCEDES-BENZ;Clase E Coupé;250 CDI;2010;Comprobada, funcionando;1 año;En stock;199,62 € + IVA;https://desguacesmadridnorte.com/74566-pieza.html
74569;9027LT97C;Portón trasero;OPEL;Astra;1.7 CDTI;2021;Comprobada, funcionando;1 año;Bajo pedido 24-48h;198,32 € + IVA;https://desguacesmadridnorte.com/74569-pieza.html
74572;5434PC53B;Cerradura puerta delantera;TOYOTA;Proace City;1.5 D-4D;2019;Desmontada de vehículo;1 año;Bajo pedido 24-48h;31,96 € + IVA;https://desguacesmadridnorte.com/74572-pieza.html
74573;4620EE38A;Motor completo;SKODA;Octavia;2.0 TDI;2007;Comprobada, funcionando;1 año;En stock;642,69 € + IVA;https://desguacesmadridnorte.com/74573-pieza.html
74574;2124AB19B;Caja de cambios;HYUNDAI;i30;1.6 CRDi;2016;Desmontada de vehículo;1 año;En stock;762,58 € + IVA;https://desguacesmadridnorte.com/74574-pieza.html
74576;1323AT54F;Elevalunas delantero izquierdo;KIA;Sportage;1.7 CRDi;2009;Comprobada, funcionando;1 año;Bajo pedido 24-48h;36,15 € + IVA;https://desguacesmadridnorte.com/74576-pieza.html
74578;6299TN68E;Puerta trasera izquierda;FORD;Focus;1.6 TDCi;2010;Comprobada, funcionando;1 año;En stock;80,66 € + IVA;https://desguacesmadridnorte.com/74578-pieza.html
74581;3307PL84D;Bomba de agua;PEUGEOT;208;1.4 HDi;2005;Sin comprobar;1 año;En stock;52,31 € + IVA;https://desguacesmadridnorte.com/74581-pieza.html
74582;8722EF43D;Bomba de dirección;OPEL;Corsa;1.2 16v;2008;Sin comprobar;1 año;Bajo pedido 24-48h;45,71 € + IVA;https://desguacesmadridnorte.com/74582-pieza.html
74585;1304SL16D;Módulo electrónico;SEAT;Ibiza;1.9 TDI;2007;Sin comprobar;1 año;Bajo pedido 24-48h;125,03 € + IVA;https://desguacesmadridnorte.com/74585-pieza.html
74588;1100LE89C;Motor completo;AUDI;A3;1.4 TFSI;2007;Comprobada, funcionando;1 año;En stock;1.187,69 € + IVA;https://desguacesmadridnorte.com/74588-pieza.html
74589;2678YK14F;Faro delantero derecho;TOYOTA;Corolla;1.8 Hybrid;2006;Comprobada, funcionando;1 año;En stock;168,39 € + IVA;https://desguacesmadridnorte.com/74589-pieza.html
74591;4847DV97B;Aleta delantera izquierda;SKODA;Fabia;1.2 TSI;2011;Comprobada, funcionando;1 año;En stock;89,71 € + IVA;https://desguacesmadridnorte.com/74591-pieza.html
74594;2907MS57E;Puerta delantera derecha;VOLKSWAGEN;Polo;1.4 TDI;2018;Comprobada, funcionando;1 año;En stock;326,19 € + IVA;https://desguacesmadridnorte.com/74594-pieza.html
74597;6048NW91E;Amortiguador delantero;NISSAN;Qashqai;1.5 dCi;2018;Comprobada, funcionando;1 año;En stock;75,10 € + IVA;https://desguacesmadridnorte.com/74597-pieza.html
74599;7782GS53D;Cárter;BMW;Serie 3;320d;2017;Comprobada, funcionando;1 año;En stock;105,69 € + IVA;https://desguacesmadridnorte.com/74599-pieza.html
74601;9701GD12C;Cremallera de dirección;VOLKSWAGEN;Passat;1.6 TDI;2021;Comprobada, funcionando;1 año;En stock;167,27 € + IVA;https://desguacesmadridnorte.com/74601-pieza.html
74602;3026AC40D;Motor completo;MERCEDES-BENZ;CLA;180 CDI;2015;Comprobada, funcionando;1 año;Bajo pedido 24-48h;1.028,29 € + IVA;https://desguacesmadridnorte.com/74602-pieza.html
74603;3133PV66C;Bomba de agua;VOLKSWAGEN;Passat;1.6 TDI;2016;Desmontada de vehículo;1 año;Bajo pedido 24-48h;52,13 € + IVA;https://desguacesmadridnorte.com/74603-pieza.html
74606;1612VY77E;Puerta trasera izquierda;AUDI;A3;1.6 TDI;2010;Desmontada de vehículo;1 año;Bajo pedido 24-48h;149,04 € + IVA;https://desguacesmadridnorte.com/74606-pieza.html
74608;2079RY82F;Módulo electrónico;HYUNDAI;Tucson;2.0 CRDi;2015;Desmontada de vehículo;1 año;Bajo pedido 24-48h;151,73 € + IVA;https://desguacesmadridnorte.com/74608-pieza.html
74609;7944QQ95E;Amortiguador delantero;PEUGEOT;208;1.6 HDi;2015;Desmontada de vehículo;1 año;En stock;24,42 € + IVA;https://desguacesmadridnorte.com/74609-pieza.html
74610;4694ZK20C;Elevalunas delantero izquierdo;TOYOTA;Proace City;1.5 D-4D;2016;Comprobada, funcionando;1 año;En stock;57,30 € + IVA;https://desguacesmadridnorte.com/74610-pieza.html
74612;9505LF96E;Retrovisor izquierdo;SEAT;León;2.0 TDI;2016;Sin comprobar;1 año;Bajo pedido 24-48h;31,83 € + IVA;https://desguacesmadridnorte.com/74612-pieza.html
74614;7102FV98E;Bomba de agua;SEAT;Ateca;2.0 TDI;2013;Comprobada, funcionando;1 año;En stock;40,93 € + IVA;https://desguacesmadridnorte.com/74614-pieza.html
74615;9132EF63F;Motor de arranque;HYUNDAI;Tucson;2.0 CRDi;2010;Desmontada de vehículo;1 año;Bajo pedido 24-48h;114,50 € + IVA;https://desguacesmadridnorte.com/74615-pieza.html
74618;9907DJ84A;Piloto trasero derecho;SKODA;Octavia;2.0 TDI;2020;Comprobada, funcionando;1 año;En stock;54,46 € + IVA;https://desguacesmadridnorte.com/74618-pieza.html
74621;2685HM36A;Compresor aire acondicionado;PEUGEOT;3008;1.6 HDi;2017;Comprobada, funcionando;1 año;En stock;147,46 € + IVA;https://desguacesmadridnorte.com/74621-pieza.html
74622;8538AT75E;Cerradura puerta delantera;SEAT;León;1.6 TDI;2016;Comprobada, funcionando;1 año;En stock;41,35 € + IVA;https://desguacesmadridnorte.com/74622-pieza.html
74623;1727HF98B;Bomba de dirección;RENAULT;Megane;1.6 dCi;2005;Sin comprobar;1 año;En stock;73,73 € + IVA;https://desguacesmadridnorte.com/74623-pieza.html
74624;8233BP19F;Retrovisor izquierdo;PEUGEOT;208;1.6 HDi;2019;Comprobada, funcionando;1 año;Bajo pedido 24-48h;132,26 € + IVA;https://desguacesmadridnorte.com/74624-pieza.html
74627;8029AV52F;Centralita motor;AUDI;A4;2.0 TFSI;2010;Comprobada, funcionando;1 año;En stock;468,29 € + IVA;https://desguacesmadridnorte.com/74627-pieza.html
74630;2077NS65B;Bomba de agua;KIA;Ceed;1.4 CRDi;2019;Comprobada, funcionando;1 año;Bajo pedido 24-48h;62,33 € + IVA;https://desguacesmadridnorte.com/74630-pieza.html
74632;4498NK42D;Parachoques delantero;HYUNDAI;i30;1.4 CRDi;2013;Desmontada de vehículo;1 año;Bajo pedido 24-48h;172,93 € + IVA;https://desguacesmadridnorte.com/74632-pieza.html
74633;5746DX82E;Cuadro de instrumentos;OPEL;Astra;1.6 CDTI;2017;Desmontada de vehículo;1 año;Bajo pedido 24-48h;81,58 € + IVA;https://desguacesmadridnorte.com/74633-pieza.html
74635;7460YM73A;Alternador;SEAT;Ateca;2.0 TDI;2014;Comprobada, funcionando;1 año;Bajo pedido 24-48h;115,16 € + IVA;https://desguacesmadridnorte.com/74635-pieza.html
74636;5866QW32E;Cárter;NISSAN;Juke;1.2 DIG-T;2016;Comprobada, funcionando;1 año;Bajo pedido 24-48h;42,89 € + IVA;https://desguacesmadridnorte.com/74636-pieza.html
74638;1189WG62D;Motor completo;BMW;Serie 1;120i;2005;Sin comprobar;1 año;En stock;1.934,26 € + IVA;https://desguacesmadridnorte.com/74638-pieza.html
74639;6392XE44E;Amortiguador delantero;SKODA;Octavia;2.0 TDI;2009;Comprobada, funcionando;1 año;Bajo pedido 24-48h;54,78 € + IVA;https://desguacesmadridnorte.com/74639-pieza.html
74641;8080YB47F;Bomba de dirección;RENAULT;Megane;1.6 dCi;2016;Comprobada, funcionando;1 año;En stock;87,44 € + IVA;https://desguacesmadridnorte.com/74641-pieza.html
74642;8393WV40A;Motor de arranque;OPEL;Corsa;1.3 CDTI;2012;Comprobada, funcionando;1 año;En stock;29,09 € + IVA;https://desguacesmadridnorte.com/74642-pieza.html
74644;1889SC99D;Compresor aire acondicionado;KIA;Sportage;2.0 CRDi;2020;Comprobada, funcionando;1 año;En stock;268,46 € + IVA;https://desguacesmadridnorte.com/74644-pieza.html
74646;1092BX64A;Intercooler;CITROEN;C4;1.6 VTi;2009;Comprobada, funcionando;1 año;En stock;86,83 € + IVA;https://desguacesmadridnorte.com/74646-pieza.html
74648;9017SQ92E;Faro delantero derecho;VOLKSWAGEN;Passat;2.0 TDI;2011;Comprobada, funcionando;1 año;Bajo pedido 24-48h;71,43 € + IVA;https://desguacesmadridnorte.com/74648-pieza.html
74649;8885VE91A;Puerta trasera izquierda;OPEL;Astra;1.6 CDTI;2014;Comprobada, funcionando;1 año;En stock;234,32 € + IVA;https://desguacesmadridnorte.com/74649-pieza.html
74650;1183DD66F;Amortiguador delantero;OPEL;Corsa;1.2 16v;2017;Comprobada, funcionando;1 año;En stock;59,87 € + IVA;https://desguacesmadridnorte.com/74650-pieza.html
74652;2645MP96B;Caja de cambios;OPEL;Astra;1.6 CDTI;2012;Comprobada, funcionando;1 año;Bajo pedido 24-48h;337,08 € + IVA;https://desguacesmadridnorte.com/74652-pieza.html
74653;6770BD63C;Motor completo;CITROEN;C4;1.6 VTi;2011;Desmontada de vehículo;1 año;Bajo pedido 24-48h;1.003,94 € + IVA;https://desguacesmadridnorte.com/74653-pieza.html
74654;8480VE85B;Elevalunas delantero izquierdo;SKODA;Fabia;1.2 TSI;2018;Desmontada de vehículo;1 año;Bajo pedido 24-48h;88,57 € + IVA;https://desguacesmadridnorte.com/74654-pieza.html
74655;3161QY56F;Piloto trasero derecho;BMW;Serie 3;330i;2012;Sin comprobar;1 año;En stock;76,79 € + IVA;https://desguacesmadridnorte.com/74655-pieza.html
74656;9679TD42A;Alternador;MERCEDES-BENZ;Clase E Coupé;220 CDI;2013;Comprobada, funcionando;1 año;En stock;261,48 € + IVA;https://desguacesmadridnorte.com/74656-pieza.html
74659;8325QA47F;Compresor aire acondicionado;FORD;Focus;1.6 TDCi;2009;Comprobada, funcionando;1 año;Bajo pedido 24-48h;74,77 € + IVA;https://desguacesmadridnorte.com/74659-pieza.html
74661;5614CB71E;Faro delantero izquierdo;VOLKSWAGEN;Passat;1.6 TDI;2013;Comprobada, funcionando;1 año;En stock;117,50 € + IVA;https://desguacesmadridnorte.com/74661-pieza.html
74664;5087BG41C;Paso de rueda trasero izquierdo;SKODA;Fabia;1.4 TDI;2020;Sin comprobar;1 año;En stock;31,97 € + IVA;https://desguacesmadridnorte.com/74664-pieza.html
74666;6875ZH79C;Faro delantero derecho;FORD;Fiesta;1.5 TDCi;2011;Desmontada de vehículo;1 año;En stock;193,76 € + IVA;https://desguacesmadridnorte.com/74666-pieza.html
74668;2233FT44A;Motor de arranque;FORD;Focus;2.0 TDCi;2009;Comprobada, funcionando;1 año;Bajo pedido 24-48h;36,60 € + IVA;https://desguacesmadridnorte.com/74668-pieza.html
74669;8023XP46F;Faro delantero izquierdo;VOLKSWAGEN;Polo;1.2 TSI;2005;Desmontada de vehículo;1 año;En stock;129,68 € + IVA;https://desguacesmadridnorte.com/74669-pieza.html
74672;8795VS45B;Cerradura puerta delantera;FORD;Fusion;1.4 TDCi;2009;Sin comprobar;1 año;En stock;36,60 € + IVA;https://desguacesmadridnorte.com/74672-pieza.html
74673;7999TL29E;Cinturón de seguridad;NISSAN;Juke;1.2 DIG-T;2015;Desmontada de vehículo;1 año;Bajo pedido 24-48h;66,70 € + IVA;https://desguacesmadridnorte.com/74673-pieza.html
74674;3673GB41A;Paso de rueda trasero izquierdo;BMW;Serie 1;120i;2008;Desmontada de vehículo;1 año;En stock;54,39 € + IVA;https://desguacesmadridnorte.com/74674-pieza.html
74675;4359ZG95B;Paso de rueda trasero izquierdo;TOYOTA;Camry;2.5 Hybrid;2017;Comprobada, funcionando;1 año;En stock;25,02 € + IVA;https://desguacesmadridnorte.com/74675-pieza.html
74676;2729YC88D;Compresor aire acondicionado;TOYOTA;Camry;2.5 Hybrid;2018;Comprobada, funcionando;1 año;Bajo pedido 24-48h;141,05 € + IVA;https://desguacesmadridnorte.com/74676-pieza.html
74678;9708WF35A;Cuadro de instrumentos;VOLKSWAGEN;Polo;1.2 TSI;2019;Sin comprobar;1 año;En stock;144,69 € + IVA;https://desguacesmadridnorte.com/74678-pieza.html
74679;6917EF27C;Cremallera de dirección;VOLKSWAGEN;Passat;2.0 TDI;2011;Desmontada de vehículo;1 año;Bajo pedido 24-48h;300,46 € + IVA;https://desguacesmadridnorte.com/74679-pieza.html
74682;7122WW30D;Alternador;KIA;Sportage;1.7 CRDi;2021;Comprobada, funcionando;1 año;En stock;47,65 € + IVA;https://desguacesmadridnorte.com/74682-pieza.html
74685;8130TM54B;Faro delantero izquierdo;FORD;Fusion;1.4 TDCi;2019;Comprobada, funcionando;1 año;Bajo pedido 24-48h;189,06 € + IVA;https://desguacesmadridnorte.com/74685-pieza.html
74688;8390AB88F;Capó;SEAT;Ateca;1.5 TSI;2021;Comprobada, funcionando;1 año;En stock;190,87 € + IVA;https://desguacesmadridnorte.com/74688-pieza.html
74691;4326BZ46A;Módulo electrónico;NISSAN;Juke;1.2 DIG-T;2016;Comprobada, funcionando;1 año;Bajo pedido 24-48h;161,45 € + IVA;https://desguacesmadridnorte.com/74691-pieza.html
74692;6431NY85F;Portón trasero;PEUGEOT;308;2.0 HDi;2020;Comprobada, funcionando;1 año;Bajo pedido 24-48h;158,17 € + IVA;https://desguacesmadridnorte.com/74692-pieza.html
74695;7772CH25F;Módulo electrónico;CITROEN;C3;1.2 PureTech;2010;Sin comprobar;1 año;En stock;64,03 € + IVA;https://desguacesmadridnorte.com/74695-pieza.html
74698;9755EQ69E;Airbag volante;PEUGEOT;308;1.6 HDi;2018;Sin comprobar;1 año;En stock;82,95 € + IVA;https://desguacesmadridnorte.com/74698-pieza.html
74701;4485GR62A;Turbo;KIA;Ceed;1.4 CRDi;2016;Comprobada, funcionando;1 año;En stock;379,81 € + IVA;https://desguacesmadridnorte.com/74701-pieza.html
74704;5409VZ74E;Puerta trasera izquierda;VOLKSWAGEN;Golf;2.0 TDI;2010;Comprobada, funcionando;1 año;En stock;290,37 € + IVA;https://desguacesmadridnorte.com/74704-pieza.html
74707;5661YM93D;Faro delantero izquierdo;FORD;Fiesta;1.5 TDCi;2013;Desmontada de vehículo;1 año;En stock;81,30 € + IVA;https://desguacesmadridnorte.com/74707-pieza.html
74710;9680PL13B;Airbag volante;FORD;Fiesta;1.5 TDCi;2018;Comprobada, funcionando;1 año;En stock;126,72 € + IVA;https://desguacesmadridnorte.com/74710-pieza.html
74713;6755DP14E;Puerta delantera izquierda;BMW;Serie 1;118d;2006;Comprobada, funcionando;1 año;Bajo pedido 24-48h;173,52 € + IVA;https://desguacesmadridnorte.com/74713-pieza.html
74714;3250NV81E;Retrovisor izquierdo;SKODA;Octavia;2.0 TDI;2014;Desmontada de vehículo;1 año;Bajo pedido 24-48h;42,17 € + IVA;https://desguacesmadridnorte.com/74714-pieza.html
74716;6031HN64B;Bomba de dirección;TOYOTA;Corolla;1.8 Hybrid;2021;Desmontada de vehículo;1 año;En stock;83,46 € + IVA;https://desguacesmadridnorte.com/74716-pieza.html
74717;2430TP11B;Puerta trasera izquierda;VOLKSWAGEN;Polo;1.4 TDI;2016;Comprobada, funcionando;1 año;En stock;132,86 € + IVA;https://desguacesmadridnorte.com/74717-pieza.html
74719;8008MF85A;Turbo;VOLKSWAGEN;Golf;1.4 TSI;2014;Comprobada, funcionando;1 año;En stock;277,06 € + IVA;https://desguacesmadridnorte.com/74719-pieza.html
74721;3841JV49B;Faro delantero izquierdo;CITROEN;C3;1.2 PureTech;2020;Desmontada de vehículo;1 año;En stock;106,79 € + IVA;https://desguacesmadridnorte.com/74721-pieza.html
74724;7517MW45B;Paso de rueda trasero izquierdo;PEUGEOT;208;1.4 HDi;2010;Comprobada, funcionando;1 año;Bajo pedido 24-48h;28,33 € + IVA;https://desguacesmadridnorte.com/74724-pieza.html
74727;1097KY29D;Puerta delantera izquierda;KIA;Sportage;1.7 CRDi;2018;Comprobada, funcionando;1 año;En stock;227,59 € + IVA;https://desguacesmadridnorte.com/74727-pieza.html
74729;9516YP94E;Paso de rueda trasero izquierdo;HYUNDAI;i30;1.4 CRDi;2021;Sin comprobar;1 año;Bajo pedido 24-48h;48,79 € + IVA;https://desguacesmadridnorte.com/74729-pieza.html
74732;7584TZ39F;Portón trasero;PEUGEOT;3008;1.6 HDi;2007;Desmontada de vehículo;1 año;En stock;232,92 € + IVA;https://desguacesmadridnorte.com/74732-pieza.html
74733;4474GH34E;Alternador;PEUGEOT;208;1.6 HDi;2014;Comprobada, funcionando;1 año;En stock;96,19 € + IVA;https://desguacesmadridnorte.com/74733-pieza.html
74734;4619GT19E;Puerta trasera izquierda;FORD;Focus;1.6 TDCi;2018;Sin comprobar;1 año;Bajo pedido 24-48h;211,72 € + IVA;https://desguacesmadridnorte.com/74734-pieza.html
74735;5592PQ97E;Cinturón de seguridad;RENAULT;Captur;0.9 TCe;2005;Sin comprobar;1 año;Bajo pedido 24-48h;20,03 € + IVA;https://desguacesmadridnorte.com/74735-pieza.html
74738;5761KA59C;Capó;HYUNDAI;Tucson;1.7 CRDi;2017;Desmontada de vehículo;1 año;En stock;175,87 € + IVA;https://desguacesmadridnorte.com/74738-pieza.html
74740;9265LM63B;Puerta delantera derecha;SEAT;León;2.0 TDI;2013;Desmontada de vehículo;1 año;En stock;112,92 € + IVA;https://desguacesmadridnorte.com/74740-pieza.html
74742;6318DR20F;Airbag volante;SEAT;Ateca;1.5 TSI;2019;Comprobada, funcionando;1 año;En stock;178,44 € + IVA;https://desguacesmadridnorte.com/74742-pieza.html
74745;5325SD45B;Motor completo;FORD;Fiesta;1.5 TDCi;2017;Comprobada, funcionando;1 año;En stock;1.324,99 € + IVA;https://desguacesmadridnorte.com/74745-pieza.html
74747;6827EH46C;Paso de rueda trasero izquierdo;CITROEN;C4;1.6 VTi;2017;Comprobada, funcionando;1 año;En stock;50,77 € + IVA;https://desguacesmadridnorte.com/74747-pieza.html
74748;6801HF32C;Elevalunas delantero izquierdo;PEUGEOT;3008;2.0 HDi;2008;Comprobada, funcionando;1 año;Bajo pedido 24-48h;63,92 € + IVA;https://desguacesmadridnorte.com/74748-pieza.html
74749;9021AF24E;Cerradura puerta delantera;OPEL;Astra;1.7 CDTI;2016;Comprobada, funcionando;1 año;Bajo pedido 24-48h;50,15 € + IVA;https://desguacesmadridnorte.com/74749-pieza.html
74750;5865GM51A;Compresor aire acondicionado;TOYOTA;Camry;2.5 Hybrid;2013;Comprobada, funcionando;1 año;En stock;328,97 € + IVA;https://desguacesmadridnorte.com/74750-pieza.html
74753;9722DS42F;Paso de rueda trasero izquierdo;VOLKSWAGEN;Passat;1.6 TDI;2011;Comprobada, funcionando;1 año;En stock;33,24 € + IVA;https://desguacesmadridnorte.com/74753-pieza.html
74755;9365AH76B;Puerta trasera izquierda;NISSAN;Qashqai;1.5 dCi;2021;Comprobada, funcionando;1 año;En stock;295,69 € + IVA;https://desguacesmadridnorte.com/74755-pieza.html
74757;1229BP51A;Portón trasero;MERCEDES-BENZ;Clase A;200 CDI;2006;Comprobada, funcionando;1 año;Bajo pedido 24-48h;297,21 € + IVA;https://desguacesmadridnorte.com/74757-pieza.html
74759;9285FJ35D;Caja de cambios;RENAULT;Clio;1.2 16v;2011;Comprobada, funcionando;1 año;En stock;380,56 € + IVA;https://desguacesmadridnorte.com/74759-pieza.html
74762;1392JY24F;Bomba de agua;MERCEDES-BENZ;Clase E Coupé;220 CDI;2020;Comprobada, funcionando;1 año;Bajo pedido 24-48h;74,81 € + IVA;https://desguacesmadridnorte.com/74762-pieza.html
74765;3168PW61A;Caja de cambios;OPEL;Astra;1.6 CDTI;2010;Comprobada, funcionando;1 año;Bajo pedido 24-48h;471,18 € + IVA;https://desguacesmadridnorte.com/74765-pieza.html
74767;6387NP78B;Portón trasero;NISSAN;Juke;1.2 DIG-T;2021;Comprobada, funcionando;1 año;En stock;222,22 € + IVA;https://desguacesmadridnorte.com/74767-pieza.html
74768;5946QH59E;Faro delantero izquierdo;VOLKSWAGEN;Polo;1.2 TSI;2019;Comprobada, funcionando;1 año;Bajo pedido 24-48h;175,86 € + IVA;https://desguacesmadridnorte.com/74768-pieza.html
74771;9332TN64C;Puerta delantera izquierda;VOLKSWAGEN;Polo;1.4 TDI;2013;Comprobada, funcionando;1 año;En stock;156,40 € + IVA;https://desguacesmadridnorte.com/74771-pieza.html
74774;7739DY43C;Motor de arranque;HYUNDAI;Tucson;1.7 CRDi;2015;Desmontada de vehículo;1 año;En stock;76,02 € + IVA;https://desguacesmadridnorte.com/74774-pieza.html
74776;5333ZW85F;Portón trasero;CITROEN;C4;1.6 VTi;2007;Desmontada de vehículo;1 año;En stock;141,02 € + IVA;https://desguacesmadridnorte.com/74776-pieza.html
74778;8630LZ10D;Portón trasero;OPEL;Astra;1.7 CDTI;2018;Comprobada, funcionando;1 año;Bajo pedido 24-48h;217,68 € + IVA;https://desguacesmadridnorte.com/74778-pieza.html
74779;5882XM44B;Capó;VOLKSWAGEN;Passat;1.6 TDI;2021;Comprobada, funcionando;1 año;Bajo pedido 24-48h;280,79 € + IVA;https://desguacesmadridnorte.com/74779-pieza.html
74782;6559YT59F;Faro delantero derecho;SEAT;Ateca;2.0 TDI;2013;Comprobada, funcionando;1 año;Bajo pedido 24-48h;126,79 € + IVA;https://desguacesmadridnorte.com/74782-pieza.html
74785;8357VD68C;Centralita motor;HYUNDAI;i30;1.4 CRDi;2013;Comprobada, funcionando;1 año;Bajo pedido 24-48h;186,21 € + IVA;https://desguacesmadridnorte.com/74785-pieza.html
74788;1716EC60F;Bomba de agua;BMW;Serie 1;116d;2011;Desmontada de vehículo;1 año;Bajo pedido 24-48h;103,80 € + IVA;https://desguacesmadridnorte.com/74788-pieza.html
74789;1491BZ86A;Piloto trasero izquierdo;CITROEN;C4;1.6 HDi;2007;Comprobada, funcionando;1 año;Bajo pedido 24-48h;30,04 € + IVA;https://desguacesmadridnorte.com/74789-pieza.html
74791;2842PJ63A;Cuadro de instrumentos;FORD;Fusion;1.4 TDCi;2009;Comprobada, funcionando;1 año;Bajo pedido 24-48h;105,26 € + IVA;https://desguacesmadridnorte.com/74791-pieza.html
74792;5081ZJ13D;Puerta trasera izquierda;RENAULT;Clio;1.2 16v;2017;Comprobada, funcionando;1 año;Bajo pedido 24-48h;265,87 € + IVA;https://desguacesmadridnorte.com/74792-pieza.html
74795;5798DX83E;Retrovisor izquierdo;SKODA;Octavia;1.6 TDI;2018;Desmontada de vehículo;1 año;Bajo pedido 24-48h;159,49 € + IVA;https://desguacesmadridnorte.com/74795-pieza.html
74797;2395VE56F;Motor completo;SEAT;Ateca;1.5 TSI;2006;Comprobada, funcionando;1 año;Bajo pedido 24-48h;1.340,03 € + IVA;https://desguacesmadridnorte.com/74797-pieza.html
74800;7786PN48E;Capó;PEUGEOT;3008;2.0 HDi;2015;Comprobada, funcionando;1 año;En stock;187,14 € + IVA;https://desguacesmadridnorte.com/74800-pieza.html
74803;5343KH45E;Turbo;RENAULT;Clio;1.2 16v;2013;Comprobada, funcionando;1 año;Bajo pedido 24-48h;345,77 € + IVA;https://desguacesmadridnorte.com/74803-pieza.html
74804;1715ZD85A;Puerta delantera izquierda;BMW;Serie 3;318d;2008;Sin comprobar;1 año;Bajo pedido 24-48h;139,13 € + IVA;https://desguacesmadridnorte.com/74804-pieza.html
74807;8868JK44F;Caja de cambios;SEAT;Ateca;2.0 TDI;2008;Comprobada, funcionando;1 año;En stock;354,32 € + IVA;https://desguacesmadridnorte.com/74807-pieza.html
74809;9115JR64A;Motor completo;FORD;Fusion;1.4 TDCi;2011;Sin comprobar;1 año;En stock;522,95 € + IVA;https://desguacesmadridnorte.com/74809-pieza.html
74811;2958TH80C;Parachoques trasero;TOYOTA;Proace City;1.5 D-4D;2006;Desmontada de vehículo;1 año;En stock;109,41 € + IVA;https://desguacesmadridnorte.com/74811-pieza.html
74813;3051RR17A;Compresor aire acondicionado;SEAT;Ateca;2.0 TDI;2005;Comprobada, funcionando;1 año;Bajo pedido 24-48h;203,36 € + IVA;https://desguacesmadridnorte.com/74813-pieza.html
74816;7198HA34E;Catalizador;PEUGEOT;3008;2.0 HDi;2005;Sin comprobar;1 año;En stock;328,48 € + IVA;https://desguacesmadridnorte.com/74816-pieza.html
74818;7765KN50A;Retrovisor izquierdo;RENAULT;Captur;0.9 TCe;2008;Comprobada, funcionando;1 año;Bajo pedido 24-48h;80,45 € + IVA;https://desguacesmadridnorte.com/74818-pieza.html
74820;1140BX83F;Caja de cambios;CITROEN;C4;1.6 HDi;2006;Comprobada, funcionando;1 año;Bajo pedido 24-48h;296,33 € + IVA;https://desguacesmadridnorte.com/74820-pieza.html
74821;8365JV31A;Turbo;VOLKSWAGEN;Polo;1.2 TSI;2020;Sin comprobar;1 año;En stock;489,83 € + IVA;https://desguacesmadridnorte.com/74821-pieza.html
74824;2275CM15F;Puerta delantera izquierda;FORD;Fusion;1.4 TDCi;2011;Comprobada, funcionando;1 año;En stock;158,00 € + IVA;https://desguacesmadridnorte.com/74824-pieza.html
74827;3926MN53A;Bomba de dirección;SEAT;Ibiza;1.2 TSI;2008;Comprobada, funcionando;1 año;Bajo pedido 24-48h;85,90 € + IVA;https://desguacesmadridnorte.com/74827-pieza.html
74828;3940XA55C;Cremallera de dirección;OPEL;Corsa;1.3 CDTI;2020;Desmontada de vehículo;1 año;Bajo pedido 24-48h;231,20 € + IVA;https://desguacesmadridnorte.com/74828-pieza.html
74830;3669WZ15A;Motor completo;OPEL;Astra;1.6 CDTI;2010;Comprobada, funcionando;1 año;Bajo pedido 24-48h;666,60 € + IVA;https://desguacesmadridnorte.com/74830-pieza.html
74832;6904TA23B;Capó;PEUGEOT;3008;1.6 HDi;2017;Comprobada, funcionando;1 año;Bajo pedido 24-48h;156,72 € + IVA;https://desguacesmadridnorte.com/74832-pieza.html
74834;6123YB50C;Capó;PEUGEOT;308;1.6 HDi;2013;Sin comprobar;1 año;En stock;109,40 € + IVA;https://desguacesmadridnorte.com/74834-pieza.html
74837;2375ZG87F;Cuadro de instrumentos;NISSAN;Qashqai;1.6 dCi;2007;Comprobada, funcionando;1 año;Bajo pedido 24-48h;76,24 € + IVA;https://desguacesmadridnorte.com/74837-pieza.html
74840;6308GW96D;Colector de admisión;BMW;Serie 1;116d;2010;Desmontada de vehículo;1 año;En stock;145,20 € + IVA;https://desguacesmadridnorte.com/74840-pieza.html
74842;5450EX77C;Módulo electrónico;PEUGEOT;208;1.6 HDi;2015;Comprobada, funcionando;1 año;En stock;203,47 € + IVA;https://desguacesmadridnorte.com/74842-pieza.html
74843;2307EQ93F;Motor completo;OPEL;Astra;1.6 CDTI;2005;Desmontada de vehículo;1 año;En stock;1.214,51 € + IVA;https://desguacesmadridnorte.com/74843-pieza.html
74846;4960JJ47A;Puerta delantera izquierda;TOYOTA;Corolla;1.4 D-4D;2018;Comprobada, funcionando;1 año;En stock;152,54 € + IVA;https://desguacesmadridnorte.com/74846-pieza.html
74847;5911ES39A;Puerta trasera izquierda;FORD;Fusion;1.4 TDCi;2008;Comprobada, funcionando;1 año;En stock;65,62 € + IVA;https://desguacesmadridnorte.com/74847-pieza.html
74850;8641GX23B;Caja de cambios;BMW;X1;20d;2021;Comprobada, funcionando;1 año;Bajo pedido 24-48h;454,24 € + IVA;https://desguacesmadridnorte.com/74850-pieza.html
74851;5224PZ29D;Faro delantero derecho;CITROEN;C3;1.2 PureTech;2013;Comprobada, funcionando;1 año;En stock;50,53 € + IVA;https://desguacesmadridnorte.com/74851-pieza.html
74852;4915VN70A;Alternador;KIA;Ceed;1.4 CRDi;2014;Comprobada, funcionando;1 año;Bajo pedido 24-48h;138,49 € + IVA;https://desguacesmadridnorte.com/74852-pieza.html
74853;7932QZ62B;Colector de admisión;SEAT;Ateca;1.5 TSI;2012;Comprobada, funcionando;1 año;Bajo pedido 24-48h;96,25 € + IVA;https://desguacesmadridnorte.com/74853-pieza.html
74854;2670KB97A;Elevalunas delantero izquierdo;KIA;Sportage;1.7 CRDi;2007;Comprobada, funcionando;1 año;En stock;53,06 € + IVA;https://desguacesmadridnorte.com/74854-pieza.html
74856;8309PL22B;Retrovisor derecho;SKODA;Fabia;1.2 TSI;2014;Desmontada de vehículo;1 año;En stock;93,41 € + IVA;https://desguacesmadridnorte.com/74856-pieza.html
74858;5073WB54F;Faro delantero izquierdo;HYUNDAI;Tucson;1.7 CRDi;2014;Sin comprobar;1 año;En stock;223,24 € + IVA;https://desguacesmadridnorte.com/74858-pieza.html
74860;8741GC80A;Piloto trasero derecho;SEAT;Ateca;2.0 TDI;2007;Comprobada, funcionando;1 año;En stock;50,81 € + IVA;https://desguacesmadridnorte.com/74860-pieza.html
74863;6102NA85D;Puerta delantera derecha;OPEL;Astra;1.7 CDTI;2008;Comprobada, funcionando;1 año;En stock;235,85 € + IVA;https://desguacesmadridnorte.com/74863-pieza.html
74866;8296CH77E;Cuadro de instrumentos;RENAULT;Megane;1.5 dCi;2013;Comprobada, funcionando;1 año;Bajo pedido 24-48h;216,86 € + IVA;https://desguacesmadridnorte.com/74866-pieza.html
74868;3866HK63A;Alternador;BMW;Serie 1;118d;2016;Comprobada, funcionando;1 año;En stock;65,03 € + IVA;https://desguacesmadridnorte.com/74868-pieza.html
74869;1883HN11D;Compresor aire acondicionado;BMW;X1;18d;2007;Comprobada, funcionando;1 año;En stock;298,46 € + IVA;https://desguacesmadridnorte.com/74869-pieza.html
74872;7021AD67A;Puerta delantera derecha;VOLKSWAGEN;Passat;2.0 TDI;2008;Comprobada, funcionando;1 año;En stock;219,37 € + IVA;https://desguacesmadridnorte.com/74872-pieza.html
74873;4514TN34E;Capó;RENAULT;Clio;1.5 dCi;2012;Comprobada, funcionando;1 año;En stock;103,91 € + IVA;https://desguacesmadridnorte.com/74873-pieza.html
74876;3337HD22A;Bomba de agua;RENAULT;Captur;0.9 TCe;2021;Desmontada de vehículo;1 año;Bajo pedido 24-48h;89,77 € + IVA;https://desguacesmadridnorte.com/74876-pieza.html
74879;3275WS98F;Bomba de agua;NISSAN;Juke;1.5 dCi;2016;Comprobada, funcionando;1 año;Bajo pedido 24-48h;60,77 € + IVA;https://desguacesmadridnorte.com/74879-pieza.html
74880;3935GZ11C;Bomba de dirección;BMW;X1;18d;2014;Desmontada de vehículo;1 año;En stock;90,16 € + IVA;https://desguacesmadridnorte.com/74880-pieza.html
74882;4573ZX55B;Portón trasero;AUDI;A4;2.0 TDI;2014;Comprobada, funcionando;1 año;En stock;233,64 € + IVA;https://desguacesmadridnorte.com/74882-pieza.html
74883;4950LH49B;Cinturón de seguridad;SEAT;Ibiza;1.6 TDI;2014;Comprobada, funcionando;1 año;En stock;68,10 € + IVA;https://desguacesmadridnorte.com/74883-pieza.html
74884;6379NZ93F;Centralita motor;FORD;Focus;1.6 TDCi;2020;Comprobada, funcionando;1 año;En stock;158,23 € + IVA;https://desguacesmadridnorte.com/74884-pieza.html
74885;5498BG49E;Elevalunas delantero izquierdo;BMW;Serie 3;330i;2020;Comprobada, funcionando;1 año;En stock;63,53 € + IVA;https://desguacesmadridnorte.com/74885-pieza.html
74888;2515KH76A;Piloto trasero izquierdo;HYUNDAI;Tucson;2.0 CRDi;2006;Desmontada de vehículo;1 año;En stock;31,75 € + IVA;https://desguacesmadridnorte.com/74888-pieza.html
74889;4965WH39A;Airbag volante;PEUGEOT;3008;2.0 HDi;2012;Desmontada de vehículo;1 año;Bajo pedido 24-48h;212,96 € + IVA;https://desguacesmadridnorte.com/74889-pieza.html
74892;2678PH91B;Cuadro de instrumentos;NISSAN;Juke;1.2 DIG-T;2008;Desmontada de vehículo;1 año;En stock;199,71 € + IVA;https://desguacesmadridnorte.com/74892-pieza.html
74893;8531QF30D;Motor completo;MERCEDES-BENZ;CLA;180 CDI;2009;Comprobada, funcionando;1 año;En stock;1.378,64 € + IVA;https://desguacesmadridnorte.com/74893-pieza.html
74895;3162RD17F;Motor de arranque;AUDI;A4;2.0 TFSI;2005;Comprobada, funcionando;1 año;Bajo pedido 24-48h;37,27 € + IVA;https://desguacesmadridnorte.com/74895-pieza.html
74897;3776KW74B;Paso de rueda trasero izquierdo;MERCEDES-BENZ;Clase E Coupé;220 CDI;2021;Comprobada, funcionando;1 año;En stock;103,94 € + IVA;https://desguacesmadridnorte.com/74897-pieza.html
74900;5201DH63F;Parachoques delantero;SEAT;Ibiza;1.6 TDI;2013;Comprobada, funcionando;1 año;En stock;93,95 € + IVA;https://desguacesmadridnorte.com/74900-pieza.html
74901;5658KP79C;Compresor aire acondicionado;PEUGEOT;208;1.4 HDi;2012;Comprobada, funcionando;1 año;Bajo pedido 24-48h;217,11 € + IVA;https://desguacesmadridnorte.com/74901-pieza.html
74903;3579AA13F;Intercooler;AUDI;A3;2.0 TDI;2012;Desmontada de vehículo;1 año;En stock;146,66 € + IVA;https://desguacesmadridnorte.com/74903-pieza.html
74906;3161XT37D;Cinturón de seguridad;FORD;Focus;1.6 TDCi;2019;Desmontada de vehículo;1 año;En stock;79,37 € + IVA;https://desguacesmadridnorte.com/74906-pieza.html
74908;3077ZP98F;Elevalunas delantero izquierdo;MERCEDES-BENZ;Clase A;200 CDI;2017;Desmontada de vehículo;1 año;En stock;147,22 € + IVA;https://desguacesmadridnorte.com/74908-pieza.html
74910;5505XL11B;Amortiguador delantero;SKODA;Fabia;1.2 TSI;2010;Comprobada, funcionando;1 año;Bajo pedido 24-48h;54,22 € + IVA;https://desguacesmadridnorte.com/74910-pieza.html
74912;7215LC89F;Centralita motor;RENAULT;Megane;1.6 dCi;2021;Comprobada, funcionando;1 año;En stock;119,24 € + IVA;https://desguacesmadridnorte.com/74912-pieza.html
74913;3345MN46A;Intercooler;TOYOTA;Corolla;1.4 D-4D;2012;Desmontada de vehículo;1 año;Bajo pedido 24-48h;170,20 € + IVA;https://desguacesmadridnorte.com/74913-pieza.html
74916;2238WG99E;Cárter;TOYOTA;Proace City;1.5 D-4D;2006;Comprobada, funcionando;1 año;En stock;69,79 € + IVA;https://desguacesmadridnorte.com/74916-pieza.html
74918;4906KL49F;Retrovisor izquierdo;NISSAN;Qashqai;1.6 dCi;2020;Comprobada, funcionando;1 año;En stock;35,79 € + IVA;https://desguacesmadridnorte.com/74918-pieza.html
74920;2007XS43D;Radiador;BMW;Serie 3;318d;2009;Comprobada, funcionando;1 año;Bajo pedido 24-48h;156,63 € + IVA;https://desguacesmadridnorte.com/74920-pieza.html
74923;1268GX49A;Turbo;BMW;Serie 1;118d;2015;Desmontada de vehículo;1 año;En stock;391,81 € + IVA;https://desguacesmadridnorte.com/74923-pieza.html
74924;1300PV99E;Faro delantero izquierdo;MERCEDES-BENZ;Clase E Coupé;250 CDI;2013;Comprobada, funcionando;1 año;En stock;82,44 € + IVA;https://desguacesmadridnorte.com/74924-pieza.html
74925;9351NR58A;Paso de rueda trasero izquierdo;BMW;X1;20d;2015;Desmontada de vehículo;1 año;En stock;77,30 € + IVA;https://desguacesmadridnorte.com/74925-pieza.html
74927;3846SR74B;Piloto trasero derecho;HYUNDAI;Tucson;2.0 CRDi;2019;Comprobada, funcionando;1 año;Bajo pedido 24-48h;97,11 € + IVA;https://desguacesmadridnorte.com/74927-pieza.html
74929;2520FC96E;Centralita motor;HYUNDAI;i30;1.6 CRDi;2009;Comprobada, funcionando;1 año;En stock;170,76 € + IVA;https://desguacesmadridnorte.com/74929-pieza.html
74931;5565NY26A;Puerta delantera derecha;NISSAN;Qashqai;1.6 dCi;2009;Desmontada de vehículo;1 año;Bajo pedido 24-48h;259,41 € + IVA;https://desguacesmadridnorte.com/74931-pieza.html
74933;6919XP77B;Aleta delantera izquierda;BMW;X1;18d;2019;Comprobada, funcionando;1 año;En stock;252,54 € + IVA;https://desguacesmadridnorte.com/74933-pieza.html
74934;6717HW36A;Parachoques delantero;SKODA;Fabia;1.4 TDI;2016;Comprobada, funcionando;1 año;En stock;84,75 € + IVA;https://desguacesmadridnorte.com/74934-pieza.html
74937;2969ZY36C;Bomba de agua;OPEL;Corsa;1.2 16v;2019;Comprobada, funcionando;1 año;Bajo pedido 24-48h;81,67 € + IVA;https://desguacesmadridnorte.com/74937-pieza.html
74940;5555AJ96A;Cinturón de seguridad;SKODA;Fabia;1.4 TDI;2012;Comprobada, funcionando;1 año;En stock;60,67 € + IVA;https://desguacesmadridnorte.com/74940-pieza.html
74941;9843GB39E;Caja de cambios;CITROEN;C3;1.4 HDi;2008;Desmontada de vehículo;1 año;En stock;241,11 € + IVA;https://desguacesmadridnorte.com/74941-pieza.html
74944;7534CD71E;Capó;SEAT;Ibiza;1.6 TDI;2010;Comprobada, funcionando;1 año;En stock;150,60 € + IVA;https://desguacesmadridnorte.com/74944-pieza.html
74945;8554WR11F;Motor de arranque;SEAT;Ibiza;1.9 TDI;2009;Comprobada, funcionando;1 año;Bajo pedido 24-48h;94,81 € + IVA;https://desguacesmadridnorte.com/74945-pieza.html
74946;9772NJ52B;Bomba de agua;VOLKSWAGEN;Passat;1.6 TDI;2017;Sin comprobar;1 año;Bajo pedido 24-48h;116,24 € + IVA;https://desguacesmadridnorte.com/74946-pieza.html
74948;7337XW10D;Portón trasero;SEAT;Ateca;1.5 TSI;2008;Desmontada de vehículo;1 año;Bajo pedido 24-48h;248,04 € + IVA;https://desguacesmadridnorte.com/74948-pieza.html
74951;9627YR67A;Módulo electrónico;KIA;Sportage;1.7 CRDi;2009;Desmontada de vehículo;1 año;En stock;63,04 € + IVA;https://desguacesmadridnorte.com/74951-pieza.html
74953;1002VC48D;Motor de arranque;NISSAN;Qashqai;1.6 dCi;2012;Comprobada, funcionando;1 año;Bajo pedido 24-48h;91,17 € + IVA;https://desguacesmadridnorte.com/74953-pieza.html
74956;1818ML87C;Intercooler;KIA;Ceed;1.4 CRDi;2007;Desmontada de vehículo;1 año;En stock;61,02 € + IVA;https://desguacesmadridnorte.com/74956-pieza.html
74959;1502QW32C;Centralita motor;PEUGEOT;208;1.4 HDi;2007;Comprobada, funcionando;1 año;En stock;202,33 € + IVA;https://desguacesmadridnorte.com/74959-pieza.html
74962;1379MW89E;Cinturón de seguridad;AUDI;A4;3.0 TDI;2012;Comprobada, funcionando;1 año;Bajo pedido 24-48h;51,44 € + IVA;https://desguacesmadridnorte.com/74962-pieza.html
74964;9873LY84E;Caja de cambios;TOYOTA;Corolla;1.4 D-4D;2006;Comprobada, funcionando;1 año;En stock;278,03 € + IVA;https://desguacesmadridnorte.com/74964-pieza.html
74966;5660JK64A;Amortiguador delantero;KIA;Sportage;1.7 CRDi;2021;Comprobada, funcionando;1 año;En stock;49,39 € + IVA;https://desguacesmadridnorte.com/74966-pieza.html
74968;1528AP38A;Cuadro de instrumentos;OPEL;Astra;1.6 CDTI;2013;Comprobada, funcionando;1 año;Bajo pedido 24-48h;80,02 € + IVA;https://desguacesmadridnorte.com/74968-pieza.html
74970;3038KP44B;Aleta delantera izquierda;CITROEN;C4;1.6 HDi;2009;Desmontada de vehículo;1 año;En stock;69,15 € + IVA;https://desguacesmadridnorte.com/74970-pieza.html
74971;2636FQ89B;Motor completo;RENAULT;Captur;0.9 TCe;2013;Comprobada, funcionando;1 año;En stock;1.235,26 € + IVA;https://desguacesmadridnorte.com/74971-pieza.html
74973;7492XJ65A;Bomba de agua;KIA;Ceed;1.4 CRDi;2018;Comprobada, funcionando;1 año;En stock;56,46 € + IVA;https://desguacesmadridnorte.com/74973-pieza.html
74974;6533QQ17E;Motor completo;TOYOTA;Camry;2.5 Hybrid;2011;Sin comprobar;1 año;En stock;2.163,97 € + IVA;https://desguacesmadridnorte.com/74974-pieza.html
74977;4177VV22A;Caja de cambios;AUDI;A4;2.0 TDI;2013;Comprobada, funcionando;1 año;En stock;1.393,60 € + IVA;https://desguacesmadridnorte.com/74977-pieza.html
74978;7688GA25D;Retrovisor derecho;PEUGEOT;308;1.6 HDi;2014;Comprobada, funcionando;1 año;En stock;51,66 € + IVA;https://desguacesmadridnorte.com/74978-pieza.html
74980;6850KN83C;Módulo electrónico;NISSAN;Qashqai;1.5 dCi;2012;Comprobada, funcionando;1 año;En stock;79,22 € + IVA;https://desguacesmadridnorte.com/74980-pieza.html
74981;9076KM70B;Cremallera de dirección;AUDI;Q3;1.4 TFSI;2016;Desmontada de vehículo;1 año;Bajo pedido 24-48h;292,02 € + IVA;https://desguacesmadridnorte.com/74981-pieza.html
74982;7673HQ18C;Motor de arranque;HYUNDAI;Tucson;1.7 CRDi;2009;Comprobada, funcionando;1 año;En stock;84,59 € + IVA;https://desguacesmadridnorte.com/74982-pieza.html
74984;7989SM11D;Cremallera de dirección;SEAT;León;1.6 TDI;2012;Comprobada, funcionando;1 año;Bajo pedido 24-48h;128,68 € + IVA;https://desguacesmadridnorte.com/74984-pieza.html
74986;1007RC82E;Elevalunas delantero izquierdo;NISSAN;Qashqai;1.5 dCi;2011;Comprobada, funcionando;1 año;En stock;51,70 € + IVA;https://desguacesmadridnorte.com/74986-pieza.html
74988;1275FA85A;Aleta delantera izquierda;HYUNDAI;Tucson;2.0 CRDi;2018;Comprobada, funcionando;1 año;En stock;180,07 € + IVA;https://desguacesmadridnorte.com/74988-pieza.html
74991;9936JM27C;Retrovisor derecho;SKODA;Fabia;1.4 TDI;2012;Comprobada, funcionando;1 año;Bajo pedido 24-48h;131,67 € + IVA;https://desguacesmadridnorte.com/74991-pieza.html
74992;2747SE23B;Cremallera de dirección;TOYOTA;Proace City;1.5 D-4D;2018;Desmontada de vehículo;1 año;Bajo pedido 24-48h;264,97 € + IVA;https://desguacesmadridnorte.com/74992-pieza.html
74995;3591VL27E;Portón trasero;HYUNDAI;i30;1.6 CRDi;2005;Comprobada, funcionando;1 año;Bajo pedido 24-48h;96,92 € + IVA;https://desguacesmadridnorte.com/74995-pieza.html
74997;4996KV69E;Bomba de dirección;AUDI;Q3;1.4 TFSI;2008;Comprobada, funcionando;1 año;Bajo pedido 24-48h;63,30 € + IVA;https://desguacesmadridnorte.com/74997-pieza.html
74998;8950GG31C;Puerta delantera izquierda;KIA;Ceed;1.6 CRDi;2018;Comprobada, funcionando;1 año;Bajo pedido 24-48h;161,61 € + IVA;https://desguacesmadridnorte.com/74998-pieza.html
74999;7933ZB58D;Airbag volante;AUDI;A4;2.0 TFSI;2011;Comprobada, funcionando;1 año;En stock;317,94 € + IVA;https://desguacesmadridnorte.com/74999-pieza.html
75001;6572QB36F;Motor completo;SEAT;Ibiza;1.2 TSI;2019;Comprobada, funcionando;1 año;En stock;1.660,35 € + IVA;https://desguacesmadridnorte.com/75001-pieza.html
75004;5466AG24B;Catalizador;RENAULT;Captur;0.9 TCe;2015;Desmontada de vehículo;1 año;Bajo pedido 24-48h;81,21 € + IVA;https://desguacesmadridnorte.com/75004-pieza.html
75006;5523QD50F;Catalizador;OPEL;Corsa;1.2 16v;2005;Comprobada, funcionando;1 año;Bajo pedido 24-48h;191,49 € + IVA;https://desguacesmadridnorte.com/75006-pieza.html
75007;8204CV75D;Radiador;HYUNDAI;Tucson;2.0 CRDi;2017;Desmontada de vehículo;1 año;En stock;129,61 € + IVA;https://desguacesmadridnorte.com/75007-pieza.html
75008;6425HV24F;Aleta delantera izquierda;FORD;Fusion;1.4 TDCi;2018;Desmontada de vehículo;1 año;Bajo pedido 24-48h;66,28 € + IVA;https://desguacesmadridnorte.com/75008-pieza.html
75009;9494RZ25E;Capó;HYUNDAI;i30;1.6 CRDi;2008;Desmontada de vehículo;1 año;Bajo pedido 24-48h;192,30 € + IVA;https://desguacesmadridnorte.com/75009-pieza.html
75012;7853KB85B;Parachoques delantero;SEAT;Ibiza;1.9 TDI;2005;Desmontada de vehículo;1 año;En stock;56,65 € + IVA;https://desguacesmadridnorte.com/75012-pieza.html
75015;2051SX73A;Amortiguador delantero;TOYOTA;Camry;2.5 Hybrid;2015;Comprobada, funcionando;1 año;En stock;98,90 € + IVA;https://desguacesmadridnorte.com/75015-pieza.html
75018;5402YN61E;Módulo electrónico;MERCEDES-BENZ;Clase A;200 CDI;2015;Comprobada, funcionando;1 año;Bajo pedido 24-48h;191,76 € + IVA;https://desguacesmadridnorte.com/75018-pieza.html
75019;9350JL44C;Turbo;VOLKSWAGEN;Passat;2.0 TDI;2021;Comprobada, funcionando;1 año;En stock;260,19 € + IVA;https://desguacesmadridnorte.com/75019-pieza.html
75021;3753QK14F;Módulo electrónico;FORD;Fusion;1.4 TDCi;2019;Desmontada de vehículo;1 año;En stock;97,93 € + IVA;https://desguacesmadridnorte.com/75021-pieza.html
75023;7778GT12D;Módulo electrónico;RENAULT;Clio;1.2 16v;2013;Comprobada, funcionando;1 año;Bajo pedido 24-48h;155,88 € + IVA;https://desguacesmadridnorte.com/75023-pieza.html
75025;2288LX11F;Cerradura puerta delantera;RENAULT;Captur;0.9 TCe;2005;Sin comprobar;1 año;Bajo pedido 24-48h;16,83 € + IVA;https://desguacesmadridnorte.com/75025-pieza.html
75027;8546HA45A;Cuadro de instrumentos;PEUGEOT;308;1.6 HDi;2009;Comprobada, funcionando;1 año;En stock;120,50 € + IVA;https://desguacesmadridnorte.com/75027-pieza.html
75030;6947MQ56B;Parachoques delantero;TOYOTA;Corolla;1.8 Hybrid;2021;Comprobada, funcionando;1 año;Bajo pedido 24-48h;110,65 € + IVA;https://desguacesmadridnorte.com/75030-pieza.html
75031;7514BC73B;Bomba de agua;BMW;Serie 3;318d;2016;Comprobada, funcionando;1 año;En stock;121,65 € + IVA;https://desguacesmadridnorte.com/75031-pieza.html
75033;7966VS58F;Capó;VOLKSWAGEN;Passat;1.6 TDI;2020;Sin comprobar;1 año;Bajo pedido 24-48h;166,48 € + IVA;https://desguacesmadridnorte.com/75033-pieza.html
75035;4387LF47F;Puerta delantera izquierda;FORD;Fiesta;1.5 TDCi;2021;Comprobada, funcionando;1 año;En stock;101,15 € + IVA;https://desguacesmadridnorte.com/75035-pieza.html
75038;5300PA92D;Paso de rueda trasero izquierdo;VOLKSWAGEN;Polo;1.4 TDI;2014;Desmontada de vehículo;1 año;En stock;43,55 € + IVA;https://desguacesmadridnorte.com/75038-pieza.html
75040;1211CK38D;Piloto trasero izquierdo;SKODA;Fabia;1.2 TSI;2014;Desmontada de vehículo;1 año;En stock;49,13 € + IVA;https://desguacesmadridnorte.com/75040-pieza.html
75042;3451FP44D;Módulo electrónico;RENAULT;Clio;1.5 dCi;2005;Desmontada de vehículo;1 año;En stock;47,67 € + IVA;https://desguacesmadridnorte.com/75042-pieza.html
75043;7127CB15A;Puerta delantera derecha;KIA;Ceed;1.6 CRDi;2014;Comprobada, funcionando;1 año;En stock;111,89 € + IVA;https://desguacesmadridnorte.com/75043-pieza.html
75044;8191PB79B;Capó;HYUNDAI;i30;1.6 CRDi;2010;Comprobada, funcionando;1 año;En stock;77,45 € + IVA;https://desguacesmadridnorte.com/75044-pieza.html
75046;4885GP46C;Parachoques trasero;AUDI;A4;2.0 TDI;2017;Comprobada, funcionando;1 año;En stock;286,36 € + IVA;https://desguacesmadridnorte.com/75046-pieza.html
75047;1458MN11D;Faro delantero izquierdo;TOYOTA;Camry;2.5 Hybrid;2007;Comprobada, funcionando;1 año;Bajo pedido 24-48h;173,45 € + IVA;https://desguacesmadridnorte.com/75047-pieza.html
75050;1219QM77F;Alternador;NISSAN;Juke;1.2 DIG-T;2005;Comprobada, funcionando;1 año;En stock;90,20 € + IVA;https://desguacesmadridnorte.com/75050-pieza.html
75051;3763KV53A;Puerta trasera izquierda;CITROEN;C3;1.2 PureTech;2019;Sin comprobar;1 año;En stock;149,95 € + IVA;https://desguacesmadridnorte.com/75051-pieza.html
75053;4732XL24D;Paso de rueda trasero izquierdo;KIA;Sportage;2.0 CRDi;2021;Comprobada, funcionando;1 año;En stock;63,00 € + IVA;https://desguacesmadridnorte.com/75053-pieza.html
75054;4962GT96D;Turbo;AUDI;A3;1.6 TDI;2008;Desmontada de vehículo;1 año;Bajo pedido 24-48h;376,38 € + IVA;https://desguacesmadridnorte.com/75054-pieza.html
75057;9318WL53F;Portón trasero;SEAT;Ateca;1.5 TSI;2013;Desmontada de vehículo;1 año;En stock;221,90 € + IVA;https://desguacesmadridnorte.com/75057-pieza.html
75059;8636NK61E;Alternador;VOLKSWAGEN;Passat;2.0 TDI;2017;Comprobada, funcionando;1 año;En stock;126,92 € + IVA;https://desguacesmadridnorte.com/75059-pieza.html
75060;2763AV30F;Bomba de agua;VOLKSWAGEN;Passat;1.6 TDI;2006;Comprobada, funcionando;1 año;Bajo pedido 24-48h;73,34 € + IVA;https://desguacesmadridnorte.com/75060-pieza.html
75062;8385WA83A;Bomba de agua;TOYOTA;Corolla;1.8 Hybrid;2006;Desmontada de vehículo;1 año;En stock;70,99 € + IVA;https://desguacesmadridnorte.com/75062-pieza.html
75064;7644XW96A;Aleta delantera izquierda;MERCEDES-BENZ;Clase E Coupé;220 CDI;2013;Comprobada, funcionando;1 año;En stock;84,02 € + IVA;https://desguacesmadridnorte.com/75064-pieza.html
75065;8486AK36E;Intercooler;SKODA;Octavia;1.6 TDI;2021;Desmontada de vehículo;1 año;En stock;176,50 € + IVA;https://desguacesmadridnorte.com/75065-pieza.html
75067;1048BC33B;Aleta delantera izquierda;AUDI;Q3;2.0 TDI;2006;Sin comprobar;1 año;En stock;119,58 € + IVA;https://desguacesmadridnorte.com/75067-pieza.html
75069;5558GK36E;Puerta delantera derecha;SKODA;Octavia;1.6 TDI;2011;Sin comprobar;1 año;En stock;273,70 € + IVA;https://desguacesmadridnorte.com/75069-pieza.html
75071;7882FE51E;Caja de cambios;SEAT;León;2.0 TDI;2005;Desmontada de vehículo;1 año;Bajo pedido 24-48h;397,54 € + IVA;https://desguacesmadridnorte.com/75071-pieza.html
75073;7851ML42D;Cinturón de seguridad;NISSAN;Juke;1.2 DIG-T;2007;Comprobada, funcionando;1 año;Bajo pedido 24-48h;39,39 € + IVA;https://desguacesmadridnorte.com/75073-pieza.html
75076;4588CM56C;Colector de admisión;FORD;Focus;1.6 TDCi;2020;Sin comprobar;1 año;En stock;90,97 € + IVA;https://desguacesmadridnorte.com/75076-pieza.html
75079;6470DB37B;Compresor aire acondicionado;VOLKSWAGEN;Golf;2.0 TDI;2008;Comprobada, funcionando;1 año;Bajo pedido 24-48h;191,03 € + IVA;https://desguacesmadridnorte.com/75079-pieza.html
75081;4969PE76D;Motor de arranque;AUDI;Q3;1.4 TFSI;2010;Sin comprobar;1 año;En stock;50,16 € + IVA;https://desguacesmadridnorte.com/75081-pieza.html
75084;4808VJ14F;Intercooler;VOLKSWAGEN;Passat;2.0 TDI;2010;Comprobada, funcionando;1 año;Bajo pedido 24-48h;127,95 € + IVA;https://desguacesmadridnorte.com/75084-pieza.html
75085;6869SY21B;Puerta trasera izquierda;BMW;X1;20d;2021;Comprobada, funcionando;1 año;En stock;278,67 € + IVA;https://desguacesmadridnorte.com/75085-pieza.html
75088;9395AJ39C;Cárter;CITROEN;C4;1.6 HDi;2018;Comprobada, funcionando;1 año;En stock;88,31 € + IVA;https://desguacesmadridnorte.com/75088-pieza.html
75089;4615NZ13E;Radiador;MERCEDES-BENZ;CLA;180 CDI;2021;Sin comprobar;1 año;Bajo pedido 24-48h;168,44 € + IVA;https://desguacesmadridnorte.com/75089-pieza.html
75092;7326NM57C;Módulo electrónico;VOLKSWAGEN;Golf;1.6 TDI;2011;Desmontada de vehículo;1 año;En stock;201,22 € + IVA;https://desguacesmadridnorte.com/75092-pieza.html
75094;2215SM45B;Portón trasero;VOLKSWAGEN;Golf;1.6 TDI;2009;Comprobada, funcionando;1 año;Bajo pedido 24-48h;200,67 € + IVA;https://desguacesmadridnorte.com/75094-pieza.html
75095;1959MR44A;Aleta delantera izquierda;MERCEDES-BENZ;CLA;200 CDI;2018;Desmontada de vehículo;1 año;Bajo pedido 24-48h;245,93 € + IVA;https://desguacesmadridnorte.com/75095-pieza.html
75097;2072FR97D;Motor de arranque;FORD;Focus;1.6 TDCi;2011;Desmontada de vehículo;1 año;En stock;62,97 € + IVA;https://desguacesmadridnorte.com/75097-pieza.html
75100;6989JF20D;Colector de admisión;CITROEN;C4;1.6 VTi;2010;Comprobada, funcionando;1 año;En stock;115,32 € + IVA;https://desguacesmadridnorte.com/75100-pieza.html
75103;3144XD70E;Bomba de agua;NISSAN;Juke;1.2 DIG-T;2008;Comprobada, funcionando;1 año;Bajo pedido 24-48h;21,66 € + IVA;https://desguacesmadridnorte.com/75103-pieza.html
75104;4196CW86B;Elevalunas delantero izquierdo;SEAT;Ateca;2.0 TDI;2015;Comprobada, funcionando;1 año;En stock;29,06 € + IVA;https://desguacesmadridnorte.com/75104-pieza.html
75106;1716VF28C;Parachoques delantero;NISSAN;Juke;1.5 dCi;2007;Desmontada de vehículo;1 año;En stock;95,92 € + IVA;https://desguacesmadridnorte.com/75106-pieza.html
75108;4982DB56F;Capó;FORD;Fiesta;1.5 TDCi;2005;Desmontada de vehículo;1 año;En stock;50,35 € + IVA;https://desguacesmadridnorte.com/75108-pieza.html
75109;4315ER63B;Aleta delantera izquierda;RENAULT;Captur;0.9 TCe;2020;Comprobada, funcionando;1 año;En stock;152,87 € + IVA;https://desguacesmadridnorte.com/75109-pieza.html
75111;4305PF42A;Piloto trasero derecho;NISSAN;Qashqai;1.6 dCi;2021;Comprobada, funcionando;1 año;Bajo pedido 24-48h;91,47 € + IVA;https://desguacesmadridnorte.com/75111-pieza.html
75113;9880AT23D;Retrovisor derecho;RENAULT;Clio;1.2 16v;2011;Comprobada, funcionando;1 año;Bajo pedido 24-48h;44,00 € + IVA;https://desguacesmadridnorte.com/75113-pieza.html
75115;3555MK51B;Elevalunas delantero izquierdo;SEAT;Ibiza;1.2 TSI;2012;Desmontada de vehículo;1 año;En stock;60,28 € + IVA;https://desguacesmadridnorte.com/75115-pieza.html
75118;4704AL38A;Puerta delantera izquierda;FORD;Focus;2.0 TDCi;2011;Comprobada, funcionando;1 año;Bajo pedido 24-48h;152,90 € + IVA;https://desguacesmadridnorte.com/75118-pieza.html
75120;2817NH89E;Colector de admisión;FORD;Fusion;1.4 TDCi;2014;Comprobada, funcionando;1 año;En stock;115,05 € + IVA;https://desguacesmadridnorte.com/75120-pieza.html
75121;5071EF72A;Paso de rueda trasero izquierdo;NISSAN;Qashqai;1.6 dCi;2005;Desmontada de vehículo;1 año;En stock;27,95 € + IVA;https://desguacesmadridnorte.com/75121-pieza.html
75124;9232RV45D;Módulo electrónico;FORD;Fusion;1.4 TDCi;2021;Desmontada de vehículo;1 año;En stock;179,22 € + IVA;https://desguacesmadridnorte.com/75124-pieza.html
75125;3203RJ63F;Retrovisor derecho;RENAULT;Clio;1.5 dCi;2012;Comprobada, funcionando;1 año;En stock;116,87 € + IVA;https://desguacesmadridnorte.com/75125-pieza.html
75126;8679JL26C;Cuadro de instrumentos;SKODA;Fabia;1.2 TSI;2005;Comprobada, funcionando;1 año;En stock;127,52 € + IVA;https://desguacesmadridnorte.com/75126-pieza.html
75128;8887PH70C;Parachoques trasero;CITROEN;C3;1.4 HDi;2013;Sin comprobar;1 año;Bajo pedido 24-48h;116,09 € + IVA;https://desguacesmadridnorte.com/75128-pieza.html
75131;3220GF52F;Intercooler;CITROEN;C3;1.4 HDi;2005;Comprobada, funcionando;1 año;En stock;102,62 € + IVA;https://desguacesmadridnorte.com/75131-pieza.html
75133;9528BZ60F;Turbo;SKODA;Fabia;1.4 TDI;2006;Comprobada, funcionando;1 año;En stock;316,13 € + IVA;https://desguacesmadridnorte.com/75133-pieza.html
75134;4250JY25C;Compresor aire acondicionado;FORD;Focus;2.0 TDCi;2005;Comprobada, funcionando;1 año;Bajo pedido 24-48h;160,31 € + IVA;https://desguacesmadridnorte.com/75134-pieza.html
75136;3127YF47B;Puerta delantera derecha;CITROEN;C4;1.6 HDi;2017;Comprobada, funcionando;1 año;En stock;180,63 € + IVA;https://desguacesmadridnorte.com/75136-pieza.html
75139;9002NK58E;Faro delantero izquierdo;NISSAN;Juke;1.2 DIG-T;2016;Comprobada, funcionando;1 año;Bajo pedido 24-48h;218,07 € + IVA;https://desguacesmadridnorte.com/75139-pieza.html
75140;4657YF96E;Turbo;CITROEN;C4;1.6 VTi;2011;Comprobada, funcionando;1 año;En stock;418,47 € + IVA;https://desguacesmadridnorte.com/75140-pieza.html
75142;2681PK31A;Retrovisor derecho;RENAULT;Captur;1.5 dCi;2013;Comprobada, funcionando;1 año;En stock;94,32 € + IVA;https://desguacesmadridnorte.com/75142-pieza.html
75145;2448NV73D;Bomba de agua;NISSAN;Qashqai;1.6 dCi;2019;Desmontada de vehículo;1 año;Bajo pedido 24-48h;36,91 € + IVA;https://desguacesmadridnorte.com/75145-pieza.html
75146;6724HM14F;Retrovisor izquierdo;VOLKSWAGEN;Golf;2.0 TDI;2009;Desmontada de vehículo;1 año;Bajo pedido 24-48h;56,01 € + IVA;https://desguacesmadridnorte.com/75146-pieza.html
75149;4134BZ93B;Retrovisor derecho;CITROEN;C4;1.6 VTi;2017;Comprobada, funcionando;1 año;Bajo pedido 24-48h;32,36 € + IVA;https://desguacesmadridnorte.com/75149-pieza.html
75150;6810FR89E;Colector de admisión;OPEL;Corsa;1.2 16v;2005;Comprobada, funcionando;1 año;En stock;55,47 € + IVA;https://desguacesmadridnorte.com/75150-pieza.html
75153;4109LQ72B;Faro delantero izquierdo;CITROEN;C3;1.2 PureTech;2018;Comprobada, funcionando;1 año;En stock;146,31 € + IVA;https://desguacesmadridnorte.com/75153-pieza.html
75155;6820DA30E;Colector de admisión;VOLKSWAGEN;Passat;1.6 TDI;2008;Sin comprobar;1 año;En stock;47,90 € + IVA;https://desguacesmadridnorte.com/75155-pieza.html
75156;4056VJ23E;Cinturón de seguridad;CITROEN;C4;1.6 HDi;2017;Comprobada, funcionando;1 año;En stock;57,18 € + IVA;https://desguacesmadridnorte.com/75156-pieza.html
75158;5145VY23B;Cárter;KIA;Ceed;1.4 CRDi;2020;Comprobada, funcionando;1 año;En stock;48,37 € + IVA;https://desguacesmadridnorte.com/75158-pieza.html
75161;2405DK80B;Cuadro de instrumentos;VOLKSWAGEN;Passat;2.0 TDI;2018;Sin comprobar;1 año;Bajo pedido 24-48h;158,35 € + IVA;https://desguacesmadridnorte.com/75161-pieza.html
75163;4245BC21B;Cuadro de instrumentos;SEAT;León;2.0 TDI;2009;Comprobada, funcionando;1 año;En stock;174,88 € + IVA;https://desguacesmadridnorte.com/75163-pieza.html
75166;5592TL91B;Capó;BMW;X1;20d;2017;Desmontada de vehículo;1 año;En stock;220,62 € + IVA;https://desguacesmadridnorte.com/75166-pieza.html
75169;5392KV92F;Airbag volante;SKODA;Octavia;1.6 TDI;2006;Desmontada de vehículo;1 año;Bajo pedido 24-48h;84,64 € + IVA;https://desguacesmadridnorte.com/75169-pieza.html
75170;2667SR63F;Parachoques trasero;CITROEN;C3;1.2 PureTech;2008;Comprobada, funcionando;1 año;En stock;63,96 € + IVA;https://desguacesmadridnorte.com/75170-pieza.html
75171;5175VP32E;Turbo;BMW;Serie 3;318d;2011;Desmontada de vehículo;1 año;Bajo pedido 24-48h;923,34 € + IVA;https://desguacesmadridnorte.com/75171-pieza.html
75174;8899DN38C;Capó;HYUNDAI;i30;1.4 CRDi;2020;Comprobada, funcionando;1 año;En stock;186,19 € + IVA;https://desguacesmadridnorte.com/75174-pieza.html
75177;7961RH97C;Parachoques delantero;FORD;Focus;2.0 TDCi;2011;Comprobada, funcionando;1 año;Bajo pedido 24-48h;160,96 € + IVA;https://desguacesmadridnorte.com/75177-pieza.html
75179;4303NL49B;Airbag volante;RENAULT;Megane;1.5 dCi;2011;Comprobada, funcionando;1 año;Bajo pedido 24-48h;175,09 € + IVA;https://desguacesmadridnorte.com/75179-pieza.html
75182;1727XW10E;Motor completo;SEAT;León;1.6 TDI;2019;Comprobada, funcionando;1 año;Bajo pedido 24-48h;2.184,62 € + IVA;https://desguacesmadridnorte.com/75182-pieza.html
75183;2482RY12B;Piloto trasero derecho;OPEL;Astra;1.7 CDTI;2015;Comprobada, funcionando;1 año;Bajo pedido 24-48h;38,04 € + IVA;https://desguacesmadridnorte.com/75183-pieza.html
75185;3452PX84D;Cinturón de seguridad;HYUNDAI;Tucson;2.0 CRDi;2005;Desmontada de vehículo;1 año;En stock;29,14 € + IVA;https://desguacesmadridnorte.com/75185-pieza.html
75186;6020XH77E;Módulo electrónico;TOYOTA;Corolla;1.8 Hybrid;2006;Comprobada, funcionando;1 año;Bajo pedido 24-48h;127,90 € + IVA;https://desguacesmadridnorte.com/75186-pieza.html
75187;9331YG34F;Cárter;RENAULT;Megane;1.6 dCi;2016;Comprobada, funcionando;1 año;Bajo pedido 24-48h;44,98 € + IVA;https://desguacesmadridnorte.com/75187-pieza.html
75189;1053JC20E;Compresor aire acondicionado;PEUGEOT;208;1.4 HDi;2008;Desmontada de vehículo;1 año;En stock;63,57 € + IVA;https://desguacesmadridnorte.com/75189-pieza.html
75191;2785ET53A;Paso de rueda trasero izquierdo;HYUNDAI;i30;1.6 CRDi;2014;Comprobada, funcionando;1 año;En stock;42,29 € + IVA;https://desguacesmadridnorte.com/75191-pieza.html
75193;2865SY54C;Puerta delantera derecha;PEUGEOT;208;1.4 HDi;2016;Comprobada, funcionando;1 año;En stock;239,83 € + IVA;https://desguacesmadridnorte.com/75193-pieza.html
75195;5386HV45A;Caja de cambios;TOYOTA;Corolla;1.8 Hybrid;2011;Desmontada de vehículo;1 año;En stock;769,62 € + IVA;https://desguacesmadridnorte.com/75195-pieza.html
75198;7885LE52E;Caja de cambios;OPEL;Astra;1.7 CDTI;2011;Desmontada de vehículo;1 año;Bajo pedido 24-48h;654,30 € + IVA;https://desguacesmadridnorte.com/75198-pieza.html
75200;7163KV13A;Puerta delantera izquierda;VOLKSWAGEN;Golf;1.6 TDI;2006;Comprobada, funcionando;1 año;En stock;163,39 € + IVA;https://desguacesmadridnorte.com/75200-pieza.html
75203;8754GZ58B;Turbo;AUDI;Q3;1.4 TFSI;2014;Comprobada, funcionando;1 año;En stock;478,33 € + IVA;https://desguacesmadridnorte.com/75203-pieza.html
75204;6441CC68D;Retrovisor izquierdo;BMW;Serie 1;118d;2016;Comprobada, funcionando;1 año;En stock;137,03 € + IVA;https://desguacesmadridnorte.com/75204-pieza.html
75207;2491JP56D;Catalizador;SKODA;Octavia;2.0 TDI;2021;Comprobada, funcionando;1 año;Bajo pedido 24-48h;318,33 € + IVA;https://desguacesmadridnorte.com/75207-pieza.html
75210;4831GS50D;Piloto trasero izquierdo;SEAT;León;2.0 TDI;2010;Sin comprobar;1 año;Bajo pedido 24-48h;71,85 € + IVA;https://desguacesmadridnorte.com/75210-pieza.html
75212;2627TY53C;Centralita motor;FORD;Focus;2.0 TDCi;2014;Comprobada, funcionando;1 año;Bajo pedido 24-48h;367,84 € + IVA;https://desguacesmadridnorte.com/75212-pieza.html
75215;5509HC93E;Centralita motor;AUDI;A3;1.6 TDI;2007;Comprobada, funcionando;1 año;En stock;225,56 € + IVA;https://desguacesmadridnorte.com/75215-pieza.html
75217;7112FL37E;Radiador;NISSAN;Qashqai;1.6 dCi;2019;Desmontada de vehículo;1 año;En stock;114,73 € + IVA;https://desguacesmadridnorte.com/75217-pieza.html
75220;8694AE33A;Cárter;NISSAN;Juke;1.5 dCi;2005;Comprobada, funcionando;1 año;En stock;65,77 € + IVA;https://desguacesmadridnorte.com/75220-pieza.html
75222;9876ND82B;Retrovisor izquierdo;OPEL;Astra;1.6 CDTI;2006;Comprobada, funcionando;1 año;En stock;93,44 € + IVA;https://desguacesmadridnorte.com/75222-pieza.html
75223;3432XA33C;Bomba de dirección;HYUNDAI;Tucson;1.7 CRDi;2020;Comprobada, funcionando;1 año;En stock;155,81 € + IVA;https://desguacesmadridnorte.com/75223-pieza.html
75226;3268KQ37B;Motor completo;VOLKSWAGEN;Golf;1.4 TSI;2021;Comprobada, funcionando;1 año;En stock;1.705,26 € + IVA;https://desguacesmadridnorte.com/75226-pieza.html
75228;5158KT23D;Retrovisor izquierdo;KIA;Ceed;1.4 CRDi;2021;Sin comprobar;1 año;En stock;155,51 € + IVA;https://desguacesmadridnorte.com/75228-pieza.html
75231;2453MW15B;Parachoques delantero;MERCEDES-BENZ;CLA;200 CDI;2018;Comprobada, funcionando;1 año;En stock;236,35 € + IVA;https://desguacesmadridnorte.com/75231-pieza.html
75233;1648YW57D;Faro delantero izquierdo;NISSAN;Juke;1.5 dCi;2015;Comprobada, funcionando;1 año;Bajo pedido 24-48h;109,80 € + IVA;https://desguacesmadridnorte.com/75233-pieza.html
75235;7379MC26C;Parachoques delantero;SEAT;León;2.0 TDI;2006;Desmontada de vehículo;1 año;Bajo pedido 24-48h;70,95 € + IVA;https://desguacesmadridnorte.com/75235-pieza.html
75237;9206RV50F;Puerta delantera derecha;MERCEDES-BENZ;Clase E Coupé;250 CDI;2009;Comprobada, funcionando;1 año;En stock;310,51 € + IVA;https://desguacesmadridnorte.com/75237-pieza.html
75239;2659BJ73F;Caja de cambios;MERCEDES-BENZ;Clase A;200 CDI;2018;Desmontada de vehículo;1 año;Bajo pedido 24-48h;311,27 € + IVA;https://desguacesmadridnorte.com/75239-pieza.html
75240;5881RR12C;Portón trasero;NISSAN;Juke;1.5 dCi;2018;Desmontada de vehículo;1 año;En stock;268,62 € + IVA;https://desguacesmadridnorte.com/75240-pieza.html
75242;6093SN27E;Colector de admisión;OPEL;Astra;1.6 CDTI;2021;Desmontada de vehículo;1 año;En stock;147,81 € + IVA;https://desguacesmadridnorte.com/75242-pieza.html
75243;6647AF36A;Parachoques delantero;NISSAN;Qashqai;1.6 dCi;2016;Desmontada de vehículo;1 año;En stock;84,45 € + IVA;https://desguacesmadridnorte.com/75243-pieza.html
75244;5618MD26C;Bomba de agua;CITROEN;C3;1.2 PureTech;2011;Desmontada de vehículo;1 año;En stock;25,80 € + IVA;https://desguacesmadridnorte.com/75244-pieza.html
75245;7276GB30B;Paso de rueda trasero izquierdo;FORD;Focus;2.0 TDCi;2021;Comprobada, funcionando;1 año;Bajo pedido 24-48h;27,62 € + IVA;https://desguacesmadridnorte.com/75245-pieza.html
75246;7379QL45A;Capó;AUDI;A4;2.0 TDI;2009;Comprobada, funcionando;1 año;En stock;143,65 € + IVA;https://desguacesmadridnorte.com/75246-pieza.html
75248;9651FP40C;Parachoques delantero;SKODA;Fabia;1.2 TSI;2014;Desmontada de vehículo;1 año;Bajo pedido 24-48h;134,95 € + IVA;https://desguacesmadridnorte.com/75248-pieza.html
75249;3759BH63F;Cuadro de instrumentos;OPEL;Corsa;1.3 CDTI;2005;Comprobada, funcionando;1 año;En stock;46,85 € + IVA;https://desguacesmadridnorte.com/75249-pieza.html
75252;3897NR96E;Aleta delantera izquierda;FORD;Focus;2.0 TDCi;2019;Comprobada, funcionando;1 año;En stock;83,49 € + IVA;https://desguacesmadridnorte.com/75252-pieza.html
75255;8078PC64E;Piloto trasero izquierdo;MERCEDES-BENZ;Clase A;200 CDI;2005;Comprobada, funcionando;1 año;Bajo pedido 24-48h;43,41 € + IVA;https://desguacesmadridnorte.com/75255-pieza.html
75256;7558PW51A;Bomba de agua;NISSAN;Qashqai;1.6 dCi;2005;Comprobada, funcionando;1 año;Bajo pedido 24-48h;48,74 € + IVA;https://desguacesmadridnorte.com/75256-pieza.html
75257;2074MV61C;Piloto trasero derecho;MERCEDES-BENZ;CLA;180 CDI;2012;Sin comprobar;1 año;En stock;87,07 € + IVA;https://desguacesmadridnorte.com/75257-pieza.html
75258;9384NA23B;Colector de admisión;HYUNDAI;i30;1.4 CRDi;2005;Comprobada, funcionando;1 año;En stock;66,94 € + IVA;https://desguacesmadridnorte.com/75258-pieza.html
75260;8706EG58F;Retrovisor derecho;AUDI;A4;3.0 TDI;2017;Sin comprobar;1 año;Bajo pedido 24-48h;201,74 € + IVA;https://desguacesmadridnorte.com/75260-pieza.html
75261;8561WE50C;Bomba de dirección;AUDI;A4;2.0 TDI;2020;Desmontada de vehículo;1 año;En stock;138,81 € + IVA;https://desguacesmadridnorte.com/75261-pieza.html
75263;3886KY80C;Cuadro de instrumentos;FORD;Focus;1.6 TDCi;2019;Desmontada de vehículo;1 año;Bajo pedido 24-48h;218,49 € + IVA;https://desguacesmadridnorte.com/75263-pieza.html
75264;2157WT97C;Intercooler;FORD;Fusion;1.4 TDCi;2008;Comprobada, funcionando;1 año;Bajo pedido 24-48h;138,28 € + IVA;https://desguacesmadridnorte.com/75264-pieza.html
75267;2420SA19A;Airbag volante;NISSAN;Qashqai;1.6 dCi;2017;Comprobada, funcionando;1 año;Bajo pedido 24-48h;110,44 € + IVA;https://desguacesmadridnorte.com/75267-pieza.html
75270;5205RE88F;Faro delantero izquierdo;AUDI;A4;3.0 TDI;2015;Desmontada de vehículo;1 año;Bajo pedido 24-48h;299,40 € + IVA;https://desguacesmadridnorte.com/75270-pieza.html
75271;3711CA78C;Faro delantero izquierdo;FORD;Fusion;1.4 TDCi;2017;Comprobada, funcionando;1 año;Bajo pedido 24-48h;177,13 € + IVA;https://desguacesmadridnorte.com/75271-pieza.html
75274;3861VA48A;Cuadro de instrumentos;AUDI;A3;1.6 TDI;2013;Desmontada de vehículo;1 año;Bajo pedido 24-48h;204,01 € + IVA;https://desguacesmadridnorte.com/75274-pieza.html
75275;2458NQ43D;Puerta delantera derecha;AUDI;A3;1.4 TFSI;2012;Comprobada, funcionando;1 año;Bajo pedido 24-48h;168,10 € + IVA;https://desguacesmadridnorte.com/75275-pieza.html
75276;5496NQ14D;Amortiguador delantero;AUDI;Q3;1.4 TFSI;2006;Sin comprobar;1 año;Bajo pedido 24-48h;35,68 € + IVA;https://desguacesmadridnorte.com/75276-pieza.html
75278;8131PX15C;Faro delantero derecho;MERCEDES-BENZ;Clase A;200 CDI;2008;Comprobada, funcionando;1 año;Bajo pedido 24-48h;146,49 € + IVA;https://desguacesmadridnorte.com/75278-pieza.html
75280;3125WN88A;Retrovisor derecho;CITROEN;C4;1.6 HDi;2006;Comprobada, funcionando;1 año;En stock;31,32 € + IVA;https://desguacesmadridnorte.com/75280-pieza.html
75281;8092WX11C;Puerta delantera izquierda;CITROEN;C3;1.4 HDi;2021;Desmontada de vehículo;1 año;En stock;233,18 € + IVA;https://desguacesmadridnorte.com/75281-pieza.html
75283;8416TQ93A;Piloto trasero derecho;OPEL;Astra;1.6 CDTI;2016;Comprobada, funcionando;1 año;En stock;48,20 € + IVA;https://desguacesmadridnorte.com/75283-pieza.html
75284;8021XF73A;Cremallera de dirección;BMW;Serie 1;120i;2018;Sin comprobar;1 año;Bajo pedido 24-48h;413,81 € + IVA;https://desguacesmadridnorte.com/75284-pieza.html
75285;5916PT59D;Colector de admisión;HYUNDAI;i30;1.4 CRDi;2010;Desmontada de vehículo;1 año;Bajo pedido 24-48h;69,99 € + IVA;https://desguacesmadridnorte.com/75285-pieza.html
75288;4507FM35F;Retrovisor izquierdo;TOYOTA;Corolla;1.4 D-4D;2015;Comprobada, funcionando;1 año;Bajo pedido 24-48h;173,94 € + IVA;https://desguacesmadridnorte.com/75288-pieza.html
75290;1567FN48D;Aleta delantera izquierda;MERCEDES-BENZ;Clase E Coupé;250 CDI;2015;Sin comprobar;1 año;En stock;293,77 € + IVA;https://desguacesmadridnorte.com/75290-pieza.html
75293;9644YB67D;Amortiguador delantero;AUDI;A3;1.6 TDI;2009;Desmontada de vehículo;1 año;Bajo pedido 24-48h;46,92 € + IVA;https://desguacesmadridnorte.com/75293-pieza.html
75295;5515FT29C;Centralita motor;NISSAN;Qashqai;1.6 dCi;2007;Comprobada, funcionando;1 año;En stock;294,06 € + IVA;https://desguacesmadridnorte.com/75295-pieza.html
75296;3675CP51C;Cerradura puerta delantera;SEAT;Ibiza;1.9 TDI;2014;Comprobada, funcionando;1 año;En stock;57,08 € + IVA;https://desguacesmadridnorte.com/75296-pieza.html
75298;9707KH31B;Portón trasero;NISSAN;Juke;1.2 DIG-T;2007;Comprobada, funcionando;1 año;En stock;155,12 € + IVA;https://desguacesmadridnorte.com/75298-pieza.html
75299;1002QH26F;Airbag volante;PEUGEOT;208;1.4 HDi;2005;Comprobada, funcionando;1 año;En stock;65,05 € + IVA;https://desguacesmadridnorte.com/75299-pieza.html
75300;1027ZM87A;Amortiguador delantero;CITROEN;C3;1.4 HDi;2018;Comprobada, funcionando;1 año;Bajo pedido 24-48h;56,97 € + IVA;https://desguacesmadridnorte.com/75300-pieza.html
75303;3381RX65F;Puerta trasera izquierda;MERCEDES-BENZ;CLA;200 CDI;2018;Desmontada de vehículo;1 año;Bajo pedido 24-48h;502,76 € + IVA;https://desguacesmadridnorte.com/75303-pieza.html
75304;7806LK18F;Puerta trasera izquierda;FORD;Fiesta;1.5 TDCi;2008;Comprobada, funcionando;1 año;Bajo pedido 24-48h;157,41 € + IVA;https://desguacesmadridnorte.com/75304-pieza.html
75305;2166AC10E;Capó;BMW;X1;20d;2006;Comprobada, funcionando;1 año;Bajo pedido 24-48h;137,52 € + IVA;https://desguacesmadridnorte.com/75305-pieza.html
75307;8168DF54D;Compresor aire acondicionado;FORD;Fusion;1.4 TDCi;2020;Comprobada, funcionando;1 año;En stock;86,58 € + IVA;https://desguacesmadridnorte.com/75307-pieza.html
75310;1242LS45B;Portón trasero;SKODA;Octavia;2.0 TDI;2021;Desmontada de vehículo;1 año;En stock;196,08 € + IVA;https://desguacesmadridnorte.com/75310-pieza.html
75313;3214QF76E;Colector de admisión;MERCEDES-BENZ;Clase E Coupé;250 CDI;2020;Desmontada de vehículo;1 año;En stock;311,89 € + IVA;https://desguacesmadridnorte.com/75313-pieza.html
75316;9363XS73D;Retrovisor izquierdo;VOLKSWAGEN;Polo;1.4 TDI;2008;Comprobada, funcionando;1 año;En stock;119,61 € + IVA;https://desguacesmadridnorte.com/75316-pieza.html
75319;2531NB54A;Amortiguador delantero;MERCEDES-BENZ;Clase E Coupé;220 CDI;2017;Desmontada de vehículo;1 año;Bajo pedido 24-48h;49,83 € + IVA;https://desguacesmadridnorte.com/75319-pieza.html
75322;9651HB52F;Retrovisor derecho;NISSAN;Qashqai;1.5 dCi;2008;Desmontada de vehículo;1 año;En stock;69,57 € + IVA;https://desguacesmadridnorte.com/75322-pieza.html
75324;6563AY23D;Puerta delantera izquierda;TOYOTA;Corolla;1.8 Hybrid;2019;Desmontada de vehículo;1 año;Bajo pedido 24-48h;375,77 € + IVA;https://desguacesmadridnorte.com/75324-pieza.html
75325;2082KV28F;Cremallera de dirección;CITROEN;C3;1.2 PureTech;2015;Sin comprobar;1 año;En stock;160,81 € + IVA;https://desguacesmadridnorte.com/75325-pieza.html
75327;2485TF14E;Bomba de dirección;MERCEDES-BENZ;CLA;200 CDI;2008;Comprobada, funcionando;1 año;Bajo pedido 24-48h;85,39 € + IVA;https://desguacesmadridnorte.com/75327-pieza.html
75328;5549EV30A;Intercooler;NISSAN;Qashqai;1.5 dCi;2016;Desmontada de vehículo;1 año;Bajo pedido 24-48h;151,57 € + IVA;https://desguacesmadridnorte.com/75328-pieza.html
75329;9580KT83F;Módulo electrónico;FORD;Fiesta;1.5 TDCi;2012;Desmontada de vehículo;1 año;En stock;87,60 € + IVA;https://desguacesmadridnorte.com/75329-pieza.html
75330;9052NQ33B;Parachoques delantero;PEUGEOT;308;1.6 HDi;2015;Desmontada de vehículo;1 año;Bajo pedido 24-48h;156,81 € + IVA;https://desguacesmadridnorte.com/75330-pieza.html
75333;9291JB11F;Bomba de agua;KIA;Ceed;1.6 CRDi;2011;Comprobada, funcionando;1 año;En stock;55,52 € + IVA;https://desguacesmadridnorte.com/75333-pieza.html
75336;3090KY20B;Motor de arranque;SKODA;Fabia;1.4 TDI;2015;Comprobada, funcionando;1 año;En stock;116,69 € + IVA;https://desguacesmadridnorte.com/75336-pieza.html
75339;4720MC78D;Parachoques delantero;KIA;Ceed;1.6 CRDi;2010;Comprobada, funcionando;1 año;En stock;149,53 € + IVA;https://desguacesmadridnorte.com/75339-pieza.html
75340;4297ZG23A;Módulo electrónico;CITROEN;C4;1.6 HDi;2011;Comprobada, funcionando;1 año;En stock;62,88 € + IVA;https://desguacesmadridnorte.com/75340-pieza.html
75342;7825KP24D;Airbag volante;PEUGEOT;3008;2.0 HDi;2014;Desmontada de vehículo;1 año;Bajo pedido 24-48h;170,11 € + IVA;https://desguacesmadridnorte.com/75342-pieza.html
75343;1628PG68C;Amortiguador delantero;NISSAN;Qashqai;1.6 dCi;2007;Desmontada de vehículo;1 año;Bajo pedido 24-48h;20,43 € + IVA;https://desguacesmadridnorte.com/75343-pieza.html
75345;1362QS58C;Radiador;PEUGEOT;208;1.4 HDi;2019;Comprobada, funcionando;1 año;Bajo pedido 24-48h;48,39 € + IVA;https://desguacesmadridnorte.com/75345-pieza.html
75348;1450GM19C;Módulo electrónico;BMW;Serie 1;116d;2016;Comprobada, funcionando;1 año;Bajo pedido 24-48h;212,24 € + IVA;https://desguacesmadridnorte.com/75348-pieza.html
75349;5975DL31B;Cuadro de instrumentos;FORD;Focus;1.6 TDCi;2012;Sin comprobar;1 año;En stock;183,12 € + IVA;https://desguacesmadridnorte.com/75349-pieza.html
75351;2908NM47E;Elevalunas delantero izquierdo;BMW;X1;20d;2014;Comprobada, funcionando;1 año;Bajo pedido 24-48h;139,00 € + IVA;https://desguacesmadridnorte.com/75351-pieza.html
75352;5412RJ78E;Cremallera de dirección;VOLKSWAGEN;Polo;1.4 TDI;2006;Sin comprobar;1 año;En stock;180,70 € + IVA;https://desguacesmadridnorte.com/75352-pieza.html
75353;4680KV64D;Retrovisor derecho;TOYOTA;Camry;2.5 Hybrid;2013;Desmontada de vehículo;1 año;En stock;37,68 € + IVA;https://desguacesmadridnorte.com/75353-pieza.html
75356;6811ZE98D;Cuadro de instrumentos;NISSAN;Juke;1.2 DIG-T;2013;Desmontada de vehículo;1 año;En stock;167,39 € + IVA;https://desguacesmadridnorte.com/75356-pieza.html
75357;2464XK16D;Aleta delantera izquierda;VOLKSWAGEN;Golf;1.6 TDI;2021;Comprobada, funcionando;1 año;Bajo pedido 24-48h;177,40 € + IVA;https://desguacesmadridnorte.com/75357-pieza.html
75359;4245LS63E;Capó;AUDI;A3;2.0 TDI;2005;Comprobada, funcionando;1 año;En stock;102,75 € + IVA;https://desguacesmadridnorte.com/75359-pieza.html
75360;8336DK12E;Módulo electrónico;PEUGEOT;308;1.6 HDi;2005;Comprobada, funcionando;1 año;En stock;41,14 € + IVA;https://desguacesmadridnorte.com/75360-pieza.html
75362;3593CS71E;Cinturón de seguridad;KIA;Ceed;1.6 CRDi;2006;Comprobada, funcionando;1 año;Bajo pedido 24-48h;55,16 € + IVA;https://desguacesmadridnorte.com/75362-pieza.html
75365;7412AR52E;Cremallera de dirección;SEAT;Ibiza;1.2 TSI;2013;Desmontada de vehículo;1 año;En stock;231,52 € + IVA;https://desguacesmadridnorte.com/75365-pieza.html
75367;3559DZ33C;Cárter;CITROEN;C3;1.2 PureTech;2020;Comprobada, funcionando;1 año;En stock;85,15 € + IVA;https://desguacesmadridnorte.com/75367-pieza.html
75370;4105FS94F;Faro delantero derecho;SEAT;León;2.0 TDI;2018;Comprobada, funcionando;1 año;En stock;207,99 € + IVA;https://desguacesmadridnorte.com/75370-pieza.html
75373;4391QK11C;Motor de arranque;TOYOTA;Corolla;1.4 D-4D;2006;Desmontada de vehículo;1 año;Bajo pedido 24-48h;39,18 € + IVA;https://desguacesmadridnorte.com/75373-pieza.html
75376;4888PS47B;Cárter;SEAT;Ibiza;1.2 TSI;2018;Comprobada, funcionando;1 año;Bajo pedido 24-48h;74,27 € + IVA;https://desguacesmadridnorte.com/75376-pieza.html
75377;3532LW17E;Bomba de dirección;FORD;Fiesta;1.5 TDCi;2010;Sin comprobar;1 año;Bajo pedido 24-48h;75,54 € + IVA;https://desguacesmadridnorte.com/75377-pieza.html
75378;2437RK96F;Piloto trasero derecho;PEUGEOT;308;1.6 HDi;2021;Desmontada de vehículo;1 año;En stock;28,51 € + IVA;https://desguacesmadridnorte.com/75378-pieza.html
75380;8478ER86F;Portón trasero;BMW;Serie 3;318d;2016;Comprobada, funcionando;1 año;En stock;191,94 € + IVA;https://desguacesmadridnorte.com/75380-pieza.html
75383;6640BJ26C;Puerta delantera izquierda;TOYOTA;Camry;2.5 Hybrid;2016;Desmontada de vehículo;1 año;En stock;357,13 € + IVA;https://desguacesmadridnorte.com/75383-pieza.html
75384;8703ED32F;Elevalunas delantero izquierdo;CITROEN;C4;1.6 HDi;2021;Comprobada, funcionando;1 año;En stock;77,12 € + IVA;https://desguacesmadridnorte.com/75384-pieza.html
75385;2282ER61B;Cuadro de instrumentos;TOYOTA;Proace City;1.5 D-4D;2020;Comprobada, funcionando;1 año;En stock;199,09 € + IVA;https://desguacesmadridnorte.com/75385-pieza.html
75386;3497RY44D;Parachoques delantero;KIA;Sportage;1.7 CRDi;2017;Desmontada de vehículo;1 año;Bajo pedido 24-48h;155,29 € + IVA;https://desguacesmadridnorte.com/75386-pieza.html
75388;6844MS33D;Módulo electrónico;MERCEDES-BENZ;Clase E Coupé;220 CDI;2012;Desmontada de vehículo;1 año;Bajo pedido 24-48h;103,64 € + IVA;https://desguacesmadridnorte.com/75388-pieza.html
75390;5806JQ60B;Compresor aire acondicionado;CITROEN;C3;1.2 PureTech;2018;Comprobada, funcionando;1 año;En stock;219,45 € + IVA;https://desguacesmadridnorte.com/75390-pieza.html
75392;8902RE87A;Módulo electrónico;KIA;Sportage;1.7 CRDi;2013;Desmontada de vehículo;1 año;Bajo pedido 24-48h;92,46 € + IVA;https://desguacesmadridnorte.com/75392-pieza.html
75395;5023MH66B;Intercooler;BMW;Serie 3;318d;2009;Sin comprobar;1 año;En stock;224,60 € + IVA;https://desguacesmadridnorte.com/75395-pieza.html
75396;5157PG41E;Paso de rueda trasero izquierdo;NISSAN;Juke;1.5 dCi;2014;Comprobada, funcionando;1 año;Bajo pedido 24-48h;33,56 € + IVA;https://desguacesmadridnorte.com/75396-pieza.html
75399;9950SP17A;Compresor aire acondicionado;KIA;Ceed;1.6 CRDi;2020;Comprobada, funcionando;1 año;En stock;253,68 € + IVA;https://desguacesmadridnorte.com/75399-pieza.html
75402;9844SX23E;Cinturón de seguridad;VOLKSWAGEN;Passat;1.6 TDI;2018;Comprobada, funcionando;1 año;Bajo pedido 24-48h;44,79 € + IVA;https://desguacesmadridnorte.com/75402-pieza.html
75405;8286DY93C;Amortiguador delantero;SEAT;Ateca;2.0 TDI;2010;Desmontada de vehículo;1 año;En stock;47,18 € + IVA;https://desguacesmadridnorte.com/75405-pieza.html
75408;3318HR76D;Piloto trasero derecho;RENAULT;Clio;1.5 dCi;2005;Comprobada, funcionando;1 año;En stock;16,21 € + IVA;https://desguacesmadridnorte.com/75408-pieza.html
75411;9632RZ34C;Aleta delantera izquierda;RENAULT;Clio;1.2 16v;2016;Sin comprobar;1 año;En stock;71,52 € + IVA;https://desguacesmadridnorte.com/75411-pieza.html
75412;6359HP23F;Capó;SEAT;Ateca;2.0 TDI;2019;Comprobada, funcionando;1 año;Bajo pedido 24-48h;192,45 € + IVA;https://desguacesmadridnorte.com/75412-pieza.html
75415;8459HB11A;Piloto trasero izquierdo;TOYOTA;Camry;2.5 Hybrid;2015;Comprobada, funcionando;1 año;En stock;100,61 € + IVA;https://desguacesmadridnorte.com/75415-pieza.html
75416;8055XG91F;Aleta delantera izquierda;CITROEN;C3;1.4 HDi;2009;Comprobada, funcionando;1 año;Bajo pedido 24-48h;74,62 € + IVA;https://desguacesmadridnorte.com/75416-pieza.html
75419;7055WC67E;Bomba de agua;VOLKSWAGEN;Polo;1.4 TDI;2016;Comprobada, funcionando;1 año;En stock;78,76 € + IVA;https://desguacesmadridnorte.com/75419-pieza.html
75420;8705XJ73D;Piloto trasero izquierdo;PEUGEOT;3008;2.0 HDi;2005;Comprobada, funcionando;1 año;En stock;30,26 € + IVA;https://desguacesmadridnorte.com/75420-pieza.html
75422;2358KG18B;Amortiguador delantero;CITROEN;C3;1.2 PureTech;2005;Desmontada de vehículo;1 año;Bajo pedido 24-48h;45,59 € + IVA;https://desguacesmadridnorte.com/75422-pieza.html
75425;9584CC41A;Cerradura puerta delantera;HYUNDAI;i30;1.6 CRDi;2020;Desmontada de vehículo;1 año;Bajo pedido 24-48h;45,15 € + IVA;https://desguacesmadridnorte.com/75425-pieza.html
75427;2950BJ41E;Cerradura puerta delantera;VOLKSWAGEN;Passat;1.6 TDI;2010;Comprobada, funcionando;1 año;Bajo pedido 24-48h;30,10 € + IVA;https://desguacesmadridnorte.com/75427-pieza.html
75428;8471BY99F;Paso de rueda trasero izquierdo;MERCEDES-BENZ;Clase E Coupé;220 CDI;2013;Desmontada de vehículo;1 año;Bajo pedido 24-48h;64,79 € + IVA;https://desguacesmadridnorte.com/75428-pieza.html
75430;4643GA62E;Airbag volante;SEAT;Ateca;1.5 TSI;2007;Comprobada, funcionando;1 año;En stock;77,58 € + IVA;https://desguacesmadridnorte.com/75430-pieza.html
75433;8745BY81D;Centralita motor;TOYOTA;Camry;2.5 Hybrid;2012;Comprobada, funcionando;1 año;Bajo pedido 24-48h;320,18 € + IVA;https://desguacesmadridnorte.com/75433-pieza.html
75434;1676QJ62A;Retrovisor derecho;NISSAN;Qashqai;1.5 dCi;2014;Comprobada, funcionando;1 año;Bajo pedido 24-48h;93,21 € + IVA;https://desguacesmadridnorte.com/75434-pieza.html
75436;8813EK47F;Faro delantero izquierdo;PEUGEOT;308;2.0 HDi;2017;Desmontada de vehículo;1 año;En stock;92,78 € + IVA;https://desguacesmadridnorte.com/75436-pieza.html
75438;2141HQ77B;Puerta trasera izquierda;BMW;X1;18d;2018;Desmontada de vehículo;1 año;En stock;340,14 € + IVA;https://desguacesmadridnorte.com/75438-pieza.html
75441;1409QX16D;Paso de rueda trasero izquierdo;PEUGEOT;208;1.6 HDi;2006;Comprobada, funcionando;1 año;En stock;16,09 € + IVA;https://desguacesmadridnorte.com/75441-pieza.html
75442;8769HV15D;Retrovisor derecho;BMW;Serie 3;318d;2007;Comprobada, funcionando;1 año;En stock;97,22 € + IVA;https://desguacesmadridnorte.com/75442-pieza.html
75445;6255NW19A;Paso de rueda trasero izquierdo;OPEL;Corsa;1.2 16v;2012;Comprobada, funcionando;1 año;En stock;48,60 € + IVA;https://desguacesmadridnorte.com/75445-pieza.html
75446;5724NE88C;Paso de rueda trasero izquierdo;SEAT;Ibiza;1.2 TSI;2012;Desmontada de vehículo;1 año;Bajo pedido 24-48h;26,43 € + IVA;https://desguacesmadridnorte.com/75446-pieza.html
75449;2885ZP19A;Colector de admisión;CITROEN;C4;1.6 HDi;2021;Desmontada de vehículo;1 año;En stock;59,24 € + IVA;https://desguacesmadridnorte.com/75449-pieza.html
75451;3163KT61F;Cárter;AUDI;A3;1.6 TDI;2009;Desmontada de vehículo;1 año;Bajo pedido 24-48h;87,90 € + IVA;https://desguacesmadridnorte.com/75451-pieza.html
75452;4194TA44F;Capó;VOLKSWAGEN;Passat;1.6 TDI;2013;Comprobada, funcionando;1 año;En stock;301,96 € + IVA;https://desguacesmadridnorte.com/75452-pieza.html
75454;5293FD85C;Puerta trasera izquierda;MERCEDES-BENZ;CLA;180 CDI;2017;Desmontada de vehículo;1 año;Bajo pedido 24-48h;502,49 € + IVA;https://desguacesmadridnorte.com/75454-pieza.html
75455;2164JA81A;Cuadro de instrumentos;SEAT;León;1.6 TDI;2014;Comprobada, funcionando;1 año;Bajo pedido 24-48h;67,84 € + IVA;https://desguacesmadridnorte.com/75455-pieza.html
75457;4900SK21F;Puerta delantera derecha;CITROEN;C3;1.4 HDi;2015;Desmontada de vehículo;1 año;Bajo pedido 24-48h;143,23 € + IVA;https://desguacesmadridnorte.com/75457-pieza.html
75459;8399ZL69E;Puerta delantera izquierda;SKODA;Octavia;2.0 TDI;2012;Comprobada, funcionando;1 año;Bajo pedido 24-48h;292,10 € + IVA;https://desguacesmadridnorte.com/75459-pieza.html
75460;6561KE11C;Bomba de agua;SKODA;Fabia;1.2 TSI;2018;Desmontada de vehículo;1 año;En stock;61,46 € + IVA;https://desguacesmadridnorte.com/75460-pieza.html
75462;6239LA43D;Radiador;PEUGEOT;308;1.6 HDi;2011;Comprobada, funcionando;1 año;En stock;91,61 € + IVA;https://desguacesmadridnorte.com/75462-pieza.html
75463;2131JJ48B;Radiador;AUDI;A3;2.0 TDI;2017;Comprobada, funcionando;1 año;Bajo pedido 24-48h;90,70 € + IVA;https://desguacesmadridnorte.com/75463-pieza.html
75466;3688GN16C;Retrovisor izquierdo;TOYOTA;Camry;2.5 Hybrid;2016;Comprobada, funcionando;1 año;En stock;104,07 € + IVA;https://desguacesmadridnorte.com/75466-pieza.html
75468;4595GK16D;Caja de cambios;TOYOTA;Corolla;1.8 Hybrid;2014;Desmontada de vehículo;1 año;En stock;385,77 € + IVA;https://desguacesmadridnorte.com/75468-pieza.html
75471;9261XK54C;Motor de arranque;AUDI;A3;1.4 TFSI;2011;Sin comprobar;1 año;Bajo pedido 24-48h;173,19 € + IVA;https://desguacesmadridnorte.com/75471-pieza.html
75472;1076VX78B;Bomba de agua;VOLKSWAGEN;Golf;1.4 TSI;2021;Comprobada, funcionando;1 año;En stock;85,19 € + IVA;https://desguacesmadridnorte.com/75472-pieza.html
75473;5476EE23A;Cuadro de instrumentos;FORD;Fiesta;1.0 EcoBoost;2010;Desmontada de vehículo;1 año;Bajo pedido 24-48h;50,39 € + IVA;https://desguacesmadridnorte.com/75473-pieza.html
75476;7297AK25E;Intercooler;NISSAN;Juke;1.5 dCi;2021;Comprobada, funcionando;1 año;En stock;117,42 € + IVA;https://desguacesmadridnorte.com/75476-pieza.html
75477;3931CB56A;Parachoques delantero;SKODA;Fabia;1.2 TSI;2015;Desmontada de vehículo;1 año;Bajo pedido 24-48h;165,91 € + IVA;https://desguacesmadridnorte.com/75477-pieza.html
75480;3764TN74D;Elevalunas delantero izquierdo;PEUGEOT;208;1.6 HDi;2008;Comprobada, funcionando;1 año;En stock;49,55 € + IVA;https://desguacesmadridnorte.com/75480-pieza.html
75483;6074JX75B;Compresor aire acondicionado;PEUGEOT;208;1.6 HDi;2006;Desmontada de vehículo;1 año;Bajo pedido 24-48h;103,72 € + IVA;https://desguacesmadridnorte.com/75483-pieza.html
75485;3152CQ55D;Faro delantero derecho;SKODA;Octavia;1.6 TDI;2018;Comprobada, funcionando;1 año;Bajo pedido 24-48h;98,33 € + IVA;https://desguacesmadridnorte.com/75485-pieza.html
75488;7151AM45C;Intercooler;OPEL;Corsa;1.2 16v;2019;Desmontada de vehículo;1 año;Bajo pedido 24-48h;114,66 € + IVA;https://desguacesmadridnorte.com/75488-pieza.html
75489;1851XA15D;Caja de cambios;CITROEN;C3;1.2 PureTech;2006;Desmontada de vehículo;1 año;Bajo pedido 24-48h;108,01 € + IVA;https://desguacesmadridnorte.com/75489-pieza.html
75491;7012MS88D;Cuadro de instrumentos;KIA;Sportage;1.7 CRDi;2018;Comprobada, funcionando;1 año;En stock;258,34 € + IVA;https://desguacesmadridnorte.com/75491-pieza.html
75494;4996KK34F;Catalizador;HYUNDAI;Tucson;2.0 CRDi;2017;Comprobada, funcionando;1 año;Bajo pedido 24-48h;462,98 € + IVA;https://desguacesmadridnorte.com/75494-pieza.html
75497;8576KE68A;Piloto trasero derecho;PEUGEOT;3008;2.0 HDi;2015;Comprobada, funcionando;1 año;Bajo pedido 24-48h;67,09 € + IVA;https://desguacesmadridnorte.com/75497-pieza.html
75498;7585RN49D;Motor de arranque;TOYOTA;Corolla;1.8 Hybrid;2015;Comprobada, funcionando;1 año;Bajo pedido 24-48h;134,01 € + IVA;https://desguacesmadridnorte.com/75498-pieza.html
75499;6202ES71F;Faro delantero izquierdo;OPEL;Corsa;1.2 16v;2005;Comprobada, funcionando;1 año;Bajo pedido 24-48h;91,40 € + IVA;https://desguacesmadridnorte.com/75499-pieza.html
75500;3030GE25C;Amortiguador delantero;HYUNDAI;Tucson;1.7 CRDi;2019;Comprobada, funcionando;1 año;Bajo pedido 24-48h;45,84 € + IVA;https://desguacesmadridnorte.com/75500-pieza.html
75502;6212DK75A;Capó;FORD;Focus;2.0 TDCi;2017;Comprobada, funcionando;1 año;En stock;151,12 € + IVA;https://desguacesmadridnorte.com/75502-pieza.html
75505;1845XB47D;Puerta delantera derecha;OPEL;Corsa;1.3 CDTI;2021;Comprobada, funcionando;1 año;En stock;172,23 € + IVA;https://desguacesmadridnorte.com/75505-pieza.html
75507;5141CM89E;Bomba de agua;VOLKSWAGEN;Passat;1.6 TDI;2009;Comprobada, funcionando;1 año;En stock;69,19 € + IVA;https://desguacesmadridnorte.com/75507-pieza.html
75508;4879KY60A;Amortiguador delantero;SKODA;Octavia;2.0 TDI;2016;Comprobada, funcionando;1 año;Bajo pedido 24-48h;65,88 € + IVA;https://desguacesmadridnorte.com/75508-pieza.html
75511;4872LN38F;Piloto trasero derecho;TOYOTA;Corolla;1.4 D-4D;2007;Comprobada, funcionando;1 año;Bajo pedido 24-48h;55,97 € + IVA;https://desguacesmadridnorte.com/75511-pieza.html
75512;2109MA97A;Catalizador;BMW;Serie 3;318d;2015;Comprobada, funcionando;1 año;En stock;550,29 € + IVA;https://desguacesmadridnorte.com/75512-pieza.html
75513;1224WY26F;Faro delantero derecho;SEAT;Ibiza;1.6 TDI;2018;Desmontada de vehículo;1 año;Bajo pedido 24-48h;196,97 € + IVA;https://desguacesmadridnorte.com/75513-pieza.html
75515;7135WM58F;Turbo;NISSAN;Qashqai;1.5 dCi;2010;Comprobada, funcionando;1 año;Bajo pedido 24-48h;361,37 € + IVA;https://desguacesmadridnorte.com/75515-pieza.html
75516;5072QZ52A;Colector de admisión;OPEL;Corsa;1.3 CDTI;2014;Comprobada, funcionando;1 año;Bajo pedido 24-48h;101,35 € + IVA;https://desguacesmadridnorte.com/75516-pieza.html
75517;7895BT18A;Elevalunas delantero izquierdo;OPEL;Corsa;1.2 16v;2008;Sin comprobar;1 año;En stock;47,50 € + IVA;https://desguacesmadridnorte.com/75517-pieza.html
75519;3816YJ58E;Paso de rueda trasero izquierdo;RENAULT;Captur;1.5 dCi;2014;Desmontada de vehículo;1 año;Bajo pedido 24-48h;29,97 € + IVA;https://desguacesmadridnorte.com/75519-pieza.html
75520;5104ZL28C;Elevalunas delantero izquierdo;AUDI;Q3;1.4 TFSI;2020;Comprobada, funcionando;1 año;Bajo pedido 24-48h;133,01 € + IVA;https://desguacesmadridnorte.com/75520-pieza.html
75522;7144KN35C;Cremallera de dirección;BMW;Serie 3;318d;2016;Comprobada, funcionando;1 año;En stock;332,02 € + IVA;https://desguacesmadridnorte.com/75522-pieza.html
75523;3232JZ29A;Amortiguador delantero;BMW;Serie 1;118d;2016;Comprobada, funcionando;1 año;En stock;38,21 € + IVA;https://desguacesmadridnorte.com/75523-pieza.html
75525;9937HH34D;Cremallera de dirección;SKODA;Fabia;1.2 TSI;2015;Comprobada, funcionando;1 año;En stock;243,97 € + IVA;https://desguacesmadridnorte.com/75525-pieza.html
75528;3915JL41B;Piloto trasero izquierdo;MERCEDES-BENZ;Clase E Coupé;220 CDI;2015;Comprobada, funcionando;1 año;En stock;135,55 € + IVA;https://desguacesmadridnorte.com/75528-pieza.html
75529;7711SL34A;Puerta delantera derecha;HYUNDAI;Tucson;1.7 CRDi;2012;Desmontada de vehículo;1 año;En stock;350,41 € + IVA;https://desguacesmadridnorte.com/75529-pieza.html
75531;9001GY72C;Faro delantero derecho;BMW;X1;18d;2009;Sin comprobar;1 año;En stock;104,26 € + IVA;https://desguacesmadridnorte.com/75531-pieza.html
75532;2580FV51D;Cremallera de dirección;SEAT;Ateca;2.0 TDI;2014;Desmontada de vehículo;1 año;Bajo pedido 24-48h;261,70 € + IVA;https://desguacesmadridnorte.com/75532-pieza.html
75534;3135GY41C;Retrovisor derecho;KIA;Sportage;1.7 CRDi;2013;Desmontada de vehículo;1 año;Bajo pedido 24-48h;134,84 € + IVA;https://desguacesmadridnorte.com/75534-pieza.html
75535;2564FC60A;Bomba de dirección;RENAULT;Clio;1.2 16v;2015;Desmontada de vehículo;1 año;En stock;101,15 € + IVA;https://desguacesmadridnorte.com/75535-pieza.html
75537;8477FT87B;Capó;HYUNDAI;i30;1.4 CRDi;2011;Desmontada de vehículo;1 año;En stock;120,75 € + IVA;https://desguacesmadridnorte.com/75537-pieza.html
75538;6557XL50C;Airbag volante;RENAULT;Clio;1.2 16v;2009;Sin comprobar;1 año;Bajo pedido 24-48h;98,02 € + IVA;https://desguacesmadridnorte.com/75538-pieza.html
75541;5744LW66D;Radiador;FORD;Focus;2.0 TDCi;2016;Desmontada de vehículo;1 año;Bajo pedido 24-48h;94,89 € + IVA;https://desguacesmadridnorte.com/75541-pieza.html
75543;3001WS50D;Puerta delantera izquierda;OPEL;Astra;1.7 CDTI;2009;Desmontada de vehículo;1 año;Bajo pedido 24-48h;106,80 € + IVA;https://desguacesmadridnorte.com/75543-pieza.html
75546;2926KP89B;Colector de admisión;CITROEN;C3;1.2 PureTech;2010;Desmontada de vehículo;1 año;Bajo pedido 24-48h;96,08 € + IVA;https://desguacesmadridnorte.com/75546-pieza.html
75547;1434JL36D;Radiador;PEUGEOT;3008;1.6 HDi;2012;Desmontada de vehículo;1 año;Bajo pedido 24-48h;108,20 € + IVA;https://desguacesmadridnorte.com/75547-pieza.html
75549;4647KQ71D;Retrovisor izquierdo;CITROEN;C3;1.4 HDi;2011;Comprobada, funcionando;1 año;En stock;118,04 € + IVA;https://desguacesmadridnorte.com/75549-pieza.html
75552;7412DF86C;Cuadro de instrumentos;AUDI;Q3;2.0 TDI;2005;Comprobada, funcionando;1 año;En stock;104,90 € + IVA;https://desguacesmadridnorte.com/75552-pieza.html
75554;9838EP30C;Puerta delantera derecha;AUDI;A4;2.0 TFSI;2005;Comprobada, funcionando;1 año;En stock;297,79 € + IVA;https://desguacesmadridnorte.com/75554-pieza.html
75557;4697FE21F;Elevalunas delantero izquierdo;FORD;Focus;2.0 TDCi;2019;Comprobada, funcionando;1 año;En stock;70,89 € + IVA;https://desguacesmadridnorte.com/75557-pieza.html
75559;2011CX61C;Cinturón de seguridad;SKODA;Fabia;1.2 TSI;2011;Comprobada, funcionando;1 año;En stock;21,09 € + IVA;https://desguacesmadridnorte.com/75559-pieza.html
75560;9068EY60A;Retrovisor derecho;OPEL;Astra;1.7 CDTI;2006;Comprobada, funcionando;1 año;Bajo pedido 24-48h;79,51 € + IVA;https://desguacesmadridnorte.com/75560-pieza.html
75563;4176DY63B;Radiador;HYUNDAI;Tucson;1.7 CRDi;2006;Desmontada de vehículo;1 año;Bajo pedido 24-48h;33,64 € + IVA;https://desguacesmadridnorte.com/75563-pieza.html
75566;4649TN15E;Cárter;VOLKSWAGEN;Passat;2.0 TDI;2010;Comprobada, funcionando;1 año;En stock;106,76 € + IVA;https://desguacesmadridnorte.com/75566-pieza.html
75568;8543ZB34D;Cuadro de instrumentos;SKODA;Fabia;1.2 TSI;2010;Comprobada, funcionando;1 año;Bajo pedido 24-48h;139,43 € + IVA;https://desguacesmadridnorte.com/75568-pieza.html
75570;3608TW40D;Retrovisor derecho;KIA;Ceed;1.6 CRDi;2012;Desmontada de vehículo;1 año;En stock;132,84 € + IVA;https://desguacesmadridnorte.com/75570-pieza.html
75572;2690ZB18F;Cremallera de dirección;RENAULT;Captur;1.5 dCi;2006;Comprobada, funcionando;1 año;Bajo pedido 24-48h;74,68 € + IVA;https://desguacesmadridnorte.com/75572-pieza.html
75575;7296DV22D;Módulo electrónico;SKODA;Fabia;1.4 TDI;2015;Comprobada, funcionando;1 año;En stock;157,00 € + IVA;https://desguacesmadridnorte.com/75575-pieza.html
75577;6680HZ60C;Elevalunas delantero izquierdo;VOLKSWAGEN;Golf;1.6 TDI;2015;Desmontada de vehículo;1 año;Bajo pedido 24-48h;95,16 € + IVA;https://desguacesmadridnorte.com/75577-pieza.html
75579;2506PS41D;Catalizador;RENAULT;Megane;1.6 dCi;2018;Comprobada, funcionando;1 año;Bajo pedido 24-48h;268,86 € + IVA;https://desguacesmadridnorte.com/75579-pieza.html
75582;9684JS11A;Turbo;FORD;Focus;2.0 TDCi;2012;Comprobada, funcionando;1 año;En stock;415,68 € + IVA;https://desguacesmadridnorte.com/75582-pieza.html
75583;7534TY10A;Bomba de dirección;HYUNDAI;i30;1.4 CRDi;2007;Comprobada, funcionando;1 año;En stock;103,26 € + IVA;https://desguacesmadridnorte.com/75583-pieza.html
75585;8366RR39C;Centralita motor;VOLKSWAGEN;Polo;1.4 TDI;2017;Comprobada, funcionando;1 año;Bajo pedido 24-48h;109,38 € + IVA;https://desguacesmadridnorte.com/75585-pieza.html
75588;7871XS29E;Cinturón de seguridad;MERCEDES-BENZ;Clase E Coupé;220 CDI;2015;Comprobada, funcionando;1 año;En stock;105,06 € + IVA;https://desguacesmadridnorte.com/75588-pieza.html
75591;9202RF71E;Amortiguador delantero;BMW;X1;20d;2005;Desmontada de vehículo;1 año;En stock;50,74 € + IVA;https://desguacesmadridnorte.com/75591-pieza.html
75594;5599NM64F;Portón trasero;NISSAN;Qashqai;1.6 dCi;2017;Comprobada, funcionando;1 año;Bajo pedido 24-48h;240,11 € + IVA;https://desguacesmadridnorte.com/75594-pieza.html
75595;1477FB20D;Turbo;PEUGEOT;208;1.4 HDi;2006;Comprobada, funcionando;1 año;En stock;301,22 € + IVA;https://desguacesmadridnorte.com/75595-pieza.html
75596;7932XH48D;Motor completo;VOLKSWAGEN;Golf;1.6 TDI;2013;Desmontada de vehículo;1 año;En stock;2.128,60 € + IVA;https://desguacesmadridnorte.com/75596-pieza.html
75597;4794NS93C;Compresor aire acondicionado;BMW;Serie 3;320d;2019;Sin comprobar;1 año;En stock;404,96 € + IVA;https://desguacesmadridnorte.com/75597-pieza.html
75598;5787SQ29C;Parachoques trasero;VOLKSWAGEN;Golf;1.4 TSI;2017;Desmontada de vehículo;1 año;Bajo pedido 24-48h;270,10 € + IVA;https://desguacesmadridnorte.com/75598-pieza.html
75601;4190VD77A;Cárter;SEAT;León;1.6 TDI;2015;Desmontada de vehículo;1 año;En stock;82,54 € + IVA;https://desguacesmadridnorte.com/75601-pieza.html
75602;2850RY15A;Cárter;HYUNDAI;i30;1.6 CRDi;2015;Sin comprobar;1 año;En stock;111,72 € + IVA;https://desguacesmadridnorte.com/75602-pieza.html
75603;4824JJ85F;Bomba de agua;KIA;Ceed;1.4 CRDi;2011;Comprobada, funcionando;1 año;En stock;72,10 € + IVA;https://desguacesmadridnorte.com/75603-pieza.html
75604;7139NK33E;Colector de admisión;PEUGEOT;3008;1.6 HDi;2016;Comprobada, funcionando;1 año;Bajo pedido 24-48h;132,96 € + IVA;https://desguacesmadridnorte.com/75604-pieza.html
75605;1335AP30C;Cinturón de seguridad;PEUGEOT;308;1.6 HDi;2019;Comprobada, funcionando;1 año;Bajo pedido 24-48h;59,59 € + IVA;https://desguacesmadridnorte.com/75605-pieza.html
75607;2488CR49A;Motor completo;NISSAN;Qashqai;1.6 dCi;2006;Comprobada, funcionando;1 año;En stock;1.355,50 € + IVA;https://desguacesmadridnorte.com/75607-pieza.html
75609;7017JY73C;Cerradura puerta delantera;KIA;Ceed;1.6 CRDi;2005;Comprobada, funcionando;1 año;Bajo pedido 24-48h;31,47 € + IVA;https://desguacesmadridnorte.com/75609-pieza.html
75610;9528LT62B;Faro delantero izquierdo;MERCEDES-BENZ;Clase A;200 CDI;2009;Comprobada, funcionando;1 año;En stock;74,00 € + IVA;https://desguacesmadridnorte.com/75610-pieza.html
75613;4585FT22A;Piloto trasero izquierdo;SEAT;León;2.0 TDI;2018;Desmontada de vehículo;1 año;Bajo pedido 24-48h;75,55 € + IVA;https://desguacesmadridnorte.com/75613-pieza.html
75616;2006CB77A;Faro delantero derecho;NISSAN;Juke;1.5 dCi;2006;Sin comprobar;1 año;En stock;95,44 € + IVA;https://desguacesmadridnorte.com/75616-pieza.html
75619;7976RC49C;Cárter;AUDI;A4;2.0 TFSI;2014;Comprobada, funcionando;1 año;En stock;115,76 € + IVA;https://desguacesmadridnorte.com/75619-pieza.html
75621;8100KD53F;Turbo;SEAT;León;2.0 TDI;2011;Comprobada, funcionando;1 año;Bajo pedido 24-48h;361,54 € + IVA;https://desguacesmadridnorte.com/75621-pieza.html
75623;5253WL30F;Cremallera de dirección;NISSAN;Juke;1.5 dCi;2015;Comprobada, funcionando;1 año;En stock;203,90 € + IVA;https://desguacesmadridnorte.com/75623-pieza.html
75624;9718VB89B;Puerta delantera izquierda;RENAULT;Captur;0.9 TCe;2020;Comprobada, funcionando;1 año;Bajo pedido 24-48h;220,00 € + IVA;https://desguacesmadridnorte.com/75624-pieza.html
75625;8863FK30E;Parachoques delantero;SEAT;Ateca;1.5 TSI;2006;Desmontada de vehículo;1 año;Bajo pedido 24-48h;63,37 € + IVA;https://desguacesmadridnorte.com/75625-pieza.html
75627;4349RH26C;Compresor aire acondicionado;SKODA;Fabia;1.2 TSI;2015;Comprobada, funcionando;1 año;En stock;165,33 € + IVA;https://desguacesmadridnorte.com/75627-pieza.html
75628;9132LS54C;Portón trasero;HYUNDAI;i30;1.6 CRDi;2006;Comprobada, funcionando;1 año;En stock;104,22 € + IVA;https://desguacesmadridnorte.com/75628-pieza.html
75631;1987GM84F;Capó;VOLKSWAGEN;Polo;1.2 TSI;2014;Sin comprobar;1 año;En stock;103,07 € + IVA;https://desguacesmadridnorte.com/75631-pieza.html
75634;8483JX12E;Centralita motor;VOLKSWAGEN;Passat;2.0 TDI;2008;Comprobada, funcionando;1 año;En stock;255,45 € + IVA;https://desguacesmadridnorte.com/75634-pieza.html
75637;2353GA90C;Centralita motor;SEAT;Ibiza;1.6 TDI;2005;Desmontada de vehículo;1 año;Bajo pedido 24-48h;83,24 € + IVA;https://desguacesmadridnorte.com/75637-pieza.html
75640;6369YN49F;Paso de rueda trasero izquierdo;KIA;Ceed;1.4 CRDi;2018;Desmontada de vehículo;1 año;En stock;37,13 € + IVA;https://desguacesmadridnorte.com/75640-pieza.html
75642;5032JA69A;Portón trasero;AUDI;A4;3.0 TDI;2014;Sin comprobar;1 año;En stock;248,73 € + IVA;https://desguacesmadridnorte.com/75642-pieza.html
75643;9093JQ76A;Piloto trasero derecho;VOLKSWAGEN;Golf;1.4 TSI;2015;Comprobada, funcionando;1 año;Bajo pedido 24-48h;83,83 € + IVA;https://desguacesmadridnorte.com/75643-pieza.html
75645;4895HQ69C;Turbo;MERCEDES-BENZ;Clase A;180 CDI;2020;Comprobada, funcionando;1 año;En stock;1.032,64 € + IVA;https://desguacesmadridnorte.com/75645-pieza.html
75648;2133PM43E;Paso de rueda trasero izquierdo;SEAT;Ibiza;1.6 TDI;2011;Desmontada de vehículo;1 año;Bajo pedido 24-48h;46,06 € + IVA;https://desguacesmadridnorte.com/75648-pieza.html
75651;5401FM71E;Colector de admisión;OPEL;Astra;1.7 CDTI;2008;Comprobada, funcionando;1 año;En stock;70,79 € + IVA;https://desguacesmadridnorte.com/75651-pieza.html
75652;5330SQ93E;Cremallera de dirección;SEAT;León;1.6 TDI;2021;Comprobada, funcionando;1 año;En stock;332,91 € + IVA;https://desguacesmadridnorte.com/75652-pieza.html
75653;9639MM15E;Paso de rueda trasero izquierdo;VOLKSWAGEN;Passat;1.6 TDI;2008;Sin comprobar;1 año;En stock;23,48 € + IVA;https://desguacesmadridnorte.com/75653-pieza.html
75655;6792KN72A;Bomba de dirección;SKODA;Octavia;1.6 TDI;2019;Desmontada de vehículo;1 año;En stock;55,49 € + IVA;https://desguacesmadridnorte.com/75655-pieza.html
75658;7618GM49A;Faro delantero derecho;RENAULT;Clio;1.5 dCi;2020;Comprobada, funcionando;1 año;En stock;152,75 € + IVA;https://desguacesmadridnorte.com/75658-pieza.html
75659;4567ES33A;Intercooler;NISSAN;Juke;1.5 dCi;2006;Comprobada, funcionando;1 año;En stock;82,38 € + IVA;https://desguacesmadridnorte.com/75659-pieza.html
75661;2835FS42A;Retrovisor derecho;TOYOTA;Corolla;1.8 Hybrid;2007;Sin comprobar;1 año;Bajo pedido 24-48h;29,86 € + IVA;https://desguacesmadridnorte.com/75661-pieza.html
75664;4606WK65F;Puerta delantera izquierda;AUDI;Q3;2.0 TDI;2013;Comprobada, funcionando;1 año;En stock;366,65 € + IVA;https://desguacesmadridnorte.com/75664-pieza.html
75666;7591TC76F;Turbo;NISSAN;Juke;1.2 DIG-T;2014;Comprobada, funcionando;1 año;En stock;181,74 € + IVA;https://desguacesmadridnorte.com/75666-pieza.html
75667;5960CE88D;Paso de rueda trasero izquierdo;VOLKSWAGEN;Passat;2.0 TDI;2016;Desmontada de vehículo;1 año;Bajo pedido 24-48h;26,01 € + IVA;https://desguacesmadridnorte.com/75667-pieza.html
75670;7061LH57D;Compresor aire acondicionado;MERCEDES-BENZ;CLA;180 CDI;2012;Comprobada, funcionando;1 año;Bajo pedido 24-48h;109,77 € + IVA;https://desguacesmadridnorte.com/75670-pieza.html
75671;6124ZZ85F;Piloto trasero derecho;SEAT;Ateca;2.0 TDI;2005;Comprobada, funcionando;1 año;En stock;32,02 € + IVA;https://desguacesmadridnorte.com/75671-pieza.html
75674;9877EY54B;Parachoques delantero;VOLKSWAGEN;Golf;1.6 TDI;2009;Comprobada, funcionando;1 año;Bajo pedido 24-48h;90,22 € + IVA;https://desguacesmadridnorte.com/75674-pieza.html
75676;6221YH34B;Retrovisor derecho;CITROEN;C4;1.6 VTi;2015;Comprobada, funcionando;1 año;En stock;67,21 € + IVA;https://desguacesmadridnorte.com/75676-pieza.html
75677;9720TA42F;Intercooler;BMW;Serie 1;120i;2005;Comprobada, funcionando;1 año;Bajo pedido 24-48h;84,87 € + IVA;https://desguacesmadridnorte.com/75677-pieza.html
75678;3343NB70B;Motor completo;SKODA;Fabia;1.2 TSI;2005;Comprobada, funcionando;1 año;En stock;440,41 € + IVA;https://desguacesmadridnorte.com/75678-pieza.html
75679;6415EH59A;Parachoques trasero;SKODA;Fabia;1.4 TDI;2005;Comprobada, funcionando;1 año;En stock;164,75 € + IVA;https://desguacesmadridnorte.com/75679-pieza.html
75682;3708VB93D;Aleta delantera izquierda;HYUNDAI;i30;1.6 CRDi;2008;Desmontada de vehículo;1 año;Bajo pedido 24-48h;42,23 € + IVA;https://desguacesmadridnorte.com/75682-pieza.html
75684;8030NN95B;Puerta delantera derecha;NISSAN;Qashqai;1.6 dCi;2007;Desmontada de vehículo;1 año;En stock;95,04 € + IVA;https://desguacesmadridnorte.com/75684-pieza.html
75685;2560AD46C;Motor de arranque;PEUGEOT;308;2.0 HDi;2016;Comprobada, funcionando;1 año;Bajo pedido 24-48h;61,73 € + IVA;https://desguacesmadridnorte.com/75685-pieza.html
75686;2399KG97C;Compresor aire acondicionado;MERCEDES-BENZ;Clase E Coupé;250 CDI;2010;Sin comprobar;1 año;En stock;160,08 € + IVA;https://desguacesmadridnorte.com/75686-pieza.html
75688;8911VM28A;Cárter;AUDI;A4;2.0 TFSI;2013;Comprobada, funcionando;1 año;En stock;107,50 € + IVA;https://desguacesmadridnorte.com/75688-pieza.html
75690;9588QV72B;Radiador;VOLKSWAGEN;Polo;1.4 TDI;2011;Comprobada, funcionando;1 año;En stock;85,27 € + IVA;https://desguacesmadridnorte.com/75690-pieza.html
75692;3062CD54B;Piloto trasero izquierdo;HYUNDAI;i30;1.4 CRDi;2015;Comprobada, funcionando;1 año;Bajo pedido 24-48h;44,34 € + IVA;https://desguacesmadridnorte.com/75692-pieza.html
75695;8187KB51F;Cárter;SKODA;Fabia;1.2 TSI;2008;Desmontada de vehículo;1 año;Bajo pedido 24-48h;27,63 € + IVA;https://desguacesmadridnorte.com/75695-pieza.html
75697;3833KE68D;Bomba de agua;SKODA;Octavia;1.6 TDI;2014;Desmontada de vehículo;1 año;Bajo pedido 24-48h;54,73 € + IVA;https://desguacesmadridnorte.com/75697-pieza.html
75699;3626LT89A;Portón trasero;PEUGEOT;3008;2.0 HDi;2018;Sin comprobar;1 año;En stock;381,34 € + IVA;https://desguacesmadridnorte.com/75699-pieza.html
75701;3015FZ62F;Puerta trasera izquierda;OPEL;Astra;1.6 CDTI;2020;Desmontada de vehículo;1 año;En stock;104,82 € + IVA;https://desguacesmadridnorte.com/75701-pieza.html
75702;6675JM96B;Turbo;OPEL;Corsa;1.2 16v;2011;Comprobada, funcionando;1 año;En stock;227,33 € + IVA;https://desguacesmadridnorte.com/75702-pieza.html
75705;2600EV34B;Turbo;BMW;X1;18d;2013;Comprobada, funcionando;1 año;En stock;247,10 € + IVA;https://desguacesmadridnorte.com/75705-pieza.html
75706;5380VC89A;Retrovisor izquierdo;AUDI;Q3;1.4 TFSI;2011;Comprobada, funcionando;1 año;En stock;186,16 € + IVA;https://desguacesmadridnorte.com/75706-pieza.html
75707;9124CS90B;Piloto trasero izquierdo;SKODA;Octavia;2.0 TDI;2014;Sin comprobar;1 año;En stock;73,15 € + IVA;https://desguacesmadridnorte.com/75707-pieza.html
75710;4999KC22B;Piloto trasero derecho;FORD;Focus;1.6 TDCi;2021;Sin comprobar;1 año;Bajo pedido 24-48h;86,12 € + IVA;https://desguacesmadridnorte.com/75710-pieza.html
75712;3108XX42D;Turbo;KIA;Ceed;1.4 CRDi;2018;Desmontada de vehículo;1 año;Bajo pedido 24-48h;329,39 € + IVA;https://desguacesmadridnorte.com/75712-pieza.html
75713;4361LR18B;Portón trasero;AUDI;A4;2.0 TDI;2019;Desmontada de vehículo;1 año;En stock;308,46 € + IVA;https://desguacesmadridnorte.com/75713-pieza.html
75714;4583GF63C;Alternador;VOLKSWAGEN;Passat;2.0 TDI;2015;Sin comprobar;1 año;En stock;164,40 € + IVA;https://desguacesmadridnorte.com/75714-pieza.html
75717;6915HT79B;Retrovisor izquierdo;PEUGEOT;3008;1.6 HDi;2018;Comprobada, funcionando;1 año;Bajo pedido 24-48h;125,01 € + IVA;https://desguacesmadridnorte.com/75717-pieza.html
75719;8984GT19D;Motor completo;PEUGEOT;208;1.6 HDi;2007;Comprobada, funcionando;1 año;En stock;438,73 € + IVA;https://desguacesmadridnorte.com/75719-pieza.html
75722;7324ZV11A;Cinturón de seguridad;TOYOTA;Proace City;1.5 D-4D;2017;Desmontada de vehículo;1 año;Bajo pedido 24-48h;49,53 € + IVA;https://desguacesmadridnorte.com/75722-pieza.html
75724;9304KN35C;Aleta delantera izquierda;SKODA;Octavia;2.0 TDI;2020;Comprobada, funcionando;1 año;Bajo pedido 24-48h;58,07 € + IVA;https://desguacesmadridnorte.com/75724-pieza.html
75726;5586FK76B;Centralita motor;NISSAN;Juke;1.2 DIG-T;2008;Comprobada, funcionando;1 año;Bajo pedido 24-48h;86,60 € + IVA;https://desguacesmadridnorte.com/75726-pieza.html
75727;5748YR49C;Parachoques delantero;MERCEDES-BENZ;Clase E Coupé;250 CDI;2018;Comprobada, funcionando;1 año;Bajo pedido 24-48h;417,34 € + IVA;https://desguacesmadridnorte.com/75727-pieza.html
75730;1635BQ25A;Módulo electrónico;VOLKSWAGEN;Polo;1.2 TSI;2020;Sin comprobar;1 año;En stock;257,24 € + IVA;https://desguacesmadridnorte.com/75730-pieza.html
75733;7361YB75C;Intercooler;AUDI;Q3;2.0 TDI;2014;Desmontada de vehículo;1 año;En stock;297,52 € + IVA;https://desguacesmadridnorte.com/75733-pieza.html
75735;2195NQ30A;Capó;OPEL;Astra;1.6 CDTI;2011;Desmontada de vehículo;1 año;Bajo pedido 24-48h;71,65 € + IVA;https://desguacesmadridnorte.com/75735-pieza.html
75736;1549JX98C;Catalizador;AUDI;A3;2.0 TDI;2013;Desmontada de vehículo;1 año;En stock;145,66 € + IVA;https://desguacesmadridnorte.com/75736-pieza.html
75738;9369KP93C;Turbo;MERCEDES-BENZ;Clase E Coupé;220 CDI;2018;Desmontada de vehículo;1 año;En stock;443,62 € + IVA;https://desguacesmadridnorte.com/75738-pieza.html
75739;7541NZ74A;Parachoques trasero;HYUNDAI;Tucson;1.7 CRDi;2012;Comprobada, funcionando;1 año;Bajo pedido 24-48h;139,59 € + IVA;https://desguacesmadridnorte.com/75739-pieza.html
75740;7914NX85D;Alternador;RENAULT;Megane;1.5 dCi;2008;Desmontada de vehículo;1 año;Bajo pedido 24-48h;88,97 € + IVA;https://desguacesmadridnorte.com/75740-pieza.html
75743;9067WM60B;Paso de rueda trasero izquierdo;OPEL;Corsa;1.2 16v;2005;Desmontada de vehículo;1 año;En stock;31,75 € + IVA;https://desguacesmadridnorte.com/75743-pieza.html
75746;2535DE28F;Capó;OPEL;Astra;1.6 CDTI;2010;Comprobada, funcionando;1 año;Bajo pedido 24-48h;151,26 € + IVA;https://desguacesmadridnorte.com/75746-pieza.html
75749;5613SY35D;Centralita motor;HYUNDAI;i30;1.4 CRDi;2008;Comprobada, funcionando;1 año;En stock;198,51 € + IVA;https://desguacesmadridnorte.com/75749-pieza.html
75750;4646FL15A;Faro delantero izquierdo;HYUNDAI;Tucson;2.0 CRDi;2011;Comprobada, funcionando;1 año;En stock;42,31 € + IVA;https://desguacesmadridnorte.com/75750-pieza.html
75753;9178DZ71C;Cinturón de seguridad;BMW;Serie 1;120i;2006;Desmontada de vehículo;1 año;Bajo pedido 24-48h;74,16 € + IVA;https://desguacesmadridnorte.com/75753-pieza.html
75755;5631NT11C;Motor de arranque;SKODA;Octavia;1.6 TDI;2018;Comprobada, funcionando;1 año;En stock;66,23 € + IVA;https://desguacesmadridnorte.com/75755-pieza.html
75756;4749WH49A;Bomba de dirección;PEUGEOT;208;1.6 HDi;2008;Desmontada de vehículo;1 año;En stock;68,24 € + IVA;https://desguacesmadridnorte.com/75756-pieza.html
75758;5438FZ75E;Caja de cambios;SKODA;Fabia;1.4 TDI;2021;Comprobada, funcionando;1 año;En stock;802,37 € + IVA;https://desguacesmadridnorte.com/75758-pieza.html
75760;6108LK13B;Compresor aire acondicionado;CITROEN;C4;1.6 HDi;2005;Comprobada, funcionando;1 año;Bajo pedido 24-48h;91,18 € + IVA;https://desguacesmadridnorte.com/75760-pieza.html
75762;2668FG82D;Portón trasero;KIA;Sportage;1.7 CRDi;2010;Comprobada, funcionando;1 año;En stock;269,25 € + IVA;https://desguacesmadridnorte.com/75762-pieza.html
75765;7071GT84E;Parachoques delantero;CITROEN;C3;1.2 PureTech;2020;Comprobada, funcionando;1 año;En stock;184,27 € + IVA;https://desguacesmadridnorte.com/75765-pieza.html
75768;2363KQ58E;Puerta delantera derecha;SEAT;León;1.6 TDI;2018;Sin comprobar;1 año;En stock;360,53 € + IVA;https://desguacesmadridnorte.com/75768-pieza.html
75771;2756NW15A;Motor de arranque;VOLKSWAGEN;Polo;1.2 TSI;2013;Desmontada de vehículo;1 año;En stock;90,12 € + IVA;https://desguacesmadridnorte.com/75771-pieza.html
75772;9647FL78B;Airbag volante;FORD;Fiesta;1.0 EcoBoost;2007;Comprobada, funcionando;1 año;Bajo pedido 24-48h;94,24 € + IVA;https://desguacesmadridnorte.com/75772-pieza.html
75774;3812TK46D;Alternador;MERCEDES-BENZ;Clase E Coupé;250 CDI;2007;Desmontada de vehículo;1 año;En stock;172,04 € + IVA;https://desguacesmadridnorte.com/75774-pieza.html
75776;5687XS34A;Catalizador;HYUNDAI;i30;1.6 CRDi;2008;Comprobada, funcionando;1 año;Bajo pedido 24-48h;188,81 € + IVA;https://desguacesmadridnorte.com/75776-pieza.html
75778;6986NP56B;Cremallera de dirección;RENAULT;Megane;1.6 dCi;2008;Comprobada, funcionando;1 año;En stock;183,15 € + IVA;https://desguacesmadridnorte.com/75778-pieza.html
75781;5611SX74F;Cinturón de seguridad;KIA;Ceed;1.4 CRDi;2017;Sin comprobar;1 año;En stock;36,31 € + IVA;https://desguacesmadridnorte.com/75781-pieza.html
75784;8899CY73B;Retrovisor derecho;OPEL;Corsa;1.3 CDTI;2014;Desmontada de vehículo;1 año;Bajo pedido 24-48h;25,23 € + IVA;https://desguacesmadridnorte.com/75784-pieza.html
75786;3014HZ34C;Cuadro de instrumentos;MERCEDES-BENZ;CLA;180 CDI;2008;Comprobada, funcionando;1 año;En stock;263,68 € + IVA;https://desguacesmadridnorte.com/75786-pieza.html
75787;4480ZP35E;Intercooler;CITROEN;C4;1.6 HDi;2010;Desmontada de vehículo;1 año;En stock;130,17 € + IVA;https://desguacesmadridnorte.com/75787-pieza.html
75789;7580GW70F;Alternador;HYUNDAI;Tucson;1.7 CRDi;2017;Comprobada, funcionando;1 año;En stock;104,28 € + IVA;https://desguacesmadridnorte.com/75789-pieza.html
75791;9471JJ93F;Motor de arranque;OPEL;Corsa;1.3 CDTI;2019;Sin comprobar;1 año;En stock;147,17 € + IVA;https://desguacesmadridnorte.com/75791-pieza.html
75792;6659TD68F;Retrovisor derecho;PEUGEOT;3008;2.0 HDi;2016;Comprobada, funcionando;1 año;En stock;47,42 € + IVA;https://desguacesmadridnorte.com/75792-pieza.html
75793;1610RN62C;Colector de admisión;HYUNDAI;Tucson;2.0 CRDi;2006;Desmontada de vehículo;1 año;Bajo pedido 24-48h;115,06 € + IVA;https://desguacesmadridnorte.com/75793-pieza.html
75795;1041VR84B;Aleta delantera izquierda;AUDI;Q3;1.4 TFSI;2008;Desmontada de vehículo;1 año;En stock;98,88 € + IVA;https://desguacesmadridnorte.com/75795-pieza.html
75796;8226KJ55C;Piloto trasero izquierdo;VOLKSWAGEN;Polo;1.2 TSI;2007;Comprobada, funcionando;1 año;En stock;49,75 € + IVA;https://desguacesmadridnorte.com/75796-pieza.html
75797;9092AQ14C;Faro delantero derecho;KIA;Ceed;1.6 CRDi;2014;Sin comprobar;1 año;Bajo pedido 24-48h;202,59 € + IVA;https://desguacesmadridnorte.com/75797-pieza.html
75798;6752DF81F;Aleta delantera izquierda;CITROEN;C3;1.4 HDi;2020;Comprobada, funcionando;1 año;En stock;64,47 € + IVA;https://desguacesmadridnorte.com/75798-pieza.html
75800;8781DA63E;Paso de rueda trasero izquierdo;NISSAN;Juke;1.2 DIG-T;2010;Desmontada de vehículo;1 año;Bajo pedido 24-48h;31,05 € + IVA;https://desguacesmadridnorte.com/75800-pieza.html
75803;3507ZQ16B;Cinturón de seguridad;HYUNDAI;Tucson;2.0 CRDi;2010;Desmontada de vehículo;1 año;En stock;64,53 € + IVA;https://desguacesmadridnorte.com/75803-pieza.html
75806;4362SD20F;Cinturón de seguridad;SKODA;Octavia;2.0 TDI;2011;Sin comprobar;1 año;Bajo pedido 24-48h;46,95 € + IVA;https://desguacesmadridnorte.com/75806-pieza.html
75809;4029QH28D;Cuadro de instrumentos;MERCEDES-BENZ;CLA;180 CDI;2021;Desmontada de vehículo;1 año;Bajo pedido 24-48h;253,04 € + IVA;https://desguacesmadridnorte.com/75809-pieza.html
75812;1558VH86E;Módulo electrónico;VOLKSWAGEN;Polo;1.4 TDI;2006;Desmontada de vehículo;1 año;En stock;133,66 € + IVA;https://desguacesmadridnorte.com/75812-pieza.html
75814;4094JD18B;Colector de admisión;AUDI;A4;2.0 TFSI;2021;Comprobada, funcionando;1 año;En stock;150,21 € + IVA;https://desguacesmadridnorte.com/75814-pieza.html
75815;5194SD81C;Parachoques delantero;CITROEN;C3;1.2 PureTech;2006;Desmontada de vehículo;1 año;En stock;151,20 € + IVA;https://desguacesmadridnorte.com/75815-pieza.html
75816;2913PR91D;Amortiguador delantero;HYUNDAI;Tucson;1.7 CRDi;2006;Comprobada, funcionando;1 año;Bajo pedido 24-48h;49,49 € + IVA;https://desguacesmadridnorte.com/75816-pieza.html
75819;8036RW70B;Bomba de dirección;SEAT;León;1.6 TDI;2018;Comprobada, funcionando;1 año;En stock;125,86 € + IVA;https://desguacesmadridnorte.com/75819-pieza.html
75820;4143AV27E;Parachoques trasero;HYUNDAI;Tucson;1.7 CRDi;2020;Desmontada de vehículo;1 año;Bajo pedido 24-48h;218,58 € + IVA;https://desguacesmadridnorte.com/75820-pieza.html
75822;9722JJ72F;Radiador;PEUGEOT;3008;2.0 HDi;2019;Sin comprobar;1 año;Bajo pedido 24-48h;132,39 € + IVA;https://desguacesmadridnorte.com/75822-pieza.html
75824;3229LD34D;Cinturón de seguridad;KIA;Ceed;1.4 CRDi;2007;Comprobada, funcionando;1 año;En stock;31,33 € + IVA;https://desguacesmadridnorte.com/75824-pieza.html
75826;7690JJ65F;Elevalunas delantero izquierdo;SKODA;Fabia;1.2 TSI;2007;Desmontada de vehículo;1 año;En stock;39,76 € + IVA;https://desguacesmadridnorte.com/75826-pieza.html
75828;5895NF26B;Piloto trasero izquierdo;FORD;Focus;1.6 TDCi;2017;Sin comprobar;1 año;En stock;29,46 € + IVA;https://desguacesmadridnorte.com/75828-pieza.html
75831;3368NC98E;Módulo electrónico;PEUGEOT;3008;2.0 HDi;2019;Comprobada, funcionando;1 año;Bajo pedido 24-48h;193,04 € + IVA;https://desguacesmadridnorte.com/75831-pieza.html
75834;3411VQ62F;Cerradura puerta delantera;KIA;Ceed;1.6 CRDi;2015;Comprobada, funcionando;1 año;En stock;61,76 € + IVA;https://desguacesmadridnorte.com/75834-pieza.html
75837;2615AQ30D;Alternador;KIA;Ceed;1.6 CRDi;2020;Desmontada de vehículo;1 año;En stock;90,15 € + IVA;https://desguacesmadridnorte.com/75837-pieza.html
75839;2500ML45C;Caja de cambios;TOYOTA;Proace City;1.5 D-4D;2018;Comprobada, funcionando;1 año;En stock;729,24 € + IVA;https://desguacesmadridnorte.com/75839-pieza.html
75842;5134JK11F;Piloto trasero derecho;OPEL;Corsa;1.3 CDTI;2019;Desmontada de vehículo;1 año;En stock;65,04 € + IVA;https://desguacesmadridnorte.com/75842-pieza.html
75845;1998EJ18D;Cárter;FORD;Focus;1.6 TDCi;2018;Comprobada, funcionando;1 año;Bajo pedido 24-48h;103,55 € + IVA;https://desguacesmadridnorte.com/75845-pieza.html
75848;2368CH47F;Colector de admisión;RENAULT;Captur;1.5 dCi;2007;Desmontada de vehículo;1 año;En stock;101,84 € + IVA;https://desguacesmadridnorte.com/75848-pieza.html
75850;3393SV49A;Cremallera de dirección;CITROEN;C3;1.2 PureTech;2017;Sin comprobar;1 año;En stock;95,11 € + IVA;https://desguacesmadridnorte.com/75850-pieza.html
75851;8638AD61C;Retrovisor izquierdo;PEUGEOT;208;1.6 HDi;2016;Desmontada de vehículo;1 año;En stock;123,90 € + IVA;https://desguacesmadridnorte.com/75851-pieza.html
75853;2322AC27C;Portón trasero;OPEL;Corsa;1.3 CDTI;2018;Comprobada, funcionando;1 año;En stock;104,18 € + IVA;https://desguacesmadridnorte.com/75853-pieza.html
75856;5599KE35B;Capó;SEAT;Ateca;2.0 TDI;2013;Comprobada, funcionando;1 año;En stock;156,14 € + IVA;https://desguacesmadridnorte.com/75856-pieza.html
75859;7887EK19D;Aleta delantera izquierda;PEUGEOT;3008;1.6 HDi;2006;Sin comprobar;1 año;Bajo pedido 24-48h;43,26 € + IVA;https://desguacesmadridnorte.com/75859-pieza.html
75861;8912CW29D;Catalizador;SEAT;León;1.6 TDI;2008;Comprobada, funcionando;1 año;En stock;294,26 € + IVA;https://desguacesmadridnorte.com/75861-pieza.html
75863;8134HY16E;Intercooler;MERCEDES-BENZ;Clase E Coupé;220 CDI;2005;Comprobada, funcionando;1 año;Bajo pedido 24-48h;229,67 € + IVA;https://desguacesmadridnorte.com/75863-pieza.html
75866;3045FA87D;Faro delantero derecho;OPEL;Corsa;1.2 16v;2011;Comprobada, funcionando;1 año;En stock;146,74 € + IVA;https://desguacesmadridnorte.com/75866-pieza.html
75867;3842HX92F;Caja de cambios;AUDI;Q3;1.4 TFSI;2018;Desmontada de vehículo;1 año;Bajo pedido 24-48h;618,03 € + IVA;https://desguacesmadridnorte.com/75867-pieza.html
75870;5861WG27D;Amortiguador delantero;SEAT;Ibiza;1.2 TSI;2007;Comprobada, funcionando;1 año;En stock;43,94 € + IVA;https://desguacesmadridnorte.com/75870-pieza.html
75871;1801TX80B;Módulo electrónico;RENAULT;Clio;1.2 16v;2010;Comprobada, funcionando;1 año;En stock;85,41 € + IVA;https://desguacesmadridnorte.com/75871-pieza.html
75874;4684RP83F;Capó;RENAULT;Clio;1.5 dCi;2018;Desmontada de vehículo;1 año;Bajo pedido 24-48h;200,33 € + IVA;https://desguacesmadridnorte.com/75874-pieza.html
75876;6207BA32B;Parachoques delantero;RENAULT;Captur;0.9 TCe;2017;Desmontada de vehículo;1 año;Bajo pedido 24-48h;199,54 € + IVA;https://desguacesmadridnorte.com/75876-pieza.html
75878;1735NX12A;Módulo electrónico;VOLKSWAGEN;Polo;1.2 TSI;2008;Comprobada, funcionando;1 año;Bajo pedido 24-48h;122,06 € + IVA;https://desguacesmadridnorte.com/75878-pieza.html
75879;3467DC94C;Aleta delantera izquierda;VOLKSWAGEN;Passat;1.6 TDI;2006;Comprobada, funcionando;1 año;En stock;111,00 € + IVA;https://desguacesmadridnorte.com/75879-pieza.html
75882;4926SQ91F;Capó;NISSAN;Qashqai;1.5 dCi;2005;Comprobada, funcionando;1 año;En stock;111,19 € + IVA;https://desguacesmadridnorte.com/75882-pieza.html
75884;6697NQ57A;Capó;SEAT;Ateca;1.5 TSI;2012;Comprobada, funcionando;1 año;Bajo pedido 24-48h;190,06 € + IVA;https://desguacesmadridnorte.com/75884-pieza.html
75886;5133SW97E;Turbo;HYUNDAI;Tucson;1.7 CRDi;2012;Comprobada, funcionando;1 año;En stock;561,45 € + IVA;https://desguacesmadridnorte.com/75886-pieza.html
75888;9893EF42E;Piloto trasero derecho;VOLKSWAGEN;Polo;1.2 TSI;2010;Desmontada de vehículo;1 año;Bajo pedido 24-48h;81,06 € + IVA;https://desguacesmadridnorte.com/75888-pieza.html
75891;2229RT28D;Caja de cambios;BMW;Serie 1;118d;2020;Desmontada de vehículo;1 año;En stock;1.466,51 € + IVA;https://desguacesmadridnorte.com/75891-pieza.html
75893;8620TT92F;Radiador;VOLKSWAGEN;Golf;2.0 TDI;2014;Desmontada de vehículo;1 año;En stock;53,31 € + IVA;https://desguacesmadridnorte.com/75893-pieza.html
75894;1976JS63A;Amortiguador delantero;MERCEDES-BENZ;Clase A;200 CDI;2012;Comprobada, funcionando;1 año;En stock;68,64 € + IVA;https://desguacesmadridnorte.com/75894-pieza.html
75897;5152DP69E;Turbo;PEUGEOT;3008;1.6 HDi;2014;Comprobada, funcionando;1 año;En stock;564,49 € + IVA;https://desguacesmadridnorte.com/75897-pieza.html
75900;2571HP87F;Cuadro de instrumentos;FORD;Fusion;1.4 TDCi;2006;Comprobada, funcionando;1 año;En stock;127,11 € + IVA;https://desguacesmadridnorte.com/75900-pieza.html
75901;6448LJ46D;Amortiguador delantero;CITROEN;C3;1.4 HDi;2017;Desmontada de vehículo;1 año;Bajo pedido 24-48h;72,23 € + IVA;https://desguacesmadridnorte.com/75901-pieza.html
75904;3861MK43C;Motor de arranque;AUDI;A3;1.6 TDI;2012;Comprobada, funcionando;1 año;En stock;69,87 € + IVA;https://desguacesmadridnorte.com/75904-pieza.html
75906;6725HR58A;Cárter;RENAULT;Captur;0.9 TCe;2015;Desmontada de vehículo;1 año;En stock;83,59 € + IVA;https://desguacesmadridnorte.com/75906-pieza.html
75907;9833TJ34E;Cárter;MERCEDES-BENZ;Clase A;180 CDI;2011;Desmontada de vehículo;1 año;En stock;85,60 € + IVA;https://desguacesmadridnorte.com/75907-pieza.html
75910;5623MK46B;Paso de rueda trasero izquierdo;FORD;Focus;2.0 TDCi;2017;Comprobada, funcionando;1 año;Bajo pedido 24-48h;37,10 € + IVA;https://desguacesmadridnorte.com/75910-pieza.html
75913;5081XH36E;Catalizador;HYUNDAI;Tucson;2.0 CRDi;2007;Comprobada, funcionando;1 año;Bajo pedido 24-48h;154,44 € + IVA;https://desguacesmadridnorte.com/75913-pieza.html
75916;7542EQ37A;Caja de cambios;SEAT;Ateca;1.5 TSI;2010;Desmontada de vehículo;1 año;En stock;366,55 € + IVA;https://desguacesmadridnorte.com/75916-pieza.html
75919;9483EN82E;Motor de arranque;RENAULT;Megane;1.5 dCi;2014;Desmontada de vehículo;1 año;Bajo pedido 24-48h;128,52 € + IVA;https://desguacesmadridnorte.com/75919-pieza.html
75921;2174AL79D;Amortiguador delantero;TOYOTA;Corolla;1.4 D-4D;2015;Sin comprobar;1 año;En stock;67,72 € + IVA;https://desguacesmadridnorte.com/75921-pieza.html
75923;6773PR61D;Cerradura puerta delantera;RENAULT;Clio;1.5 dCi;2012;Desmontada de vehículo;1 año;En stock;37,61 € + IVA;https://desguacesmadridnorte.com/75923-pieza.html
75926;7578KV29B;Cerradura puerta delantera;HYUNDAI;Tucson;1.7 CRDi;2012;Comprobada, funcionando;1 año;En stock;22,50 € + IVA;https://desguacesmadridnorte.com/75926-pieza.html
75927;8471WQ70A;Caja de cambios;SEAT;Ibiza;1.9 TDI;2021;Desmontada de vehículo;1 año;Bajo pedido 24-48h;637,65 € + IVA;https://desguacesmadridnorte.com/75927-pieza.html
75929;6044ZC58D;Centralita motor;BMW;X1;20d;2016;Comprobada, funcionando;1 año;En stock;165,71 € + IVA;https://desguacesmadridnorte.com/75929-pieza.html
75931;3042VY83C;Faro delantero derecho;BMW;Serie 1;116d;2016;Comprobada, funcionando;1 año;En stock;158,62 € + IVA;https://desguacesmadridnorte.com/75931-pieza.html
75932;9138MB49E;Compresor aire acondicionado;TOYOTA;Camry;2.5 Hybrid;2014;Comprobada, funcionando;1 año;En stock;270,04 € + IVA;https://desguacesmadridnorte.com/75932-pieza.html
75934;4407MX96F;Cinturón de seguridad;MERCEDES-BENZ;Clase A;180 CDI;2017;Desmontada de vehículo;1 año;Bajo pedido 24-48h;112,87 € + IVA;https://desguacesmadridnorte.com/75934-pieza.html
75937;5269CW98A;Retrovisor izquierdo;BMW;Serie 1;116d;2010;Desmontada de vehículo;1 año;Bajo pedido 24-48h;98,23 € + IVA;https://desguacesmadridnorte.com/75937-pieza.html
75939;5770NH20D;Colector de admisión;CITROEN;C4;1.6 VTi;2011;Comprobada, funcionando;1 año;Bajo pedido 24-48h;96,27 € + IVA;https://desguacesmadridnorte.com/75939-pieza.html
75941;1504RN24F;Motor de arranque;PEUGEOT;208;1.4 HDi;2021;Comprobada, funcionando;1 año;En stock;45,96 € + IVA;https://desguacesmadridnorte.com/75941-pieza.html
75942;1801VH47C;Motor de arranque;SEAT;Ibiza;1.2 TSI;2017;Sin comprobar;1 año;Bajo pedido 24-48h;91,39 € + IVA;https://desguacesmadridnorte.com/75942-pieza.html
75944;7582BC73B;Parachoques trasero;KIA;Sportage;2.0 CRDi;2013;Comprobada, funcionando;1 año;Bajo pedido 24-48h;215,97 € + IVA;https://desguacesmadridnorte.com/75944-pieza.html
75947;9443LB58E;Parachoques delantero;NISSAN;Juke;1.2 DIG-T;2020;Comprobada, funcionando;1 año;En stock;156,89 € + IVA;https://desguacesmadridnorte.com/75947-pieza.html
75949;6999NJ45B;Piloto trasero izquierdo;KIA;Ceed;1.4 CRDi;2021;Comprobada, funcionando;1 año;En stock;52,05 € + IVA;https://desguacesmadridnorte.com/75949-pieza.html
75950;2743BS44F;Cerradura puerta delantera;FORD;Focus;1.6 TDCi;2007;Comprobada, funcionando;1 año;Bajo pedido 24-48h;37,32 € + IVA;https://desguacesmadridnorte.com/75950-pieza.html
75952;4166ED32F;Catalizador;RENAULT;Clio;1.2 16v;2006;Comprobada, funcionando;1 año;En stock;112,16 € + IVA;https://desguacesmadridnorte.com/75952-pieza.html
75955;8255AG94E;Caja de cambios;AUDI;A3;1.4 TFSI;2006;Desmontada de vehículo;1 año;Bajo pedido 24-48h;246,44 € + IVA;https://desguacesmadridnorte.com/75955-pieza.html
75958;3107FK66E;Piloto trasero izquierdo;NISSAN;Qashqai;1.6 dCi;2008;Comprobada, funcionando;1 año;En stock;31,76 € + IVA;https://desguacesmadridnorte.com/75958-pieza.html
75959;6414QZ46C;Faro delantero derecho;NISSAN;Juke;1.5 dCi;2016;Desmontada de vehículo;1 año;Bajo pedido 24-48h;49,37 € + IVA;https://desguacesmadridnorte.com/75959-pieza.html
75960;2139GS99F;Paso de rueda trasero izquierdo;PEUGEOT;208;1.4 HDi;2008;Desmontada de vehículo;1 año;Bajo pedido 24-48h;14,17 € + IVA;https://desguacesmadridnorte.com/75960-pieza.html
75963;8767FE15D;Módulo electrónico;FORD;Focus;1.6 TDCi;2018;Desmontada de vehículo;1 año;En stock;192,00 € + IVA;https://desguacesmadridnorte.com/75963-pieza.html
75964;2792EV54D;Capó;AUDI;Q3;1.4 TFSI;2020;Sin comprobar;1 año;En stock;316,33 € + IVA;https://desguacesmadridnorte.com/75964-pieza.html
75966;9499GS95A;Retrovisor izquierdo;TOYOTA;Proace City;1.5 D-4D;2007;Comprobada, funcionando;1 año;Bajo pedido 24-48h;59,88 € + IVA;https://desguacesmadridnorte.com/75966-pieza.html
75967;6437ZD91D;Puerta trasera izquierda;RENAULT;Megane;1.5 dCi;2019;Desmontada de vehículo;1 año;En stock;214,64 € + IVA;https://desguacesmadridnorte.com/75967-pieza.html
75968;7567PP15F;Parachoques delantero;SEAT;Ateca;2.0 TDI;2013;Desmontada de vehículo;1 año;Bajo pedido 24-48h;193,50 € + IVA;https://desguacesmadridnorte.com/75968-pieza.html
75971;6698EF21F;Piloto trasero derecho;OPEL;Astra;1.6 CDTI;2018;Comprobada, funcionando;1 año;Bajo pedido 24-48h;74,11 € + IVA;https://desguacesmadridnorte.com/75971-pieza.html
75972;1437TS10F;Faro delantero izquierdo;TOYOTA;Camry;2.5 Hybrid;2015;Comprobada, funcionando;1 año;En stock;179,19 € + IVA;https://desguacesmadridnorte.com/75972-pieza.html
75974;9208EB37E;Faro delantero derecho;PEUGEOT;308;2.0 HDi;2016;Comprobada, funcionando;1 año;Bajo pedido 24-48h;150,79 € + IVA;https://desguacesmadridnorte.com/75974-pieza.html
75975;7334VK26D;Motor de arranque;MERCEDES-BENZ;Clase E Coupé;250 CDI;2005;Desmontada de vehículo;1 año;Bajo pedido 24-48h;40,91 € + IVA;https://desguacesmadridnorte.com/75975-pieza.html
75978;6627JF24A;Turbo;AUDI;Q3;1.4 TFSI;2017;Comprobada, funcionando;1 año;Bajo pedido 24-48h;843,82 € + IVA;https://desguacesmadridnorte.com/75978-pieza.html
75979;5252RW60B;Aleta delantera izquierda;MERCEDES-BENZ;CLA;200 CDI;2015;Comprobada, funcionando;1 año;En stock;158,39 € + IVA;https://desguacesmadridnorte.com/75979-pieza.html
75981;9021RF92D;Catalizador;RENAULT;Clio;1.5 dCi;2005;Comprobada, funcionando;1 año;En stock;249,64 € + IVA;https://desguacesmadridnorte.com/75981-pieza.html
75982;8809DK16C;Cinturón de seguridad;SEAT;Ateca;2.0 TDI;2018;Desmontada de vehículo;1 año;En stock;73,98 € + IVA;https://desguacesmadridnorte.com/75982-pieza.html
75983;6757XD16B;Cárter;PEUGEOT;3008;2.0 HDi;2016;Desmontada de vehículo;1 año;Bajo pedido 24-48h;100,50 € + IVA;https://desguacesmadridnorte.com/75983-pieza.html
75985;7090SH51B;Puerta delantera derecha;NISSAN;Juke;1.5 dCi;2007;Desmontada de vehículo;1 año;En stock;120,81 € + IVA;https://desguacesmadridnorte.com/75985-pieza.html
75988;5663WW91B;Elevalunas delantero izquierdo;BMW;Serie 3;320d;2009;Comprobada, funcionando;1 año;Bajo pedido 24-48h;42,58 € + IVA;https://desguacesmadridnorte.com/75988-pieza.html
75991;8545BF90F;Amortiguador delantero;NISSAN;Juke;1.2 DIG-T;2018;Comprobada, funcionando;1 año;Bajo pedido 24-48h;26,38 € + IVA;https://desguacesmadridnorte.com/75991-pieza.html
75994;1417ED78A;Paso de rueda trasero izquierdo;MERCEDES-BENZ;Clase A;180 CDI;2007;Desmontada de vehículo;1 año;En stock;31,16 € + IVA;https://desguacesmadridnorte.com/75994-pieza.html
75995;8269WC99F;Cinturón de seguridad;PEUGEOT;3008;2.0 HDi;2008;Comprobada, funcionando;1 año;En stock;32,73 € + IVA;https://desguacesmadridnorte.com/75995-pieza.html
75997;8048DA24C;Retrovisor derecho;SEAT;Ateca;1.5 TSI;2008;Sin comprobar;1 año;En stock;112,74 € + IVA;https://desguacesmadridnorte.com/75997-pieza.html
75998;3921BL67D;Aleta delantera izquierda;TOYOTA;Proace City;1.5 D-4D;2010;Comprobada, funcionando;1 año;En stock;129,65 € + IVA;https://desguacesmadridnorte.com/75998-pieza.html
76001;9665WQ89A;Puerta trasera izquierda;OPEL;Astra;1.6 CDTI;2012;Desmontada de vehículo;1 año;Bajo pedido 24-48h;227,75 € + IVA;https://desguacesmadridnorte.com/76001-pieza.html
76002;5120PH25B;Módulo electrónico;SKODA;Fabia;1.2 TSI;2017;Comprobada, funcionando;1 año;En stock;143,90 € + IVA;https://desguacesmadridnorte.com/76002-pieza.html
76003;4702AF63C;Faro delantero derecho;SKODA;Octavia;2.0 TDI;2013;Sin comprobar;1 año;Bajo pedido 24-48h;60,90 € + IVA;https://desguacesmadridnorte.com/76003-pieza.html
76006;8903VJ53C;Faro delantero izquierdo;BMW;Serie 1;116d;2018;Desmontada de vehículo;1 año;En stock;304,20 € + IVA;https://desguacesmadridnorte.com/76006-pieza.html
76008;2577ET83C;Faro delantero izquierdo;NISSAN;Juke;1.2 DIG-T;2013;Desmontada de vehículo;1 año;Bajo pedido 24-48h;181,21 € + IVA;https://desguacesmadridnorte.com/76008-pieza.html
76011;8809PG19F;Cinturón de seguridad;SKODA;Fabia;1.4 TDI;2016;Comprobada, funcionando;1 año;En stock;81,80 € + IVA;https://desguacesmadridnorte.com/76011-pieza.html
76013;1748JA53C;Puerta trasera izquierda;TOYOTA;Camry;2.5 Hybrid;2013;Comprobada, funcionando;1 año;Bajo pedido 24-48h;136,36 € + IVA;https://desguacesmadridnorte.com/76013-pieza.html
76014;7125MR80A;Retrovisor izquierdo;PEUGEOT;3008;2.0 HDi;2009;Desmontada de vehículo;1 año;Bajo pedido 24-48h;130,47 € + IVA;https://desguacesmadridnorte.com/76014-pieza.html
76017;6619ZY96A;Airbag volante;RENAULT;Megane;1.6 dCi;2016;Desmontada de vehículo;1 año;Bajo pedido 24-48h;157,17 € + IVA;https://desguacesmadridnorte.com/76017-pieza.html
76019;5603FQ62C;Parachoques delantero;TOYOTA;Corolla;1.4 D-4D;2018;Comprobada, funcionando;1 año;En stock;108,82 € + IVA;https://desguacesmadridnorte.com/76019-pieza.html
76020;2976SK34B;Paso de rueda trasero izquierdo;HYUNDAI;Tucson;2.0 CRDi;2007;Sin comprobar;1 año;En stock;40,22 € + IVA;https://desguacesmadridnorte.com/76020-pieza.html
76021;2148MR50F;Elevalunas delantero izquierdo;NISSAN;Qashqai;1.6 dCi;2012;Desmontada de vehículo;1 año;En stock;50,53 € + IVA;https://desguacesmadridnorte.com/76021-pieza.html
76023;6617HA38C;Aleta delantera izquierda;HYUNDAI;Tucson;2.0 CRDi;2007;Comprobada, funcionando;1 año;Bajo pedido 24-48h;48,03 € + IVA;https://desguacesmadridnorte.com/76023-pieza.html
76026;3145TL72D;Cremallera de dirección;SKODA;Octavia;1.6 TDI;2015;Comprobada, funcionando;1 año;Bajo pedido 24-48h;322,68 € + IVA;https://desguacesmadridnorte.com/76026-pieza.html
76029;6752BG68D;Cuadro de instrumentos;KIA;Ceed;1.6 CRDi;2015;Desmontada de vehículo;1 año;En stock;253,44 € + IVA;https://desguacesmadridnorte.com/76029-pieza.html
76030;3456TS45F;Capó;FORD;Focus;2.0 TDCi;2016;Desmontada de vehículo;1 año;En stock;121,95 € + IVA;https://desguacesmadridnorte.com/76030-pieza.html
76031;1741CH25D;Motor de arranque;NISSAN;Qashqai;1.5 dCi;2006;Sin comprobar;1 año;En stock;37,41 € + IVA;https://desguacesmadridnorte.com/76031-pieza.html
76033;7350JD75E;Cerradura puerta delantera;PEUGEOT;3008;1.6 HDi;2019;Comprobada, funcionando;1 año;En stock;65,37 € + IVA;https://desguacesmadridnorte.com/76033-pieza.html
76034;6427VS37E;Bomba de dirección;AUDI;A4;2.0 TFSI;2013;Comprobada, funcionando;1 año;En stock;159,45 € + IVA;https://desguacesmadridnorte.com/76034-pieza.html
76037;6343BK19D;Paso de rueda trasero izquierdo;AUDI;Q3;1.4 TFSI;2014;Comprobada, funcionando;1 año;Bajo pedido 24-48h;69,01 € + IVA;https://desguacesmadridnorte.com/76037-pieza.html
76038;2798DS67B;Bomba de agua;PEUGEOT;308;1.6 HDi;2012;Desmontada de vehículo;1 año;Bajo pedido 24-48h;63,64 € + IVA;https://desguacesmadridnorte.com/76038-pieza.html
76040;5387ZJ37A;Paso de rueda trasero izquierdo;KIA;Sportage;2.0 CRDi;2009;Desmontada de vehículo;1 año;En stock;34,49 € + IVA;https://desguacesmadridnorte.com/76040-pieza.html
76041;1152PA23E;Retrovisor izquierdo;FORD;Focus;2.0 TDCi;2012;Desmontada de vehículo;1 año;Bajo pedido 24-48h;103,29 € + IVA;https://desguacesmadridnorte.com/76041-pieza.html
76042;5142KT42A;Turbo;KIA;Ceed;1.4 CRDi;2020;Desmontada de vehículo;1 año;En stock;287,60 € + IVA;https://desguacesmadridnorte.com/76042-pieza.html
76043;4846EG64D;Portón trasero;PEUGEOT;3008;2.0 HDi;2020;Comprobada, funcionando;1 año;Bajo pedido 24-48h;284,60 € + IVA;https://desguacesmadridnorte.com/76043-pieza.html
76044;3742RD58E;Centralita motor;KIA;Sportage;1.7 CRDi;2005;Comprobada, funcionando;1 año;En stock;103,08 € + IVA;https://desguacesmadridnorte.com/76044-pieza.html
76047;2251JW97A;Paso de rueda trasero izquierdo;SEAT;León;2.0 TDI;2016;Comprobada, funcionando;1 año;En stock;44,15 € + IVA;https://desguacesmadridnorte.com/76047-pieza.html
76048;7578PR35A;Colector de admisión;SEAT;Ibiza;1.2 TSI;2019;Desmontada de vehículo;1 año;Bajo pedido 24-48h;100,54 € + IVA;https://desguacesmadridnorte.com/76048-pieza.html
76050;6263KA69B;Cuadro de instrumentos;AUDI;A4;3.0 TDI;2006;Desmontada de vehículo;1 año;Bajo pedido 24-48h;198,88 € + IVA;https://desguacesmadridnorte.com/76050-pieza.html
76052;1246KJ77E;Elevalunas delantero izquierdo;FORD;Fusion;1.4 TDCi;2009;Desmontada de vehículo;1 año;En stock;61,96 € + IVA;https://desguacesmadridnorte.com/76052-pieza.html
76053;2407GM94D;Portón trasero;BMW;Serie 1;116d;2011;Desmontada de vehículo;1 año;En stock;190,17 € + IVA;https://desguacesmadridnorte.com/76053-pieza.html
76054;2699RW62F;Bomba de agua;OPEL;Corsa;1.2 16v;2014;Desmontada de vehículo;1 año;En stock;34,49 € + IVA;https://desguacesmadridnorte.com/76054-pieza.html
76057;6878JX23E;Aleta delantera izquierda;MERCEDES-BENZ;CLA;180 CDI;2021;Comprobada, funcionando;1 año;En stock;318,16 € + IVA;https://desguacesmadridnorte.com/76057-pieza.html
76060;7083BD37A;Retrovisor izquierdo;HYUNDAI;Tucson;2.0 CRDi;2008;Desmontada de vehículo;1 año;En stock;42,46 € + IVA;https://desguacesmadridnorte.com/76060-pieza.html
76062;4664EM19C;Caja de cambios;RENAULT;Captur;0.9 TCe;2005;Desmontada de vehículo;1 año;Bajo pedido 24-48h;318,38 € + IVA;https://desguacesmadridnorte.com/76062-pieza.html
76065;6461PK43C;Retrovisor izquierdo;SEAT;Ateca;1.5 TSI;2007;Desmontada de vehículo;1 año;En stock;99,23 € + IVA;https://desguacesmadridnorte.com/76065-pieza.html
76067;1137HA76E;Cuadro de instrumentos;AUDI;A3;1.6 TDI;2016;Comprobada, funcionando;1 año;En stock;257,13 € + IVA;https://desguacesmadridnorte.com/76067-pieza.html
76068;6972ZX92D;Compresor aire acondicionado;PEUGEOT;208;1.4 HDi;2018;Desmontada de vehículo;1 año;En stock;113,30 € + IVA;https://desguacesmadridnorte.com/76068-pieza.html
76071;2172CH32A;Compresor aire acondicionado;KIA;Sportage;2.0 CRDi;2016;Comprobada, funcionando;1 año;En stock;328,00 € + IVA;https://desguacesmadridnorte.com/76071-pieza.html
76074;7907YA86B;Cárter;PEUGEOT;208;1.4 HDi;2014;Comprobada, funcionando;1 año;Bajo pedido 24-48h;87,05 € + IVA;https://desguacesmadridnorte.com/76074-pieza.html
76075;4552GQ43C;Catalizador;OPEL;Corsa;1.3 CDTI;2016;Comprobada, funcionando;1 año;En stock;173,74 € + IVA;https://desguacesmadridnorte.com/76075-pieza.html
76077;5749HB58A;Airbag volante;SKODA;Octavia;2.0 TDI;2009;Comprobada, funcionando;1 año;Bajo pedido 24-48h;180,02 € + IVA;https://desguacesmadridnorte.com/76077-pieza.html
76078;7916MB77A;Puerta trasera izquierda;SKODA;Octavia;1.6 TDI;2012;Comprobada, funcionando;1 año;Bajo pedido 24-48h;120,25 € + IVA;https://desguacesmadridnorte.com/76078-pieza.html
76081;9360CG52C;Catalizador;BMW;X1;18d;2011;Desmontada de vehículo;1 año;Bajo pedido 24-48h;564,66 € + IVA;https://desguacesmadridnorte.com/76081-pieza.html
76084;9301DL52F;Portón trasero;OPEL;Astra;1.6 CDTI;2011;Desmontada de vehículo;1 año;Bajo pedido 24-48h;146,39 € + IVA;https://desguacesmadridnorte.com/76084-pieza.html
76085;2419EZ26D;Caja de cambios;TOYOTA;Proace City;1.5 D-4D;2015;Comprobada, funcionando;1 año;En stock;812,14 € + IVA;https://desguacesmadridnorte.com/76085-pieza.html
76087;6293CD93E;Compresor aire acondicionado;SKODA;Fabia;1.4 TDI;2012;Comprobada, funcionando;1 año;Bajo pedido 24-48h;159,97 € + IVA;https://desguacesmadridnorte.com/76087-pieza.html
76089;2038ZT70C;Compresor aire acondicionado;AUDI;Q3;1.4 TFSI;2008;Sin comprobar;1 año;Bajo pedido 24-48h;293,40 € + IVA;https://desguacesmadridnorte.com/76089-pieza.html
76092;9495ZZ73A;Elevalunas delantero izquierdo;AUDI;Q3;2.0 TDI;2012;Comprobada, funcionando;1 año;En stock;137,56 € + IVA;https://desguacesmadridnorte.com/76092-pieza.html
76095;2077KC26A;Colector de admisión;PEUGEOT;208;1.4 HDi;2008;Desmontada de vehículo;1 año;Bajo pedido 24-48h;82,91 € + IVA;https://desguacesmadridnorte.com/76095-pieza.html
76097;2809YW95C;Paso de rueda trasero izquierdo;MERCEDES-BENZ;Clase E Coupé;220 CDI;2008;Sin comprobar;1 año;Bajo pedido 24-48h;70,03 € + IVA;https://desguacesmadridnorte.com/76097-pieza.html
76098;3879SG48E;Amortiguador delantero;MERCEDES-BENZ;Clase E Coupé;220 CDI;2018;Comprobada, funcionando;1 año;En stock;112,27 € + IVA;https://desguacesmadridnorte.com/76098-pieza.html
76100;6114VH22A;Parachoques delantero;SKODA;Octavia;2.0 TDI;2014;Comprobada, funcionando;1 año;En stock;205,15 € + IVA;https://desguacesmadridnorte.com/76100-pieza.html
76101;2593QG63A;Alternador;HYUNDAI;Tucson;2.0 CRDi;2015;Desmontada de vehículo;1 año;Bajo pedido 24-48h;154,95 € + IVA;https://desguacesmadridnorte.com/76101-pieza.html
76102;4647PC99E;Bomba de dirección;TOYOTA;Camry;2.5 Hybrid;2005;Desmontada de vehículo;1 año;En stock;108,33 € + IVA;https://desguacesmadridnorte.com/76102-pieza.html
76105;8733JL40D;Piloto trasero derecho;HYUNDAI;Tucson;2.0 CRDi;2020;Comprobada, funcionando;1 año;En stock;43,97 € + IVA;https://desguacesmadridnorte.com/76105-pieza.html
76106;1237PG54A;Intercooler;TOYOTA;Camry;2.5 Hybrid;2019;Comprobada, funcionando;1 año;En stock;131,45 € + IVA;https://desguacesmadridnorte.com/76106-pieza.html
76107;1722TF50F;Parachoques trasero;SKODA;Octavia;2.0 TDI;2017;Sin comprobar;1 año;En stock;160,59 € + IVA;https://desguacesmadridnorte.com/76107-pieza.html
76109;7427PM99C;Piloto trasero derecho;PEUGEOT;308;2.0 HDi;2016;Comprobada, funcionando;1 año;Bajo pedido 24-48h;78,14 € + IVA;https://desguacesmadridnorte.com/76109-pieza.html
76110;2874RD87D;Amortiguador delantero;KIA;Ceed;1.6 CRDi;2011;Comprobada, funcionando;1 año;En stock;49,72 € + IVA;https://desguacesmadridnorte.com/76110-pieza.html
76112;7599QP33A;Catalizador;VOLKSWAGEN;Golf;1.6 TDI;2007;Comprobada, funcionando;1 año;En stock;288,42 € + IVA;https://desguacesmadridnorte.com/76112-pieza.html
76114;5093DF86C;Puerta delantera izquierda;SEAT;Ateca;2.0 TDI;2021;Comprobada, funcionando;1 año;Bajo pedido 24-48h;255,34 € + IVA;https://desguacesmadridnorte.com/76114-pieza.html
76115;7380VL92F;Alternador;MERCEDES-BENZ;Clase E Coupé;250 CDI;2014;Comprobada, funcionando;1 año;En stock;158,40 € + IVA;https://desguacesmadridnorte.com/76115-pieza.html
76116;8654FA48C;Portón trasero;OPEL;Astra;1.6 CDTI;2016;Comprobada, funcionando;1 año;En stock;322,99 € + IVA;https://desguacesmadridnorte.com/76116-pieza.html
76117;8765RG31B;Cremallera de dirección;PEUGEOT;208;1.6 HDi;2019;Comprobada, funcionando;1 año;En stock;290,88 € + IVA;https://desguacesmadridnorte.com/76117-pieza.html
76118;1295TJ36C;Centralita motor;RENAULT;Megane;1.6 dCi;2016;Comprobada, funcionando;1 año;Bajo pedido 24-48h;334,60 € + IVA;https://desguacesmadridnorte.com/76118-pieza.html
76121;2349TS28D;Parachoques delantero;HYUNDAI;i30;1.4 CRDi;2011;Sin comprobar;1 año;Bajo pedido 24-48h;102,84 € + IVA;https://desguacesmadridnorte.com/76121-pieza.html
76123;9893GR85F;Puerta trasera izquierda;PEUGEOT;308;1.6 HDi;2009;Comprobada, funcionando;1 año;En stock;141,20 € + IVA;https://desguacesmadridnorte.com/76123-pieza.html
76126;7023FM28E;Cinturón de seguridad;MERCEDES-BENZ;Clase E Coupé;250 CDI;2010;Desmontada de vehículo;1 año;En stock;78,92 € + IVA;https://desguacesmadridnorte.com/76126-pieza.html
76129;4669HL44C;Módulo electrónico;FORD;Fusion;1.4 TDCi;2008;Comprobada, funcionando;1 año;Bajo pedido 24-48h;81,00 € + IVA;https://desguacesmadridnorte.com/76129-pieza.html
76132;6035JB31A;Cuadro de instrumentos;SEAT;León;2.0 TDI;2021;Desmontada de vehículo;1 año;En stock;118,40 € + IVA;https://desguacesmadridnorte.com/76132-pieza.html
76134;7611TZ37F;Cremallera de dirección;VOLKSWAGEN;Polo;1.2 TSI;2011;Comprobada, funcionando;1 año;En stock;261,35 € + IVA;https://desguacesmadridnorte.com/76134-pieza.html
76135;8600SW60F;Bomba de dirección;AUDI;Q3;1.4 TFSI;2013;Comprobada, funcionando;1 año;En stock;202,36 € + IVA;https://desguacesmadridnorte.com/76135-pieza.html
76136;3927HS38C;Paso de rueda trasero izquierdo;OPEL;Astra;1.7 CDTI;2010;Desmontada de vehículo;1 año;En stock;45,81 € + IVA;https://desguacesmadridnorte.com/76136-pieza.html
76139;5465RL73D;Paso de rueda trasero izquierdo;MERCEDES-BENZ;Clase A;200 CDI;2013;Comprobada, funcionando;1 año;En stock;34,66 € + IVA;https://desguacesmadridnorte.com/76139-pieza.html
76142;7734PE31F;Faro delantero derecho;KIA;Ceed;1.4 CRDi;2009;Comprobada, funcionando;1 año;En stock;43,27 € + IVA;https://desguacesmadridnorte.com/76142-pieza.html
76145;6588VF82D;Faro delantero derecho;BMW;X1;18d;2018;Sin comprobar;1 año;En stock;164,64 € + IVA;https://desguacesmadridnorte.com/76145-pieza.html
76146;3409PT80F;Aleta delantera izquierda;AUDI;A3;1.6 TDI;2019;Comprobada, funcionando;1 año;En stock;256,65 € + IVA;https://desguacesmadridnorte.com/76146-pieza.html
76147;1421CK85A;Cerradura puerta delantera;PEUGEOT;3008;1.6 HDi;2007;Comprobada, funcionando;1 año;En stock;32,30 € + IVA;https://desguacesmadridnorte.com/76147-pieza.html
76150;7361EM26C;Motor completo;KIA;Ceed;1.6 CRDi;2019;Comprobada, funcionando;1 año;En stock;2.011,16 € + IVA;https://desguacesmadridnorte.com/76150-pieza.html
76153;8924TT87B;Puerta delantera derecha;RENAULT;Captur;0.9 TCe;2006;Comprobada, funcionando;1 año;En stock;109,53 € + IVA;https://desguacesmadridnorte.com/76153-pieza.html
76154;5279BV19B;Módulo electrónico;HYUNDAI;Tucson;2.0 CRDi;2007;Comprobada, funcionando;1 año;Bajo pedido 24-48h;131,49 € + IVA;https://desguacesmadridnorte.com/76154-pieza.html
76156;5130EP21C;Motor completo;PEUGEOT;208;1.4 HDi;2015;Sin comprobar;1 año;En stock;1.170,35 € + IVA;https://desguacesmadridnorte.com/76156-pieza.html
76158;4639JR23F;Cremallera de dirección;TOYOTA;Camry;2.5 Hybrid;2020;Comprobada, funcionando;1 año;En stock;296,81 € + IVA;https://desguacesmadridnorte.com/76158-pieza.html
76161;2420BN60A;Puerta trasera izquierda;PEUGEOT;308;2.0 HDi;2020;Comprobada, funcionando;1 año;En stock;122,29 € + IVA;https://desguacesmadridnorte.com/76161-pieza.html
76164;6295DR65F;Puerta trasera izquierda;PEUGEOT;3008;1.6 HDi;2020;Sin comprobar;1 año;En stock;239,00 € + IVA;https://desguacesmadridnorte.com/76164-pieza.html
76166;9029XH46B;Faro delantero izquierdo;KIA;Sportage;1.7 CRDi;2005;Comprobada, funcionando;1 año;En stock;76,97 € + IVA;https://desguacesmadridnorte.com/76166-pieza.html
76167;5624AA18E;Puerta delantera izquierda;FORD;Fiesta;1.0 EcoBoost;2012;Comprobada, funcionando;1 año;En stock;96,50 € + IVA;https://desguacesmadridnorte.com/76167-pieza.html
76169;9382DP35E;Parachoques delantero;SEAT;Ibiza;1.2 TSI;2019;Comprobada, funcionando;1 año;Bajo pedido 24-48h;142,29 € + IVA;https://desguacesmadridnorte.com/76169-pieza.html
76172;8293BE79C;Cerradura puerta delantera;MERCEDES-BENZ;CLA;180 CDI;2019;Comprobada, funcionando;1 año;En stock;36,86 € + IVA;https://desguacesmadridnorte.com/76172-pieza.html
76174;5466YY15A;Catalizador;HYUNDAI;Tucson;1.7 CRDi;2013;Desmontada de vehículo;1 año;Bajo pedido 24-48h;171,56 € + IVA;https://desguacesmadridnorte.com/76174-pieza.html
76175;2878LA74A;Parachoques delantero;CITROEN;C4;1.6 HDi;2016;Comprobada, funcionando;1 año;Bajo pedido 24-48h;88,61 € + IVA;https://desguacesmadridnorte.com/76175-pieza.html
76176;1273KM46B;Cerradura puerta delantera;SKODA;Octavia;2.0 TDI;2006;Comprobada, funcionando;1 año;En stock;52,52 € + IVA;https://desguacesmadridnorte.com/76176-pieza.html
76177;7180LE25A;Piloto trasero izquierdo;BMW;Serie 3;330i;2008;Desmontada de vehículo;1 año;Bajo pedido 24-48h;93,33 € + IVA;https://desguacesmadridnorte.com/76177-pieza.html
76179;1366FD88C;Radiador;HYUNDAI;Tucson;2.0 CRDi;2014;Sin comprobar;1 año;Bajo pedido 24-48h;48,13 € + IVA;https://desguacesmadridnorte.com/76179-pieza.html
76181;2309TZ69F;Parachoques trasero;AUDI;A3;1.4 TFSI;2016;Comprobada, funcionando;1 año;En stock;187,53 € + IVA;https://desguacesmadridnorte.com/76181-pieza.html
76184;5438TH75C;Cerradura puerta delantera;PEUGEOT;208;1.4 HDi;2017;Desmontada de vehículo;1 año;En stock;48,59 € + IVA;https://desguacesmadridnorte.com/76184-pieza.html
76186;9860NP73F;Retrovisor izquierdo;SEAT;Ateca;1.5 TSI;2016;Comprobada, funcionando;1 año;Bajo pedido 24-48h;30,66 € + IVA;https://desguacesmadridnorte.com/76186-pieza.html
76187;8255NQ87E;Paso de rueda trasero izquierdo;RENAULT;Clio;1.5 dCi;2020;Comprobada, funcionando;1 año;En stock;40,89 € + IVA;https://desguacesmadridnorte.com/76187-pieza.html
76188;3570YN14C;Elevalunas delantero izquierdo;NISSAN;Qashqai;1.6 dCi;2018;Comprobada, funcionando;1 año;En stock;95,73 € + IVA;https://desguacesmadridnorte.com/76188-pieza.html
76190;7771DQ83A;Airbag volante;OPEL;Astra;1.7 CDTI;2019;Comprobada, funcionando;1 año;En stock;104,85 € + IVA;https://desguacesmadridnorte.com/76190-pieza.html
76193;6528QQ25F;Colector de admisión;SEAT;León;2.0 TDI;2017;Desmontada de vehículo;1 año;Bajo pedido 24-48h;49,10 € + IVA;https://desguacesmadridnorte.com/76193-pieza.html
76195;3127CM82D;Compresor aire acondicionado;SEAT;Ibiza;1.2 TSI;2005;Comprobada, funcionando;1 año;En stock;148,17 € + IVA;https://desguacesmadridnorte.com/76195-pieza.html
76197;3046QH43B;Puerta delantera derecha;BMW;X1;18d;2007;Desmontada de vehículo;1 año;En stock;187,41 € + IVA;https://desguacesmadridnorte.com/76197-pieza.html
76198;4293GD70A;Motor de arranque;OPEL;Astra;1.7 CDTI;2010;Sin comprobar;1 año;En stock;33,67 € + IVA;https://desguacesmadridnorte.com/76198-pieza.html
76199;6926TL43A;Puerta trasera izquierda;NISSAN;Juke;1.2 DIG-T;2008;Comprobada, funcionando;1 año;En stock;179,45 € + IVA;https://desguacesmadridnorte.com/76199-pieza.html
76200;4397ER94C;Bomba de dirección;BMW;Serie 3;318d;2010;Comprobada, funcionando;1 año;Bajo pedido 24-48h;158,08 € + IVA;https://desguacesmadridnorte.com/76200-pieza.html
76203;2103QC61E;Centralita motor;NISSAN;Qashqai;1.6 dCi;2017;Sin comprobar;1 año;Bajo pedido 24-48h;301,27 € + IVA;https://desguacesmadridnorte.com/76203-pieza.html
76205;3542XW90F;Amortiguador delantero;NISSAN;Juke;1.5 dCi;2014;Desmontada de vehículo;1 año;En stock;25,38 € + IVA;https://desguacesmadridnorte.com/76205-pieza.html
76206;1599BA26C;Bomba de agua;HYUNDAI;Tucson;2.0 CRDi;2013;Desmontada de vehículo;1 año;En stock;70,01 € + IVA;https://desguacesmadridnorte.com/76206-pieza.html
76209;8243TZ43B;Compresor aire acondicionado;VOLKSWAGEN;Polo;1.2 TSI;2020;Comprobada, funcionando;1 año;En stock;217,34 € + IVA;https://desguacesmadridnorte.com/76209-pieza.html
76211;6670CM74F;Aleta delantera izquierda;KIA;Ceed;1.6 CRDi;2005;Comprobada, funcionando;1 año;Bajo pedido 24-48h;78,87 € + IVA;https://desguacesmadridnorte.com/76211-pieza.html
76213;2790MF68F;Bomba de agua;FORD;Fusion;1.4 TDCi;2009;Desmontada de vehículo;1 año;En stock;47,70 € + IVA;https://desguacesmadridnorte.com/76213-pieza.html
76216;1869KT41A;Colector de admisión;CITROEN;C4;1.6 HDi;2013;Comprobada, funcionando;1 año;Bajo pedido 24-48h;138,58 € + IVA;https://desguacesmadridnorte.com/76216-pieza.html
76219;3581HC89A;Puerta delantera izquierda;PEUGEOT;208;1.6 HDi;2019;Comprobada, funcionando;1 año;Bajo pedido 24-48h;97,83 € + IVA;https://desguacesmadridnorte.com/76219-pieza.html
76221;5498YR79C;Elevalunas delantero izquierdo;AUDI;A4;2.0 TDI;2007;Desmontada de vehículo;1 año;En stock;70,22 € + IVA;https://desguacesmadridnorte.com/76221-pieza.html
76222;8235GE50A;Colector de admisión;RENAULT;Megane;1.6 dCi;2020;Desmontada de vehículo;1 año;En stock;89,57 € + IVA;https://desguacesmadridnorte.com/76222-pieza.html
76225;7648AX26D;Colector de admisión;MERCEDES-BENZ;CLA;200 CDI;2012;Desmontada de vehículo;1 año;Bajo pedido 24-48h;93,24 € + IVA;https://desguacesmadridnorte.com/76225-pieza.html
76227;4984QD99A;Bomba de agua;OPEL;Corsa;1.3 CDTI;2012;Comprobada, funcionando;1 año;Bajo pedido 24-48h;59,12 € + IVA;https://desguacesmadridnorte.com/76227-pieza.html
76230;1021CW27F;Cuadro de instrumentos;MERCEDES-BENZ;Clase A;180 CDI;2019;Comprobada, funcionando;1 año;Bajo pedido 24-48h;294,92 € + IVA;https://desguacesmadridnorte.com/76230-pieza.html
76233;6158RH76F;Piloto trasero izquierdo;NISSAN;Juke;1.5 dCi;2007;Comprobada, funcionando;1 año;En stock;34,68 € + IVA;https://desguacesmadridnorte.com/76233-pieza.html
76234;5839QG37B;Piloto trasero izquierdo;NISSAN;Qashqai;1.6 dCi;2020;Comprobada, funcionando;1 año;En stock;68,70 € + IVA;https://desguacesmadridnorte.com/76234-pieza.html
76235;6507GM23C;Cinturón de seguridad;CITROEN;C3;1.4 HDi;2021;Comprobada, funcionando;1 año;Bajo pedido 24-48h;77,91 € + IVA;https://desguacesmadridnorte.com/76235-pieza.html
76237;4481QZ58A;Amortiguador delantero;AUDI;A3;1.6 TDI;2008;Comprobada, funcionando;1 año;Bajo pedido 24-48h;77,33 € + IVA;https://desguacesmadridnorte.com/76237-pieza.html
76239;6200QH61F;Piloto trasero derecho;BMW;X1;20d;2018;Comprobada, funcionando;1 año;En stock;144,38 € + IVA;https://desguacesmadridnorte.com/76239-pieza.html
76240;2272CF21D;Alternador;HYUNDAI;Tucson;2.0 CRDi;2006;Desmontada de vehículo;1 año;Bajo pedido 24-48h;77,10 € + IVA;https://desguacesmadridnorte.com/76240-pieza.html
76243;9687FL97A;Motor completo;FORD;Fiesta;1.0 EcoBoost;2020;Comprobada, funcionando;1 año;En stock;1.105,59 € + IVA;https://desguacesmadridnorte.com/76243-pieza.html
76244;5831RA74A;Amortiguador delantero;AUDI;Q3;2.0 TDI;2018;Comprobada, funcionando;1 año;En stock;78,59 € + IVA;https://desguacesmadridnorte.com/76244-pieza.html
76245;9731EF52D;Piloto trasero izquierdo;KIA;Ceed;1.4 CRDi;2005;Comprobada, funcionando;1 año;Bajo pedido 24-48h;56,24 € + IVA;https://desguacesmadridnorte.com/76245-pieza.html
76247;6295GT65F;Airbag volante;CITROEN;C4;1.6 VTi;2005;Desmontada de vehículo;1 año;Bajo pedido 24-48h;125,49 € + IVA;https://desguacesmadridnorte.com/76247-pieza.html
76249;8016XW75A;Caja de cambios;OPEL;Corsa;1.3 CDTI;2013;Comprobada, funcionando;1 año;Bajo pedido 24-48h;267,39 € + IVA;https://desguacesmadridnorte.com/76249-pieza.html
76252;1876RP77F;Parachoques trasero;SEAT;Ibiza;1.9 TDI;2008;Comprobada, funcionando;1 año;En stock;77,21 € + IVA;https://desguacesmadridnorte.com/76252-pieza.html
76255;9550HR60A;Alternador;NISSAN;Qashqai;1.5 dCi;2012;Sin comprobar;1 año;En stock;70,69 € + IVA;https://desguacesmadridnorte.com/76255-pieza.html
76256;6987KD66D;Airbag volante;CITROEN;C4;1.6 VTi;2020;Comprobada, funcionando;1 año;En stock;212,00 € + IVA;https://desguacesmadridnorte.com/76256-pieza.html
76257;3867BD71D;Airbag volante;KIA;Sportage;1.7 CRDi;2009;Desmontada de vehículo;1 año;En stock;176,74 € + IVA;https://desguacesmadridnorte.com/76257-pieza.html
76260;7699LA55E;Cerradura puerta delantera;SKODA;Octavia;1.6 TDI;2006;Desmontada de vehículo;1 año;En stock;30,33 € + IVA;https://desguacesmadridnorte.com/76260-pieza.html
76263;2765NQ58E;Piloto trasero derecho;MERCEDES-BENZ;Clase E Coupé;220 CDI;2012;Comprobada, funcionando;1 año;Bajo pedido 24-48h;112,21 € + IVA;https://desguacesmadridnorte.com/76263-pieza.html
76265;3094HX53B;Motor completo;TOYOTA;Corolla;1.8 Hybrid;2016;Sin comprobar;1 año;Bajo pedido 24-48h;2.254,53 € + IVA;https://desguacesmadridnorte.com/76265-pieza.html
76267;9981HD57A;Centralita motor;OPEL;Corsa;1.2 16v;2014;Comprobada, funcionando;1 año;Bajo pedido 24-48h;217,14 € + IVA;https://desguacesmadridnorte.com/76267-pieza.html
76269;7804JB83B;Cremallera de dirección;FORD;Fiesta;1.5 TDCi;2011;Comprobada, funcionando;1 año;Bajo pedido 24-48h;76,18 € + IVA;https://desguacesmadridnorte.com/76269-pieza.html
76272;6905CT69F;Compresor aire acondicionado;BMW;X1;18d;2009;Comprobada, funcionando;1 año;En stock;119,51 € + IVA;https://desguacesmadridnorte.com/76272-pieza.html
76274;6185QJ90C;Alternador;BMW;X1;18d;2015;Comprobada, funcionando;1 año;Bajo pedido 24-48h;257,82 € + IVA;https://desguacesmadridnorte.com/76274-pieza.html
76276;4073EW12D;Portón trasero;HYUNDAI;Tucson;1.7 CRDi;2016;Comprobada, funcionando;1 año;Bajo pedido 24-48h;236,85 € + IVA;https://desguacesmadridnorte.com/76276-pieza.html
76278;4262FZ31F;Parachoques trasero;VOLKSWAGEN;Golf;2.0 TDI;2017;Desmontada de vehículo;1 año;En stock;126,47 € + IVA;https://desguacesmadridnorte.com/76278-pieza.html
76280;4244JY24E;Portón trasero;VOLKSWAGEN;Polo;1.2 TSI;2012;Comprobada, funcionando;1 año;Bajo pedido 24-48h;324,57 € + IVA;https://desguacesmadridnorte.com/76280-pieza.html
76281;3400ZK66C;Módulo electrónico;RENAULT;Megane;1.5 dCi;2015;Comprobada, funcionando;1 año;Bajo pedido 24-48h;112,90 € + IVA;https://desguacesmadridnorte.com/76281-pieza.html
76283;9507TF69F;Retrovisor izquierdo;NISSAN;Qashqai;1.6 dCi;2006;Desmontada de vehículo;1 año;En stock;77,59 € + IVA;https://desguacesmadridnorte.com/76283-pieza.html
76286;1373KV29C;Puerta delantera derecha;OPEL;Corsa;1.3 CDTI;2018;Desmontada de vehículo;1 año;En stock;182,41 € + IVA;https://desguacesmadridnorte.com/76286-pieza.html
76289;9091EJ78B;Piloto trasero derecho;NISSAN;Juke;1.5 dCi;2020;Desmontada de vehículo;1 año;Bajo pedido 24-48h;95,89 € + IVA;https://desguacesmadridnorte.com/76289-pieza.html
76292;7103ZN52F;Puerta trasera izquierda;SEAT;Ibiza;1.6 TDI;2011;Sin comprobar;1 año;Bajo pedido 24-48h;76,04 € + IVA;https://desguacesmadridnorte.com/76292-pieza.html
76294;7884VX82F;Faro delantero izquierdo;VOLKSWAGEN;Passat;2.0 TDI;2019;Comprobada, funcionando;1 año;En stock;145,17 € + IVA;https://desguacesmadridnorte.com/76294-pieza.html
76296;4547BZ72F;Faro delantero derecho;RENAULT;Clio;1.5 dCi;2006;Desmontada de vehículo;1 año;En stock;111,50 € + IVA;https://desguacesmadridnorte.com/76296-pieza.html
76297;2212HW79A;Piloto trasero izquierdo;KIA;Sportage;2.0 CRDi;2006;Desmontada de vehículo;1 año;En stock;39,49 € + IVA;https://desguacesmadridnorte.com/76297-pieza.html
76300;3656JF42D;Airbag volante;FORD;Fusion;1.4 TDCi;2005;Desmontada de vehículo;1 año;En stock;108,95 € + IVA;https://desguacesmadridnorte.com/76300-pieza.html
76301;1422FJ49D;Colector de admisión;TOYOTA;Proace City;1.5 D-4D;2006;Comprobada, funcionando;1 año;En stock;58,86 € + IVA;https://desguacesmadridnorte.com/76301-pieza.html
76304;5490BR56A;Paso de rueda trasero izquierdo;OPEL;Astra;1.6 CDTI;2013;Comprobada, funcionando;1 año;En stock;27,93 € + IVA;https://desguacesmadridnorte.com/76304-pieza.html
76305;4054ST61A;Cremallera de dirección;HYUNDAI;Tucson;1.7 CRDi;2013;Comprobada, funcionando;1 año;Bajo pedido 24-48h;239,14 € + IVA;https://desguacesmadridnorte.com/76305-pieza.html
76306;2094HG99E;Amortiguador delantero;NISSAN;Qashqai;1.6 dCi;2019;Desmontada de vehículo;1 año;En stock;85,06 € + IVA;https://desguacesmadridnorte.com/76306-pieza.html
76309;5459XQ72E;Cinturón de seguridad;CITROEN;C3;1.4 HDi;2012;Comprobada, funcionando;1 año;Bajo pedido 24-48h;25,85 € + IVA;https://desguacesmadridnorte.com/76309-pieza.html
76311;7772BN99A;Puerta delantera derecha;TOYOTA;Corolla;1.8 Hybrid;2005;Comprobada, funcionando;1 año;Bajo pedido 24-48h;188,67 € + IVA;https://desguacesmadridnorte.com/76311-pieza.html
76312;3641HD90B;Cremallera de dirección;KIA;Sportage;1.7 CRDi;2005;Comprobada, funcionando;1 año;En stock;205,87 € + IVA;https://desguacesmadridnorte.com/76312-pieza.html
76314;7455YZ13B;Faro delantero izquierdo;TOYOTA;Corolla;1.8 Hybrid;2019;Comprobada, funcionando;1 año;En stock;97,39 € + IVA;https://desguacesmadridnorte.com/76314-pieza.html
76316;5897PC90A;Piloto trasero izquierdo;AUDI;Q3;2.0 TDI;2012;Sin comprobar;1 año;En stock;56,46 € + IVA;https://desguacesmadridnorte.com/76316-pieza.html
76319;1992VD65A;Motor de arranque;HYUNDAI;Tucson;2.0 CRDi;2013;Comprobada, funcionando;1 año;En stock;51,53 € + IVA;https://desguacesmadridnorte.com/76319-pieza.html
76322;4271AF72B;Faro delantero derecho;PEUGEOT;208;1.4 HDi;2020;Comprobada, funcionando;1 año;En stock;112,69 € + IVA;https://desguacesmadridnorte.com/76322-pieza.html
76324;2471CQ20C;Piloto trasero derecho;KIA;Sportage;2.0 CRDi;2005;Comprobada, funcionando;1 año;En stock;33,52 € + IVA;https://desguacesmadridnorte.com/76324-pieza.html
76326;4005KA58E;Turbo;BMW;Serie 1;118d;2006;Desmontada de vehículo;1 año;Bajo pedido 24-48h;490,05 € + IVA;https://desguacesmadridnorte.com/76326-pieza.html
76328;1933CY12F;Motor de arranque;SEAT;Ateca;2.0 TDI;2010;Desmontada de vehículo;1 año;En stock;67,60 € + IVA;https://desguacesmadridnorte.com/76328-pieza.html
76331;1285NM35A;Turbo;PEUGEOT;308;2.0 HDi;2017;Comprobada, funcionando;1 año;En stock;379,49 € + IVA;https://desguacesmadridnorte.com/76331-pieza.html
76332;1253FK34A;Portón trasero;HYUNDAI;Tucson;1.7 CRDi;2013;Comprobada, funcionando;1 año;En stock;368,02 € + IVA;https://desguacesmadridnorte.com/76332-pieza.html
76334;6181KM98A;Cinturón de seguridad;SKODA;Fabia;1.2 TSI;2010;Sin comprobar;1 año;Bajo pedido 24-48h;33,04 € + IVA;https://desguacesmadridnorte.com/76334-pieza.html
76335;8158GL58A;Centralita motor;KIA;Sportage;2.0 CRDi;2019;Comprobada, funcionando;1 año;En stock;429,33 € + IVA;https://desguacesmadridnorte.com/76335-pieza.html
76338;7975RL51A;Cuadro de instrumentos;BMW;Serie 1;116d;2007;Comprobada, funcionando;1 año;Bajo pedido 24-48h;222,78 € + IVA;https://desguacesmadridnorte.com/76338-pieza.html
76339;8039NN22F;Puerta delantera derecha;NISSAN;Juke;1.5 dCi;2008;Comprobada, funcionando;1 año;En stock;177,08 € + IVA;https://desguacesmadridnorte.com/76339-pieza.html
76340;9467JZ20A;Retrovisor derecho;AUDI;A3;1.4 TFSI;2011;Comprobada, funcionando;1 año;Bajo pedido 24-48h;202,24 € + IVA;https://desguacesmadridnorte.com/76340-pieza.html
76342;6312SS43A;Airbag volante;RENAULT;Clio;1.5 dCi;2013;Desmontada de vehículo;1 año;En stock;140,01 € + IVA;https://desguacesmadridnorte.com/76342-pieza.html
76345;7357DH30D;Motor de arranque;CITROEN;C3;1.2 PureTech;2012;Comprobada, funcionando;1 año;En stock;56,06 € + IVA;https://desguacesmadridnorte.com/76345-pieza.html
76347;1548AG77A;Piloto trasero derecho;AUDI;A3;2.0 TDI;2019;Desmontada de vehículo;1 año;Bajo pedido 24-48h;106,22 € + IVA;https://desguacesmadridnorte.com/76347-pieza.html
76348;9110HZ61D;Aleta delantera izquierda;VOLKSWAGEN;Polo;1.2 TSI;2018;Comprobada, funcionando;1 año;En stock;109,91 € + IVA;https://desguacesmadridnorte.com/76348-pieza.html
76351;7069AJ30A;Amortiguador delantero;SKODA;Fabia;1.2 TSI;2014;Comprobada, funcionando;1 año;En stock;55,01 € + IVA;https://desguacesmadridnorte.com/76351-pieza.html
76352;6324WW21C;Piloto trasero izquierdo;VOLKSWAGEN;Golf;2.0 TDI;2012;Desmontada de vehículo;1 año;En stock;68,76 € + IVA;https://desguacesmadridnorte.com/76352-pieza.html
76354;3923SA37A;Compresor aire acondicionado;HYUNDAI;Tucson;2.0 CRDi;2017;Desmontada de vehículo;1 año;En stock;167,45 € + IVA;https://desguacesmadridnorte.com/76354-pieza.html
76355;9876TC48B;Cuadro de instrumentos;FORD;Fiesta;1.0 EcoBoost;2011;Desmontada de vehículo;1 año;En stock;73,47 € + IVA;https://desguacesmadridnorte.com/76355-pieza.html
76356;7142VE81E;Motor de arranque;HYUNDAI;Tucson;1.7 CRDi;2011;Desmontada de vehículo;1 año;En stock;37,69 € + IVA;https://desguacesmadridnorte.com/76356-pieza.html
76358;6779SX69F;Bomba de dirección;PEUGEOT;208;1.4 HDi;2019;Comprobada, funcionando;1 año;Bajo pedido 24-48h;74,37 € + IVA;https://desguacesmadridnorte.com/76358-pieza.html
76359;7360ZF10F;Retrovisor izquierdo;OPEL;Corsa;1.3 CDTI;2009;Comprobada, funcionando;1 año;En stock;54,47 € + IVA;https://desguacesmadridnorte.com/76359-pieza.html
76361;9266KE83E;Faro delantero derecho;CITROEN;C3;1.4 HDi;2019;Comprobada, funcionando;1 año;En stock;215,35 € + IVA;https://desguacesmadridnorte.com/76361-pieza.html
76363;1514NQ39D;Bomba de dirección;SEAT;León;1.6 TDI;2008;Desmontada de vehículo;1 año;En stock;37,67 € + IVA;https://desguacesmadridnorte.com/76363-pieza.html
76364;7216AZ37F;Parachoques delantero;NISSAN;Juke;1.2 DIG-T;2012;Comprobada, funcionando;1 año;En stock;63,04 € + IVA;https://desguacesmadridnorte.com/76364-pieza.html
76366;8307DQ77A;Puerta delantera izquierda;SEAT;Ibiza;1.2 TSI;2016;Comprobada, funcionando;1 año;En stock;304,30 € + IVA;https://desguacesmadridnorte.com/76366-pieza.html
76369;9860JB90A;Airbag volante;CITROEN;C3;1.4 HDi;2014;Comprobada, funcionando;1 año;En stock;91,12 € + IVA;https://desguacesmadridnorte.com/76369-pieza.html
76371;3167GD64E;Colector de admisión;SEAT;León;1.6 TDI;2009;Comprobada, funcionando;1 año;Bajo pedido 24-48h;69,47 € + IVA;https://desguacesmadridnorte.com/76371-pieza.html
76374;1684DJ65C;Alternador;BMW;X1;20d;2012;Desmontada de vehículo;1 año;En stock;88,80 € + IVA;https://desguacesmadridnorte.com/76374-pieza.html
76376;7207HL81D;Aleta delantera izquierda;MERCEDES-BENZ;Clase E Coupé;250 CDI;2012;Comprobada, funcionando;1 año;Bajo pedido 24-48h;202,04 € + IVA;https://desguacesmadridnorte.com/76376-pieza.html
76377;2223TK14D;Cerradura puerta delantera;AUDI;Q3;2.0 TDI;2015;Desmontada de vehículo;1 año;Bajo pedido 24-48h;86,65 € + IVA;https://desguacesmadridnorte.com/76377-pieza.html
76379;1460NM83E;Retrovisor derecho;SEAT;Ateca;1.5 TSI;2017;Sin comprobar;1 año;En stock;68,50 € + IVA;https://desguacesmadridnorte.com/76379-pieza.html
76382;2144YX30F;Compresor aire acondicionado;MERCEDES-BENZ;Clase E Coupé;220 CDI;2021;Desmontada de vehículo;1 año;En stock;505,47 € + IVA;https://desguacesmadridnorte.com/76382-pieza.html
76384;6170MG35F;Portón trasero;CITROEN;C3;1.4 HDi;2008;Desmontada de vehículo;1 año;Bajo pedido 24-48h;226,80 € + IVA;https://desguacesmadridnorte.com/76384-pieza.html
76386;1128ZH65B;Elevalunas delantero izquierdo;CITROEN;C4;1.6 VTi;2007;Comprobada, funcionando;1 año;Bajo pedido 24-48h;34,78 € + IVA;https://desguacesmadridnorte.com/76386-pieza.html
76389;3375ZN44D;Parachoques trasero;SEAT;Ateca;2.0 TDI;2017;Desmontada de vehículo;1 año;Bajo pedido 24-48h;151,93 € + IVA;https://desguacesmadridnorte.com/76389-pieza.html
76391;6950TT53F;Amortiguador delantero;FORD;Fusion;1.4 TDCi;2016;Desmontada de vehículo;1 año;Bajo pedido 24-48h;43,51 € + IVA;https://desguacesmadridnorte.com/76391-pieza.html
76393;6164NW14E;Airbag volante;BMW;X1;20d;2016;Comprobada, funcionando;1 año;Bajo pedido 24-48h;354,42 € + IVA;https://desguacesmadridnorte.com/76393-pieza.html
76395;9929HX45C;Motor completo;SKODA;Fabia;1.4 TDI;2011;Desmontada de vehículo;1 año;Bajo pedido 24-48h;1.460,09 € + IVA;https://desguacesmadridnorte.com/76395-pieza.html
76396;6351HM26E;Faro delantero derecho;BMW;X1;20d;2008;Comprobada, funcionando;1 año;En stock;249,12 € + IVA;https://desguacesmadridnorte.com/76396-pieza.html
76398;9078LS55A;Cuadro de instrumentos;PEUGEOT;3008;2.0 HDi;2012;Comprobada, funcionando;1 año;Bajo pedido 24-48h;247,02 € + IVA;https://desguacesmadridnorte.com/76398-pieza.html
76399;3004XG95A;Piloto trasero derecho;MERCEDES-BENZ;CLA;180 CDI;2018;Comprobada, funcionando;1 año;Bajo pedido 24-48h;50,68 € + IVA;https://desguacesmadridnorte.com/76399-pieza.html
76400;2819CE18C;Piloto trasero derecho;NISSAN;Juke;1.5 dCi;2008;Comprobada, funcionando;1 año;Bajo pedido 24-48h;42,18 € + IVA;https://desguacesmadridnorte.com/76400-pieza.html
76401;3692PA77C;Intercooler;VOLKSWAGEN;Polo;1.4 TDI;2016;Comprobada, funcionando;1 año;Bajo pedido 24-48h;190,80 € + IVA;https://desguacesmadridnorte.com/76401-pieza.html
76402;8769FL80F;Elevalunas delantero izquierdo;SEAT;Ibiza;1.6 TDI;2019;Sin comprobar;1 año;Bajo pedido 24-48h;72,10 € + IVA;https://desguacesmadridnorte.com/76402-pieza.html
76405;8730ZT25E;Puerta delantera izquierda;BMW;Serie 1;116d;2012;Comprobada, funcionando;1 año;En stock;223,11 € + IVA;https://desguacesmadridnorte.com/76405-pieza.html
76408;4677LS61E;Capó;RENAULT;Megane;1.5 dCi;2019;Desmontada de vehículo;1 año;Bajo pedido 24-48h;216,11 € + IVA;https://desguacesmadridnorte.com/76408-pieza.html
76410;8329PJ62C;Elevalunas delantero izquierdo;OPEL;Corsa;1.3 CDTI;2015;Desmontada de vehículo;1 año;Bajo pedido 24-48h;57,25 € + IVA;https://desguacesmadridnorte.com/76410-pieza.html
76411;3940LP38A;Paso de rueda trasero izquierdo;OPEL;Corsa;1.2 16v;2006;Comprobada, funcionando;1 año;En stock;14,06 € + IVA;https://desguacesmadridnorte.com/76411-pieza.html
76412;3999KR66E;Cerradura puerta delantera;VOLKSWAGEN;Polo;1.4 TDI;2013;Comprobada, funcionando;1 año;En stock;43,90 € + IVA;https://desguacesmadridnorte.com/76412-pieza.html
76413;6045RY61D;Caja de cambios;HYUNDAI;Tucson;2.0 CRDi;2014;Sin comprobar;1 año;En stock;483,62 € + IVA;https://desguacesmadridnorte.com/76413-pieza.html
76414;4833BJ42E;Caja de cambios;NISSAN;Qashqai;1.6 dCi;2018;Sin comprobar;1 año;En stock;698,55 € + IVA;https://desguacesmadridnorte.com/76414-pieza.html
76416;3866RG85A;Puerta trasera izquierda;TOYOTA;Proace City;1.5 D-4D;2017;Comprobada, funcionando;1 año;Bajo pedido 24-48h;381,22 € + IVA;https://desguacesmadridnorte.com/76416-pieza.html
76418;3812WZ73B;Piloto trasero derecho;MERCEDES-BENZ;Clase E Coupé;250 CDI;2017;Desmontada de vehículo;1 año;En stock;91,83 € + IVA;https://desguacesmadridnorte.com/76418-pieza.html
76419;8638ZK16B;Puerta trasera izquierda;OPEL;Corsa;1.2 16v;2009;Comprobada, funcionando;1 año;En stock;205,31 € + IVA;https://desguacesmadridnorte.com/76419-pieza.html
76420;9108VC94C;Puerta delantera izquierda;TOYOTA;Corolla;1.4 D-4D;2005;Comprobada, funcionando;1 año;En stock;109,02 € + IVA;https://desguacesmadridnorte.com/76420-pieza.html
76422;6258DE57D;Amortiguador delantero;BMW;Serie 1;118d;2006;Comprobada, funcionando;1 año;Bajo pedido 24-48h;80,82 € + IVA;https://desguacesmadridnorte.com/76422-pieza.html
76424;7488CY36C;Cerradura puerta delantera;HYUNDAI;i30;1.4 CRDi;2007;Sin comprobar;1 año;En stock;50,07 € + IVA;https://desguacesmadridnorte.com/76424-pieza.html
76425;2932ZS45D;Piloto trasero derecho;PEUGEOT;208;1.4 HDi;2014;Comprobada, funcionando;1 año;En stock;51,52 € + IVA;https://desguacesmadridnorte.com/76425-pieza.html
76426;8712DK76F;Parachoques trasero;BMW;X1;20d;2006;Desmontada de vehículo;1 año;Bajo pedido 24-48h;151,22 € + IVA;https://desguacesmadridnorte.com/76426-pieza.html
76427;4132BW31B;Retrovisor derecho;SKODA;Fabia;1.4 TDI;2013;Comprobada, funcionando;1 año;Bajo pedido 24-48h;72,58 € + IVA;https://desguacesmadridnorte.com/76427-pieza.html
76430;4722BL85D;Puerta delantera izquierda;MERCEDES-BENZ;CLA;200 CDI;2020;Desmontada de vehículo;1 año;En stock;386,03 € + IVA;https://desguacesmadridnorte.com/76430-pieza.html
76433;1861YR77F;Intercooler;SKODA;Octavia;1.6 TDI;2013;Desmontada de vehículo;1 año;Bajo pedido 24-48h;182,64 € + IVA;https://desguacesmadridnorte.com/76433-pieza.html
76434;9836DN70B;Centralita motor;RENAULT;Megane;1.5 dCi;2008;Desmontada de vehículo;1 año;Bajo pedido 24-48h;239,60 € + IVA;https://desguacesmadridnorte.com/76434-pieza.html
76436;9061ZQ78F;Puerta delantera izquierda;PEUGEOT;208;1.4 HDi;2005;Desmontada de vehículo;1 año;En stock;187,11 € + IVA;https://desguacesmadridnorte.com/76436-pieza.html
76438;7911ZF18F;Módulo electrónico;SEAT;Ateca;2.0 TDI;2011;Comprobada, funcionando;1 año;En stock;160,40 € + IVA;https://desguacesmadridnorte.com/76438-pieza.html
76441;9989DJ83F;Paso de rueda trasero izquierdo;KIA;Sportage;2.0 CRDi;2019;Comprobada, funcionando;1 año;En stock;34,02 € + IVA;https://desguacesmadridnorte.com/76441-pieza.html
76443;3680XM85C;Parachoques trasero;RENAULT;Captur;1.5 dCi;2005;Comprobada, funcionando;1 año;En stock;86,67 € + IVA;https://desguacesmadridnorte.com/76443-pieza.html
76444;3887LG12C;Elevalunas delantero izquierdo;MERCEDES-BENZ;Clase A;180 CDI;2015;Sin comprobar;1 año;Bajo pedido 24-48h;96,23 € + IVA;https://desguacesmadridnorte.com/76444-pieza.html
76447;2610TG49D;Bomba de agua;BMW;Serie 3;320d;2008;Desmontada de vehículo;1 año;En stock;46,50 € + IVA;https://desguacesmadridnorte.com/76447-pieza.html
76448;1237KP92D;Faro delantero derecho;AUDI;Q3;2.0 TDI;2006;Sin comprobar;1 año;En stock;229,15 € + IVA;https://desguacesmadridnorte.com/76448-pieza.html
76449;3586BJ54B;Cerradura puerta delantera;SEAT;Ibiza;1.6 TDI;2012;Comprobada, funcionando;1 año;Bajo pedido 24-48h;31,25 € + IVA;https://desguacesmadridnorte.com/76449-pieza.html
76452;4981DF16A;Puerta trasera izquierda;SKODA;Octavia;2.0 TDI;2008;Comprobada, funcionando;1 año;En stock;99,01 € + IVA;https://desguacesmadridnorte.com/76452-pieza.html
76455;9344PD49C;Piloto trasero izquierdo;CITROEN;C4;1.6 VTi;2010;Comprobada, funcionando;1 año;En stock;43,06 € + IVA;https://desguacesmadridnorte.com/76455-pieza.html
76458;7365MG68F;Paso de rueda trasero izquierdo;OPEL;Corsa;1.2 16v;2018;Comprobada, funcionando;1 año;Bajo pedido 24-48h;44,25 € + IVA;https://desguacesmadridnorte.com/76458-pieza.html
76459;9916FS70E;Bomba de agua;HYUNDAI;i30;1.6 CRDi;2010;Sin comprobar;1 año;En stock;45,46 € + IVA;https://desguacesmadridnorte.com/76459-pieza.html
76460;9214HX33F;Airbag volante;OPEL;Corsa;1.3 CDTI;2010;Comprobada, funcionando;1 año;Bajo pedido 24-48h;138,34 € + IVA;https://desguacesmadridnorte.com/76460-pieza.html
76463;3027GH84D;Catalizador;SEAT;Ibiza;1.6 TDI;2013;Desmontada de vehículo;1 año;Bajo pedido 24-48h;313,32 € + IVA;https://desguacesmadridnorte.com/76463-pieza.html
76464;7036LM76B;Faro delantero derecho;NISSAN;Qashqai;1.6 dCi;2016;Comprobada, funcionando;1 año;Bajo pedido 24-48h;147,35 € + IVA;https://desguacesmadridnorte.com/76464-pieza.html
76466;1293MQ73A;Motor de arranque;SKODA;Octavia;2.0 TDI;2006;Sin comprobar;1 año;En stock;51,81 € + IVA;https://desguacesmadridnorte.com/76466-pieza.html
76467;2011NL89C;Colector de admisión;BMW;X1;18d;2012;Comprobada, funcionando;1 año;En stock;78,17 € + IVA;https://desguacesmadridnorte.com/76467-pieza.html
76470;3371FB76C;Alternador;MERCEDES-BENZ;CLA;200 CDI;2020;Sin comprobar;1 año;En stock;214,53 € + IVA;https://desguacesmadridnorte.com/76470-pieza.html
76471;8879SL63C;Paso de rueda trasero izquierdo;KIA;Sportage;1.7 CRDi;2007;Comprobada, funcionando;1 año;En stock;43,37 € + IVA;https://desguacesmadridnorte.com/76471-pieza.html
76473;7384GG16D;Puerta delantera derecha;KIA;Sportage;1.7 CRDi;2012;Desmontada de vehículo;1 año;En stock;222,89 € + IVA;https://desguacesmadridnorte.com/76473-pieza.html
76474;2290RP92D;Portón trasero;SEAT;Ateca;2.0 TDI;2006;Comprobada, funcionando;1 año;Bajo pedido 24-48h;219,49 € + IVA;https://desguacesmadridnorte.com/76474-pieza.html
76476;7190FL70D;Parachoques delantero;RENAULT;Captur;0.9 TCe;2011;Comprobada, funcionando;1 año;En stock;95,39 € + IVA;https://desguacesmadridnorte.com/76476-pieza.html
76479;7867GX94E;Motor de arranque;AUDI;A4;3.0 TDI;2016;Desmontada de vehículo;1 año;En stock;106,83 € + IVA;https://desguacesmadridnorte.com/76479-pieza.html
76481;2975RG67D;Amortiguador delantero;TOYOTA;Proace City;1.5 D-4D;2018;Sin comprobar;1 año;Bajo pedido 24-48h;76,61 € + IVA;https://desguacesmadridnorte.com/76481-pieza.html
76482;3195DV54B;Puerta trasera izquierda;CITROEN;C4;1.6 HDi;2015;Comprobada, funcionando;1 año;En stock;154,70 € + IVA;https://desguacesmadridnorte.com/76482-pieza.html
76483;1582WS99A;Aleta delantera izquierda;VOLKSWAGEN;Golf;2.0 TDI;2016;Desmontada de vehículo;1 año;Bajo pedido 24-48h;135,97 € + IVA;https://desguacesmadridnorte.com/76483-pieza.html
76484;9055DB99D;Faro delantero izquierdo;BMW;X1;18d;2020;Comprobada, funcionando;1 año;En stock;308,98 € + IVA;https://desguacesmadridnorte.com/76484-pieza.html
76485;5858NJ60E;Colector de admisión;MERCEDES-BENZ;Clase A;200 CDI;2014;Sin comprobar;1 año;En stock;175,67 € + IVA;https://desguacesmadridnorte.com/76485-pieza.html
76487;7270PD69E;Piloto trasero izquierdo;TOYOTA;Corolla;1.8 Hybrid;2020;Desmontada de vehículo;1 año;Bajo pedido 24-48h;45,85 € + IVA;https://desguacesmadridnorte.com/76487-pieza.html
76489;5712JP87E;Centralita motor;KIA;Ceed;1.6 CRDi;2012;Desmontada de vehículo;1 año;En stock;259,31 € + IVA;https://desguacesmadridnorte.com/76489-pieza.html
76490;1018KG51B;Retrovisor izquierdo;OPEL;Corsa;1.3 CDTI;2006;Sin comprobar;1 año;Bajo pedido 24-48h;20,07 € + IVA;https://desguacesmadridnorte.com/76490-pieza.html
76491;2262ZW47B;Centralita motor;SKODA;Octavia;1.6 TDI;2007;Desmontada de vehículo;1 año;En stock;157,68 € + IVA;https://desguacesmadridnorte.com/76491-pieza.html
76493;9094CD10E;Retrovisor derecho;AUDI;Q3;2.0 TDI;2018;Comprobada, funcionando;1 año;Bajo pedido 24-48h;122,34 € + IVA;https://desguacesmadridnorte.com/76493-pieza.html
76496;4295KE35B;Parachoques delantero;MERCEDES-BENZ;Clase E Coupé;220 CDI;2016;Desmontada de vehículo;1 año;En stock;456,22 € + IVA;https://desguacesmadridnorte.com/76496-pieza.html
76497;6639LD85E;Turbo;VOLKSWAGEN;Passat;1.6 TDI;2006;Desmontada de vehículo;1 año;En stock;347,83 € + IVA;https://desguacesmadridnorte.com/76497-pieza.html
76500;6725AA48A;Radiador;BMW;Serie 1;118d;2018;Desmontada de vehículo;1 año;En stock;80,27 € + IVA;https://desguacesmadridnorte.com/76500-pieza.html
76502;5741LJ70E;Puerta trasera izquierda;OPEL;Corsa;1.3 CDTI;2006;Comprobada, funcionando;1 año;En stock;98,61 € + IVA;https://desguacesmadridnorte.com/76502-pieza.html
76505;1041SH58A;Colector de admisión;NISSAN;Juke;1.5 dCi;2012;Desmontada de vehículo;1 año;En stock;111,96 € + IVA;https://desguacesmadridnorte.com/76505-pieza.html
76508;3720KC93D;Cerradura puerta delantera;SKODA;Fabia;1.2 TSI;2019;Comprobada, funcionando;1 año;En stock;33,84 € + IVA;https://desguacesmadridnorte.com/76508-pieza.html
76510;4237XN47E;Aleta delantera izquierda;CITROEN;C3;1.4 HDi;2006;Sin comprobar;1 año;En stock;41,27 € + IVA;https://desguacesmadridnorte.com/76510-pieza.html
76512;6160DM69D;Cárter;PEUGEOT;308;1.6 HDi;2016;Desmontada de vehículo;1 año;En stock;42,10 € + IVA;https://desguacesmadridnorte.com/76512-pieza.html
76515;1438EE20B;Módulo electrónico;SKODA;Octavia;1.6 TDI;2007;Desmontada de vehículo;1 año;Bajo pedido 24-48h;76,46 € + IVA;https://desguacesmadridnorte.com/76515-pieza.html
76516;7028WB75B;Portón trasero;BMW;Serie 3;320d;2006;Comprobada, funcionando;1 año;Bajo pedido 24-48h;267,70 € + IVA;https://desguacesmadridnorte.com/76516-pieza.html
76517;5852GR28B;Compresor aire acondicionado;AUDI;A3;1.4 TFSI;2018;Sin comprobar;1 año;En stock;315,84 € + IVA;https://desguacesmadridnorte.com/76517-pieza.html
76518;7728BY40C;Retrovisor izquierdo;SEAT;Ibiza;1.2 TSI;2008;Comprobada, funcionando;1 año;En stock;63,64 € + IVA;https://desguacesmadridnorte.com/76518-pieza.html
76519;4350HR14E;Faro delantero izquierdo;PEUGEOT;208;1.4 HDi;2021;Comprobada, funcionando;1 año;Bajo pedido 24-48h;131,83 € + IVA;https://desguacesmadridnorte.com/76519-pieza.html
76521;4254JM24A;Puerta delantera derecha;CITROEN;C3;1.4 HDi;2006;Comprobada, funcionando;1 año;Bajo pedido 24-48h;185,89 € + IVA;https://desguacesmadridnorte.com/76521-pieza.html
76523;9601GC32C;Airbag volante;OPEL;Astra;1.7 CDTI;2014;Comprobada, funcionando;1 año;Bajo pedido 24-48h;172,39 € + IVA;https://desguacesmadridnorte.com/76523-pieza.html
76525;5119CE33A;Catalizador;VOLKSWAGEN;Golf;2.0 TDI;2019;Comprobada, funcionando;1 año;Bajo pedido 24-48h;162,02 € + IVA;https://desguacesmadridnorte.com/76525-pieza.html
76527;5857MQ26D;Elevalunas delantero izquierdo;SKODA;Octavia;2.0 TDI;2018;Comprobada, funcionando;1 año;En stock;100,25 € + IVA;https://desguacesmadridnorte.com/76527-pieza.html
76529;2735ZR29A;Aleta delantera izquierda;PEUGEOT;308;2.0 HDi;2013;Comprobada, funcionando;1 año;En stock;104,36 € + IVA;https://desguacesmadridnorte.com/76529-pieza.html
76531;5933MY28B;Amortiguador delantero;AUDI;A3;2.0 TDI;2006;Comprobada, funcionando;1 año;En stock;83,25 € + IVA;https://desguacesmadridnorte.com/76531-pieza.html
76533;6824SE14C;Cárter;RENAULT;Captur;1.5 dCi;2019;Sin comprobar;1 año;En stock;33,95 € + IVA;https://desguacesmadridnorte.com/76533-pieza.html
76535;6760XL28F;Parachoques trasero;OPEL;Corsa;1.3 CDTI;2007;Comprobada, funcionando;1 año;Bajo pedido 24-48h;74,73 € + IVA;https://desguacesmadridnorte.com/76535-pieza.html
76536;5143KK53D;Amortiguador delantero;CITROEN;C3;1.4 HDi;2010;Desmontada de vehículo;1 año;Bajo pedido 24-48h;31,85 € + IVA;https://desguacesmadridnorte.com/76536-pieza.html
76539;1032PC74C;Portón trasero;HYUNDAI;Tucson;2.0 CRDi;2021;Comprobada, funcionando;1 año;Bajo pedido 24-48h;312,99 € + IVA;https://desguacesmadridnorte.com/76539-pieza.html
76542;5417KZ40C;Faro delantero izquierdo;HYUNDAI;Tucson;1.7 CRDi;2016;Comprobada, funcionando;1 año;Bajo pedido 24-48h;51,96 € + IVA;https://desguacesmadridnorte.com/76542-pieza.html
76543;8786YS28F;Bomba de dirección;AUDI;A4;3.0 TDI;2019;Comprobada, funcionando;1 año;Bajo pedido 24-48h;159,17 € + IVA;https://desguacesmadridnorte.com/76543-pieza.html
76545;5404HJ39D;Cremallera de dirección;MERCEDES-BENZ;Clase E Coupé;220 CDI;2011;Comprobada, funcionando;1 año;Bajo pedido 24-48h;482,51 € + IVA;https://desguacesmadridnorte.com/76545-pieza.html
76546;9471BD79B;Retrovisor derecho;AUDI;A4;2.0 TFSI;2007;Comprobada, funcionando;1 año;En stock;77,32 € + IVA;https://desguacesmadridnorte.com/76546-pieza.html
76548;1006NX48F;Caja de cambios;KIA;Ceed;1.4 CRDi;2021;Comprobada, funcionando;1 año;Bajo pedido 24-48h;898,99 € + IVA;https://desguacesmadridnorte.com/76548-pieza.html
76550;7828TP35C;Puerta delantera derecha;AUDI;A4;2.0 TDI;2017;Comprobada, funcionando;1 año;Bajo pedido 24-48h;290,02 € + IVA;https://desguacesmadridnorte.com/76550-pieza.html
76551;4843KM84F;Radiador;RENAULT;Captur;1.5 dCi;2010;Comprobada, funcionando;1 año;En stock;82,30 € + IVA;https://desguacesmadridnorte.com/76551-pieza.html
76554;1077WQ71F;Paso de rueda trasero izquierdo;BMW;Serie 3;320d;2015;Comprobada, funcionando;1 año;Bajo pedido 24-48h;42,01 € + IVA;https://desguacesmadridnorte.com/76554-pieza.html
76556;3580EQ51D;Centralita motor;OPEL;Astra;1.6 CDTI;2013;Desmontada de vehículo;1 año;En stock;202,63 € + IVA;https://desguacesmadridnorte.com/76556-pieza.html
76559;5728XW86C;Puerta trasera izquierda;VOLKSWAGEN;Polo;1.2 TSI;2011;Comprobada, funcionando;1 año;Bajo pedido 24-48h;190,31 € + IVA;https://desguacesmadridnorte.com/76559-pieza.html
76561;2012HK66E;Centralita motor;HYUNDAI;Tucson;1.7 CRDi;2007;Comprobada, funcionando;1 año;Bajo pedido 24-48h;333,40 € + IVA;https://desguacesmadridnorte.com/76561-pieza.html
76562;5301JH90D;Turbo;AUDI;A3;1.6 TDI;2012;Desmontada de vehículo;1 año;En stock;777,46 € + IVA;https://desguacesmadridnorte.com/76562-pieza.html
76563;1724NY75E;Cárter;PEUGEOT;308;2.0 HDi;2012;Comprobada, funcionando;1 año;En stock;51,31 € + IVA;https://desguacesmadridnorte.com/76563-pieza.html
76564;6798RV88C;Radiador;NISSAN;Juke;1.5 dCi;2005;Desmontada de vehículo;1 año;Bajo pedido 24-48h;56,72 € + IVA;https://desguacesmadridnorte.com/76564-pieza.html
76566;5655MS13B;Faro delantero derecho;TOYOTA;Proace City;1.5 D-4D;2021;Comprobada, funcionando;1 año;Bajo pedido 24-48h;88,01 € + IVA;https://desguacesmadridnorte.com/76566-pieza.html
76567;8702QK95B;Parachoques delantero;VOLKSWAGEN;Polo;1.2 TSI;2017;Comprobada, funcionando;1 año;Bajo pedido 24-48h;74,44 € + IVA;https://desguacesmadridnorte.com/76567-pieza.html
76568;9386GW38D;Caja de cambios;SKODA;Octavia;1.6 TDI;2005;Sin comprobar;1 año;En stock;394,15 € + IVA;https://desguacesmadridnorte.com/76568-pieza.html
76569;4235JT81F;Turbo;VOLKSWAGEN;Golf;1.4 TSI;2015;Sin comprobar;1 año;En stock;418,85 € + IVA;https://desguacesmadridnorte.com/76569-pieza.html
76572;1767VN83A;Alternador;AUDI;Q3;2.0 TDI;2005;Comprobada, funcionando;1 año;En stock;175,80 € + IVA;https://desguacesmadridnorte.com/76572-pieza.html
76573;8866FD11C;Portón trasero;BMW;Serie 3;320d;2009;Desmontada de vehículo;1 año;En stock;416,61 € + IVA;https://desguacesmadridnorte.com/76573-pieza.html
76575;8535QN61F;Radiador;SEAT;Ateca;2.0 TDI;2014;Comprobada, funcionando;1 año;En stock;81,33 € + IVA;https://desguacesmadridnorte.com/76575-pieza.html
76576;3457NB35D;Alternador;PEUGEOT;208;1.4 HDi;2014;Comprobada, funcionando;1 año;Bajo pedido 24-48h;88,31 € + IVA;https://desguacesmadridnorte.com/76576-pieza.html
76577;6375SH48A;Portón trasero;HYUNDAI;Tucson;1.7 CRDi;2012;Comprobada, funcionando;1 año;Bajo pedido 24-48h;148,33 € + IVA;https://desguacesmadridnorte.com/76577-pieza.html
76578;2420AG73C;Retrovisor derecho;TOYOTA;Corolla;1.4 D-4D;2009;Comprobada, funcionando;1 año;Bajo pedido 24-48h;95,49 € + IVA;https://desguacesmadridnorte.com/76578-pieza.html
76580;9720WK96E;Colector de admisión;TOYOTA;Corolla;1.8 Hybrid;2015;Desmontada de vehículo;1 año;Bajo pedido 24-48h;144,81 € + IVA;https://desguacesmadridnorte.com/76580-pieza.html
76581;6365DP61B;Amortiguador delantero;NISSAN;Qashqai;1.5 dCi;2017;Comprobada, funcionando;1 año;Bajo pedido 24-48h;55,32 € + IVA;https://desguacesmadridnorte.com/76581-pieza.html
76584;3625SV62E;Faro delantero izquierdo;OPEL;Corsa;1.2 16v;2009;Desmontada de vehículo;1 año;En stock;105,23 € + IVA;https://desguacesmadridnorte.com/76584-pieza.html
76586;5348FD22C;Intercooler;AUDI;A3;2.0 TDI;2021;Comprobada, funcionando;1 año;En stock;121,17 € + IVA;https://desguacesmadridnorte.com/76586-pieza.html
76587;5866YV22C;Compresor aire acondicionado;NISSAN;Juke;1.2 DIG-T;2006;Comprobada, funcionando;1 año;Bajo pedido 24-48h;174,43 € + IVA;https://desguacesmadridnorte.com/76587-pieza.html
76588;8154ZN76E;Puerta trasera izquierda;RENAULT;Megane;1.6 dCi;2015;Comprobada, funcionando;1 año;En stock;269,07 € + IVA;https://desguacesmadridnorte.com/76588-pieza.html
76590;2261BC87D;Cárter;MERCEDES-BENZ;Clase A;200 CDI;2012;Desmontada de vehículo;1 año;En stock;119,55 € + IVA;https://desguacesmadridnorte.com/76590-pieza.html
76591;1570JK12A;Motor completo;AUDI;Q3;1.4 TFSI;2007;Comprobada, funcionando;1 año;En stock;2.701,04 € + IVA;https://desguacesmadridnorte.com/76591-pieza.html
76593;8423DF48A;Centralita motor;FORD;Fusion;1.4 TDCi;2015;Sin comprobar;1 año;En stock;236,83 € + IVA;https://desguacesmadridnorte.com/76593-pieza.html
76594;2708XG24D;Cinturón de seguridad;HYUNDAI;i30;1.6 CRDi;2007;Comprobada, funcionando;1 año;En stock;26,74 € + IVA;https://desguacesmadridnorte.com/76594-pieza.html
76595;7867JY63C;Caja de cambios;SEAT;Ateca;2.0 TDI;2021;Desmontada de vehículo;1 año;En stock;456,42 € + IVA;https://desguacesmadridnorte.com/76595-pieza.html
76597;5637FS58D;Cremallera de dirección;AUDI;A4;2.0 TDI;2019;Comprobada, funcionando;1 año;Bajo pedido 24-48h;343,37 € + IVA;https://desguacesmadridnorte.com/76597-pieza.html
76599;9065KG85A;Parachoques delantero;FORD;Fiesta;1.0 EcoBoost;2011;Comprobada, funcionando;1 año;Bajo pedido 24-48h;90,86 € + IVA;https://desguacesmadridnorte.com/76599-pieza.html
76600;6676WX68D;Parachoques delantero;HYUNDAI;Tucson;1.7 CRDi;2021;Comprobada, funcionando;1 año;En stock;170,74 € + IVA;https://desguacesmadridnorte.com/76600-pieza.html
76601;9437MM62C;Cuadro de instrumentos;PEUGEOT;308;2.0 HDi;2011;Sin comprobar;1 año;Bajo pedido 24-48h;215,23 € + IVA;https://desguacesmadridnorte.com/76601-pieza.html
76603;3594QB96E;Piloto trasero izquierdo;PEUGEOT;3008;2.0 HDi;2016;Comprobada, funcionando;1 año;Bajo pedido 24-48h;68,75 € + IVA;https://desguacesmadridnorte.com/76603-pieza.html
76604;3385NM48C;Airbag volante;PEUGEOT;308;1.6 HDi;2017;Desmontada de vehículo;1 año;En stock;173,56 € + IVA;https://desguacesmadridnorte.com/76604-pieza.html
76605;8129SQ37A;Capó;FORD;Fiesta;1.0 EcoBoost;2007;Desmontada de vehículo;1 año;En stock;138,67 € + IVA;https://desguacesmadridnorte.com/76605-pieza.html
76607;2812RP85E;Motor completo;CITROEN;C3;1.4 HDi;2016;Comprobada, funcionando;1 año;Bajo pedido 24-48h;1.527,94 € + IVA;https://desguacesmadridnorte.com/76607-pieza.html
76609;2642KM27D;Piloto trasero izquierdo;AUDI;A4;2.0 TFSI;2014;Comprobada, funcionando;1 año;En stock;122,20 € + IVA;https://desguacesmadridnorte.com/76609-pieza.html
76612;9647JT91E;Portón trasero;PEUGEOT;208;1.6 HDi;2009;Comprobada, funcionando;1 año;En stock;69,94 € + IVA;https://desguacesmadridnorte.com/76612-pieza.html
76613;3658SE92A;Parachoques trasero;AUDI;A4;2.0 TFSI;2006;Comprobada, funcionando;1 año;Bajo pedido 24-48h;224,30 € + IVA;https://desguacesmadridnorte.com/76613-pieza.html
76616;9674BX93E;Puerta delantera izquierda;CITROEN;C4;1.6 HDi;2010;Comprobada, funcionando;1 año;En stock;122,22 € + IVA;https://desguacesmadridnorte.com/76616-pieza.html
76617;3659DN50F;Puerta delantera izquierda;BMW;Serie 3;330i;2019;Comprobada, funcionando;1 año;Bajo pedido 24-48h;229,38 € + IVA;https://desguacesmadridnorte.com/76617-pieza.html
76620;9205HH53F;Aleta delantera izquierda;SKODA;Octavia;2.0 TDI;2014;Comprobada, funcionando;1 año;Bajo pedido 24-48h;143,22 € + IVA;https://desguacesmadridnorte.com/76620-pieza.html
76622;1825QZ65B;Cárter;SEAT;Ateca;2.0 TDI;2012;Comprobada, funcionando;1 año;En stock;72,85 € + IVA;https://desguacesmadridnorte.com/76622-pieza.html
76624;4254HY73F;Cuadro de instrumentos;PEUGEOT;308;1.6 HDi;2016;Comprobada, funcionando;1 año;En stock;138,89 € + IVA;https://desguacesmadridnorte.com/76624-pieza.html
76626;4943HC61B;Elevalunas delantero izquierdo;AUDI;A3;2.0 TDI;2019;Comprobada, funcionando;1 año;En stock;57,08 € + IVA;https://desguacesmadridnorte.com/76626-pieza.html
76629;1175HB41B;Faro delantero izquierdo;SKODA;Octavia;1.6 TDI;2008;Desmontada de vehículo;1 año;En stock;52,90 € + IVA;https://desguacesmadridnorte.com/76629-pieza.html
76632;2748GS92B;Catalizador;CITROEN;C4;1.6 HDi;2014;Comprobada, funcionando;1 año;En stock;409,70 € + IVA;https://desguacesmadridnorte.com/76632-pieza.html
76634;9548JW98E;Catalizador;BMW;X1;18d;2006;Comprobada, funcionando;1 año;Bajo pedido 24-48h;394,38 € + IVA;https://desguacesmadridnorte.com/76634-pieza.html
76635;2310NY27D;Piloto trasero izquierdo;VOLKSWAGEN;Golf;1.4 TSI;2009;Comprobada, funcionando;1 año;Bajo pedido 24-48h;42,99 € + IVA;https://desguacesmadridnorte.com/76635-pieza.html
76636;3500TJ35D;Cerradura puerta delantera;NISSAN;Qashqai;1.5 dCi;2013;Sin comprobar;1 año;En stock;28,14 € + IVA;https://desguacesmadridnorte.com/76636-pieza.html
76637;2432CN11B;Turbo;FORD;Focus;2.0 TDCi;2011;Sin comprobar;1 año;Bajo pedido 24-48h;376,25 € + IVA;https://desguacesmadridnorte.com/76637-pieza.html
76639;1985ZD53E;Elevalunas delantero izquierdo;TOYOTA;Corolla;1.4 D-4D;2016;Comprobada, funcionando;1 año;En stock;59,13 € + IVA;https://desguacesmadridnorte.com/76639-pieza.html
76642;9217SW73B;Airbag volante;RENAULT;Clio;1.2 16v;2013;Comprobada, funcionando;1 año;En stock;57,32 € + IVA;https://desguacesmadridnorte.com/76642-pieza.html
76644;5274KY71B;Faro delantero izquierdo;FORD;Fusion;1.4 TDCi;2007;Comprobada, funcionando;1 año;En stock;99,01 € + IVA;https://desguacesmadridnorte.com/76644-pieza.html
76646;2591LM82E;Faro delantero derecho;RENAULT;Captur;1.5 dCi;2013;Desmontada de vehículo;1 año;Bajo pedido 24-48h;121,33 € + IVA;https://desguacesmadridnorte.com/76646-pieza.html
76649;1567GJ76E;Intercooler;MERCEDES-BENZ;Clase E Coupé;220 CDI;2012;Desmontada de vehículo;1 año;En stock;161,01 € + IVA;https://desguacesmadridnorte.com/76649-pieza.html
76650;7799ZS31B;Módulo electrónico;SEAT;Ateca;1.5 TSI;2019;Desmontada de vehículo;1 año;Bajo pedido 24-48h;132,88 € + IVA;https://desguacesmadridnorte.com/76650-pieza.html
76651;5565DC94D;Parachoques delantero;HYUNDAI;Tucson;1.7 CRDi;2020;Sin comprobar;1 año;En stock;235,78 € + IVA;https://desguacesmadridnorte.com/76651-pieza.html
76652;7524NH95B;Faro delantero derecho;CITROEN;C3;1.4 HDi;2009;Desmontada de vehículo;1 año;En stock;76,08 € + IVA;https://desguacesmadridnorte.com/76652-pieza.html
76655;8507KT23D;Faro delantero izquierdo;MERCEDES-BENZ;CLA;200 CDI;2020;Desmontada de vehículo;1 año;En stock;197,09 € + IVA;https://desguacesmadridnorte.com/76655-pieza.html
76656;4567CD45C;Cerradura puerta delantera;OPEL;Corsa;1.2 16v;2016;Comprobada, funcionando;1 año;Bajo pedido 24-48h;48,08 € + IVA;https://desguacesmadridnorte.com/76656-pieza.html
76658;4142SY94B;Faro delantero derecho;SKODA;Octavia;2.0 TDI;2007;Comprobada, funcionando;1 año;En stock;118,20 € + IVA;https://desguacesmadridnorte.com/76658-pieza.html
76661;9798EY65E;Cremallera de dirección;SKODA;Fabia;1.4 TDI;2011;Comprobada, funcionando;1 año;En stock;105,98 € + IVA;https://desguacesmadridnorte.com/76661-pieza.html
76664;2819CM77A;Cárter;AUDI;A3;2.0 TDI;2005;Comprobada, funcionando;1 año;Bajo pedido 24-48h;48,55 € + IVA;https://desguacesmadridnorte.com/76664-pieza.html
76666;7819LR10B;Caja de cambios;AUDI;Q3;2.0 TDI;2018;Comprobada, funcionando;1 año;En stock;981,04 € + IVA;https://desguacesmadridnorte.com/76666-pieza.html
76668;7435MD91A;Cuadro de instrumentos;KIA;Ceed;1.4 CRDi;2019;Comprobada, funcionando;1 año;En stock;233,55 € + IVA;https://desguacesmadridnorte.com/76668-pieza.html
76671;9894ML35B;Retrovisor derecho;MERCEDES-BENZ;Clase E Coupé;250 CDI;2009;Desmontada de vehículo;1 año;Bajo pedido 24-48h;71,79 € + IVA;https://desguacesmadridnorte.com/76671-pieza.html
76673;2348AA29D;Radiador;OPEL;Astra;1.7 CDTI;2007;Comprobada, funcionando;1 año;En stock;96,29 € + IVA;https://desguacesmadridnorte.com/76673-pieza.html
76676;1507KT45F;Caja de cambios;BMW;Serie 1;118d;2007;Desmontada de vehículo;1 año;En stock;629,71 € + IVA;https://desguacesmadridnorte.com/76676-pieza.html
76678;4835ER62D;Caja de cambios;RENAULT;Captur;1.5 dCi;2014;Comprobada, funcionando;1 año;En stock;465,28 € + IVA;https://desguacesmadridnorte.com/76678-pieza.html
76680;5097YN17E;Catalizador;RENAULT;Captur;0.9 TCe;2011;Desmontada de vehículo;1 año;Bajo pedido 24-48h;249,76 € + IVA;https://desguacesmadridnorte.com/76680-pieza.html
76681;3584DT52B;Cerradura puerta delantera;AUDI;Q3;2.0 TDI;2006;Desmontada de vehículo;1 año;Bajo pedido 24-48h;42,36 € + IVA;https://desguacesmadridnorte.com/76681-pieza.html
76683;6835SC30D;Cárter;BMW;X1;20d;2019;Comprobada, funcionando;1 año;Bajo pedido 24-48h;165,84 € + IVA;https://desguacesmadridnorte.com/76683-pieza.html
76685;4952WT30D;Cuadro de instrumentos;CITROEN;C3;1.2 PureTech;2020;Comprobada, funcionando;1 año;En stock;114,44 € + IVA;https://desguacesmadridnorte.com/76685-pieza.html
76688;5759CB57E;Bomba de dirección;SKODA;Octavia;2.0 TDI;2016;Desmontada de vehículo;1 año;En stock;88,88 € + IVA;https://desguacesmadridnorte.com/76688-pieza.html
76689;6344DM27C;Turbo;OPEL;Astra;1.6 CDTI;2019;Desmontada de vehículo;1 año;En stock;356,80 € + IVA;https://desguacesmadridnorte.com/76689-pieza.html
76691;9803JJ34C;Retrovisor izquierdo;OPEL;Corsa;1.2 16v;2005;Comprobada, funcionando;1 año;En stock;74,27 € + IVA;https://desguacesmadridnorte.com/76691-pieza.html
76692;6718CF19D;Cinturón de seguridad;HYUNDAI;i30;1.6 CRDi;2013;Desmontada de vehículo;1 año;Bajo pedido 24-48h;48,54 € + IVA;https://desguacesmadridnorte.com/76692-pieza.html
76695;9396RD68A;Bomba de dirección;SKODA;Octavia;1.6 TDI;2016;Comprobada, funcionando;1 año;Bajo pedido 24-48h;108,53 € + IVA;https://desguacesmadridnorte.com/76695-pieza.html
76696;6351JK11B;Motor completo;OPEL;Astra;1.7 CDTI;2015;Comprobada, funcionando;1 año;En stock;1.142,36 € + IVA;https://desguacesmadridnorte.com/76696-pieza.html
76698;7647SJ58E;Centralita motor;OPEL;Corsa;1.3 CDTI;2005;Comprobada, funcionando;1 año;Bajo pedido 24-48h;158,92 € + IVA;https://desguacesmadridnorte.com/76698-pieza.html
76701;5126GT59E;Alternador;TOYOTA;Camry;2.5 Hybrid;2012;Desmontada de vehículo;1 año;En stock;104,79 € + IVA;https://desguacesmadridnorte.com/76701-pieza.html
76703;6045XX62B;Colector de admisión;RENAULT;Captur;0.9 TCe;2013;Desmontada de vehículo;1 año;En stock;60,34 € + IVA;https://desguacesmadridnorte.com/76703-pieza.html
76706;6383EZ88F;Puerta delantera derecha;SKODA;Fabia;1.4 TDI;2015;Comprobada, funcionando;1 año;En stock;98,39 € + IVA;https://desguacesmadridnorte.com/76706-pieza.html
76708;1628JK50C;Módulo electrónico;NISSAN;Qashqai;1.5 dCi;2016;Comprobada, funcionando;1 año;Bajo pedido 24-48h;79,32 € + IVA;https://desguacesmadridnorte.com/76708-pieza.html
76711;3392FY75B;Caja de cambios;MERCEDES-BENZ;Clase E Coupé;250 CDI;2006;Comprobada, funcionando;1 año;En stock;583,52 € + IVA;https://desguacesmadridnorte.com/76711-pieza.html
76712;7429WJ21A;Elevalunas delantero izquierdo;HYUNDAI;i30;1.4 CRDi;2006;Desmontada de vehículo;1 año;Bajo pedido 24-48h;25,04 € + IVA;https://desguacesmadridnorte.com/76712-pieza.html
76713;5639RR73F;Puerta delantera derecha;SEAT;Ateca;1.5 TSI;2010;Desmontada de vehículo;1 año;En stock;261,23 € + IVA;https://desguacesmadridnorte.com/76713-pieza.html
76715;6500WJ56C;Bomba de dirección;SEAT;Ibiza;1.9 TDI;2016;Comprobada, funcionando;1 año;En stock;77,31 € + IVA;https://desguacesmadridnorte.com/76715-pieza.html
76716;2440VR95D;Elevalunas delantero izquierdo;BMW;Serie 3;318d;2016;Comprobada, funcionando;1 año;En stock;68,50 € + IVA;https://desguacesmadridnorte.com/76716-pieza.html
76719;6208DQ62D;Cremallera de dirección;NISSAN;Qashqai;1.6 dCi;2019;Comprobada, funcionando;1 año;En stock;298,59 € + IVA;https://desguacesmadridnorte.com/76719-pieza.html
76722;5179HR74E;Amortiguador delantero;CITROEN;C4;1.6 HDi;2019;Comprobada, funcionando;1 año;En stock;26,15 € + IVA;https://desguacesmadridnorte.com/76722-pieza.html
76725;5375BN54C;Bomba de dirección;NISSAN;Juke;1.2 DIG-T;2009;Desmontada de vehículo;1 año;Bajo pedido 24-48h;47,96 € + IVA;https://desguacesmadridnorte.com/76725-pieza.html
76726;9174MM80E;Puerta delantera derecha;HYUNDAI;i30;1.6 CRDi;2018;Comprobada, funcionando;1 año;En stock;273,49 € + IVA;https://desguacesmadridnorte.com/76726-pieza.html
76729;2798DP44C;Puerta delantera izquierda;SEAT;León;1.6 TDI;2005;Desmontada de vehículo;1 año;Bajo pedido 24-48h;189,08 € + IVA;https://desguacesmadridnorte.com/76729-pieza.html
76731;7522RC81E;Piloto trasero derecho;SKODA;Octavia;1.6 TDI;2011;Desmontada de vehículo;1 año;Bajo pedido 24-48h;57,37 € + IVA;https://desguacesmadridnorte.com/76731-pieza.html
76732;3086NH87F;Retrovisor derecho;NISSAN;Qashqai;1.6 dCi;2018;Desmontada de vehículo;1 año;En stock;172,71 € + IVA;https://desguacesmadridnorte.com/76732-pieza.html
76733;2303LS86B;Portón trasero;CITROEN;C3;1.2 PureTech;2010;Comprobada, funcionando;1 año;En stock;216,90 € + IVA;https://desguacesmadridnorte.com/76733-pieza.html
76734;6492CT16F;Portón trasero;BMW;X1;18d;2007;Desmontada de vehículo;1 año;Bajo pedido 24-48h;157,90 € + IVA;https://desguacesmadridnorte.com/76734-pieza.html
76737;5981ZF56B;Piloto trasero izquierdo;FORD;Fiesta;1.5 TDCi;2017;Comprobada, funcionando;1 año;En stock;33,01 € + IVA;https://desguacesmadridnorte.com/76737-pieza.html
76739;4629GR15E;Colector de admisión;SEAT;León;1.6 TDI;2008;Comprobada, funcionando;1 año;Bajo pedido 24-48h;111,19 € + IVA;https://desguacesmadridnorte.com/76739-pieza.html
76740;2308JC50A;Turbo;OPEL;Astra;1.6 CDTI;2015;Comprobada, funcionando;1 año;Bajo pedido 24-48h;254,02 € + IVA;https://desguacesmadridnorte.com/76740-pieza.html
76743;4412XH23C;Faro delantero derecho;NISSAN;Juke;1.5 dCi;2021;Comprobada, funcionando;1 año;En stock;182,17 € + IVA;https://desguacesmadridnorte.com/76743-pieza.html
76746;7460MQ87B;Faro delantero derecho;NISSAN;Juke;1.2 DIG-T;2006;Desmontada de vehículo;1 año;En stock;54,94 € + IVA;https://desguacesmadridnorte.com/76746-pieza.html
76749;6184PZ95E;Elevalunas delantero izquierdo;BMW;Serie 1;116d;2005;Comprobada, funcionando;1 año;En stock;97,97 € + IVA;https://desguacesmadridnorte.com/76749-pieza.html
76750;7120KF63C;Catalizador;OPEL;Astra;1.7 CDTI;2005;Desmontada de vehículo;1 año;Bajo pedido 24-48h;131,96 € + IVA;https://desguacesmadridnorte.com/76750-pieza.html
76752;7552WT21E;Puerta delantera derecha;VOLKSWAGEN;Golf;1.6 TDI;2009;Comprobada, funcionando;1 año;Bajo pedido 24-48h;330,00 € + IVA;https://desguacesmadridnorte.com/76752-pieza.html
76753;7695WE55A;Caja de cambios;MERCEDES-BENZ;Clase A;200 CDI;2020;Comprobada, funcionando;1 año;Bajo pedido 24-48h;749,40 € + IVA;https://desguacesmadridnorte.com/76753-pieza.html
76754;5020DV98A;Motor completo;TOYOTA;Camry;2.5 Hybrid;2008;Comprobada, funcionando;1 año;Bajo pedido 24-48h;1.757,39 € + IVA;https://desguacesmadridnorte.com/76754-pieza.html
76756;9214VL16C;Puerta delantera izquierda;CITROEN;C3;1.2 PureTech;2011;Comprobada, funcionando;1 año;Bajo pedido 24-48h;173,36 € + IVA;https://desguacesmadridnorte.com/76756-pieza.html
76759;4954DT34E;Airbag volante;CITROEN;C3;1.2 PureTech;2007;Desmontada de vehículo;1 año;Bajo pedido 24-48h;170,95 € + IVA;https://desguacesmadridnorte.com/76759-pieza.html
76761;4839HV88C;Paso de rueda trasero izquierdo;KIA;Sportage;2.0 CRDi;2006;Comprobada, funcionando;1 año;En stock;39,20 € + IVA;https://desguacesmadridnorte.com/76761-pieza.html
76764;3738CN70F;Centralita motor;AUDI;A4;2.0 TDI;2011;Desmontada de vehículo;1 año;En stock;190,20 € + IVA;https://desguacesmadridnorte.com/76764-pieza.html
76767;6343PL29E;Piloto trasero derecho;VOLKSWAGEN;Passat;1.6 TDI;2017;Desmontada de vehículo;1 año;Bajo pedido 24-48h;39,53 € + IVA;https://desguacesmadridnorte.com/76767-pieza.html
76770;7011JC68D;Airbag volante;SKODA;Fabia;1.4 TDI;2021;Comprobada, funcionando;1 año;En stock;224,53 € + IVA;https://desguacesmadridnorte.com/76770-pieza.html
76771;8567CM11C;Piloto trasero izquierdo;PEUGEOT;3008;2.0 HDi;2008;Comprobada, funcionando;1 año;Bajo pedido 24-48h;67,96 € + IVA;https://desguacesmadridnorte.com/76771-pieza.html
76774;7425KN90F;Cárter;SEAT;León;2.0 TDI;2006;Comprobada, funcionando;1 año;En stock;58,06 € + IVA;https://desguacesmadridnorte.com/76774-pieza.html
76776;7184PX47E;Turbo;MERCEDES-BENZ;CLA;180 CDI;2014;Desmontada de vehículo;1 año;En stock;860,73 € + IVA;https://desguacesmadridnorte.com/76776-pieza.html
76779;4888QT89A;Radiador;KIA;Sportage;2.0 CRDi;2021;Comprobada, funcionando;1 año;En stock;197,51 € + IVA;https://desguacesmadridnorte.com/76779-pieza.html
76782;8001TF42A;Retrovisor derecho;SKODA;Fabia;1.2 TSI;2011;Comprobada, funcionando;1 año;En stock;73,76 € + IVA;https://desguacesmadridnorte.com/76782-pieza.html
76783;1439GM16B;Puerta trasera izquierda;KIA;Sportage;1.7 CRDi;2009;Comprobada, funcionando;1 año;En stock;242,84 € + IVA;https://desguacesmadridnorte.com/76783-pieza.html
76784;9135DY46D;Parachoques trasero;OPEL;Corsa;1.3 CDTI;2005;Comprobada, funcionando;1 año;Bajo pedido 24-48h;113,87 € + IVA;https://desguacesmadridnorte.com/76784-pieza.html
76785;9908TD69C;Compresor aire acondicionado;BMW;X1;20d;2015;Sin comprobar;1 año;En stock;415,27 € + IVA;https://desguacesmadridnorte.com/76785-pieza.html
76787;4722MF71D;Cerradura puerta delantera;VOLKSWAGEN;Passat;2.0 TDI;2013;Desmontada de vehículo;1 año;En stock;58,24 € + IVA;https://desguacesmadridnorte.com/76787-pieza.html
76789;5968VY40D;Airbag volante;NISSAN;Qashqai;1.5 dCi;2017;Comprobada, funcionando;1 año;En stock;223,64 € + IVA;https://desguacesmadridnorte.com/76789-pieza.html
76792;8472CV87D;Centralita motor;PEUGEOT;3008;1.6 HDi;2016;Comprobada, funcionando;1 año;En stock;124,07 € + IVA;https://desguacesmadridnorte.com/76792-pieza.html
76795;7542QM23E;Bomba de dirección;SKODA;Fabia;1.2 TSI;2017;Desmontada de vehículo;1 año;Bajo pedido 24-48h;96,00 € + IVA;https://desguacesmadridnorte.com/76795-pieza.html
76798;8432WF18B;Intercooler;VOLKSWAGEN;Golf;1.4 TSI;2012;Comprobada, funcionando;1 año;En stock;144,91 € + IVA;https://desguacesmadridnorte.com/76798-pieza.html
76799;8863TZ83D;Capó;OPEL;Astra;1.7 CDTI;2006;Comprobada, funcionando;1 año;Bajo pedido 24-48h;139,74 € + IVA;https://desguacesmadridnorte.com/76799-pieza.html
76801;8465RW92A;Airbag volante;SEAT;León;1.6 TDI;2012;Comprobada, funcionando;1 año;En stock;232,07 € + IVA;https://desguacesmadridnorte.com/76801-pieza.html
76802;6205WS14B;Retrovisor derecho;SKODA;Fabia;1.2 TSI;2012;Comprobada, funcionando;1 año;Bajo pedido 24-48h;57,55 € + IVA;https://desguacesmadridnorte.com/76802-pieza.html
76803;2236YJ26B;Airbag volante;AUDI;Q3;2.0 TDI;2021;Comprobada, funcionando;1 año;Bajo pedido 24-48h;276,32 € + IVA;https://desguacesmadridnorte.com/76803-pieza.html
76804;6221PC83B;Portón trasero;TOYOTA;Camry;2.5 Hybrid;2017;Desmontada de vehículo;1 año;En stock;241,58 € + IVA;https://desguacesmadridnorte.com/76804-pieza.html
76806;2950CF35F;Catalizador;RENAULT;Megane;1.6 dCi;2006;Desmontada de vehículo;1 año;Bajo pedido 24-48h;241,38 € + IVA;https://desguacesmadridnorte.com/76806-pieza.html
76807;9393QK25F;Cinturón de seguridad;PEUGEOT;208;1.6 HDi;2018;Comprobada, funcionando;1 año;Bajo pedido 24-48h;31,79 € + IVA;https://desguacesmadridnorte.com/76807-pieza.html
76809;3999HT42F;Faro delantero izquierdo;HYUNDAI;i30;1.4 CRDi;2017;Sin comprobar;1 año;En stock;236,64 € + IVA;https://desguacesmadridnorte.com/76809-pieza.html
76810;2167AY69B;Colector de admisión;HYUNDAI;i30;1.6 CRDi;2019;Sin comprobar;1 año;En stock;87,11 € + IVA;https://desguacesmadridnorte.com/76810-pieza.html
76813;9700BR24F;Capó;SKODA;Fabia;1.2 TSI;2015;Comprobada, funcionando;1 año;En stock;220,00 € + IVA;https://desguacesmadridnorte.com/76813-pieza.html
76814;4470JZ38B;Puerta delantera derecha;VOLKSWAGEN;Passat;1.6 TDI;2007;Sin comprobar;1 año;En stock;150,36 € + IVA;https://desguacesmadridnorte.com/76814-pieza.html
76816;4341XN45E;Elevalunas delantero izquierdo;RENAULT;Clio;1.2 16v;2011;Comprobada, funcionando;1 año;Bajo pedido 24-48h;25,21 € + IVA;https://desguacesmadridnorte.com/76816-pieza.html
76819;5753MR80F;Piloto trasero izquierdo;AUDI;A4;2.0 TFSI;2008;Comprobada, funcionando;1 año;Bajo pedido 24-48h;62,19 € + IVA;https://desguacesmadridnorte.com/76819-pieza.html
76822;8576VH72E;Cárter;RENAULT;Megane;1.5 dCi;2014;Desmontada de vehículo;1 año;En stock;97,28 € + IVA;https://desguacesmadridnorte.com/76822-pieza.html
76824;2622VQ13F;Amortiguador delantero;SEAT;León;1.6 TDI;2009;Sin comprobar;1 año;En stock;61,90 € + IVA;https://desguacesmadridnorte.com/76824-pieza.html
76825;5478VM84A;Cinturón de seguridad;HYUNDAI;i30;1.6 CRDi;2011;Comprobada, funcionando;1 año;En stock;55,78 € + IVA;https://desguacesmadridnorte.com/76825-pieza.html
76828;3356CK31A;Puerta delantera izquierda;OPEL;Astra;1.7 CDTI;2020;Comprobada, funcionando;1 año;Bajo pedido 24-48h;325,84 € + IVA;https://desguacesmadridnorte.com/76828-pieza.html
76831;4072ND43A;Piloto trasero derecho;HYUNDAI;Tucson;2.0 CRDi;2015;Sin comprobar;1 año;Bajo pedido 24-48h;30,94 € + IVA;https://desguacesmadridnorte.com/76831-pieza.html
76832;4936YF74B;Radiador;SEAT;Ateca;2.0 TDI;2017;Comprobada, funcionando;1 año;Bajo pedido 24-48h;115,95 € + IVA;https://desguacesmadridnorte.com/76832-pieza.html
76833;4143GR64B;Aleta delantera izquierda;HYUNDAI;i30;1.6 CRDi;2019;Comprobada, funcionando;1 año;Bajo pedido 24-48h;83,31 € + IVA;https://desguacesmadridnorte.com/76833-pieza.html
76834;1982PV86E;Portón trasero;SEAT;León;1.6 TDI;2014;Comprobada, funcionando;1 año;En stock;196,23 € + IVA;https://desguacesmadridnorte.com/76834-pieza.html
76837;9222DX67C;Cinturón de seguridad;BMW;Serie 3;318d;2013;Sin comprobar;1 año;En stock;110,78 € + IVA;https://desguacesmadridnorte.com/76837-pieza.html
76838;6412AC19F;Intercooler;VOLKSWAGEN;Passat;2.0 TDI;2015;Comprobada, funcionando;1 año;Bajo pedido 24-48h;241,58 € + IVA;https://desguacesmadridnorte.com/76838-pieza.html
76840;2681PP41B;Motor de arranque;BMW;Serie 1;118d;2012;Comprobada, funcionando;1 año;En stock;157,76 € + IVA;https://desguacesmadridnorte.com/76840-pieza.html
76842;1464LN66B;Portón trasero;OPEL;Corsa;1.3 CDTI;2009;Comprobada, funcionando;1 año;En stock;96,18 € + IVA;https://desguacesmadridnorte.com/76842-pieza.html
76844;2319ST75C;Piloto trasero derecho;NISSAN;Juke;1.2 DIG-T;2015;Desmontada de vehículo;1 año;Bajo pedido 24-48h;43,33 € + IVA;https://desguacesmadridnorte.com/76844-pieza.html
76846;6146PE43B;Puerta delantera derecha;TOYOTA;Corolla;1.4 D-4D;2007;Comprobada, funcionando;1 año;En stock;122,80 € + IVA;https://desguacesmadridnorte.com/76846-pieza.html
76849;4277YV24F;Cremallera de dirección;HYUNDAI;i30;1.6 CRDi;2006;Sin comprobar;1 año;Bajo pedido 24-48h;157,77 € + IVA;https://desguacesmadridnorte.com/76849-pieza.html
76852;2246JX64D;Airbag volante;AUDI;Q3;2.0 TDI;2012;Comprobada, funcionando;1 año;En stock;199,48 € + IVA;https://desguacesmadridnorte.com/76852-pieza.html
76855;3534QJ15F;Cárter;KIA;Ceed;1.6 CRDi;2008;Comprobada, funcionando;1 año;En stock;49,61 € + IVA;https://desguacesmadridnorte.com/76855-pieza.html
76857;2082VN38B;Bomba de dirección;RENAULT;Captur;0.9 TCe;2017;Comprobada, funcionando;1 año;Bajo pedido 24-48h;75,57 € + IVA;https://desguacesmadridnorte.com/76857-pieza.html
76858;7076GL18E;Faro delantero izquierdo;OPEL;Corsa;1.3 CDTI;2016;Comprobada, funcionando;1 año;En stock;93,20 € + IVA;https://desguacesmadridnorte.com/76858-pieza.html
76859;3771CH43A;Bomba de agua;SEAT;León;1.6 TDI;2010;Comprobada, funcionando;1 año;Bajo pedido 24-48h;62,97 € + IVA;https://desguacesmadridnorte.com/76859-pieza.html
76860;9603RP15B;Amortiguador delantero;CITROEN;C4;1.6 HDi;2020;Comprobada, funcionando;1 año;En stock;76,95 € + IVA;https://desguacesmadridnorte.com/76860-pieza.html
76861;3641ER64E;Piloto trasero izquierdo;SEAT;Ibiza;1.2 TSI;2014;Comprobada, funcionando;1 año;En stock;30,03 € + IVA;https://desguacesmadridnorte.com/76861-pieza.html
76864;4682DV71D;Radiador;NISSAN;Juke;1.2 DIG-T;2017;Comprobada, funcionando;1 año;Bajo pedido 24-48h;64,15 € + IVA;https://desguacesmadridnorte.com/76864-pieza.html
76866;4342XX22A;Parachoques trasero;VOLKSWAGEN;Passat;1.6 TDI;2016;Comprobada, funcionando;1 año;En stock;238,80 € + IVA;https://desguacesmadridnorte.com/76866-pieza.html
76869;1399XW57D;Compresor aire acondicionado;BMW;Serie 3;320d;2013;Comprobada, funcionando;1 año;Bajo pedido 24-48h;134,77 € + IVA;https://desguacesmadridnorte.com/76869-pieza.html
76872;2933HW47C;Elevalunas delantero izquierdo;KIA;Ceed;1.6 CRDi;2006;Comprobada, funcionando;1 año;Bajo pedido 24-48h;70,42 € + IVA;https://desguacesmadridnorte.com/76872-pieza.html
76875;3807AF86F;Compresor aire acondicionado;SEAT;Ibiza;1.6 TDI;2007;Comprobada, funcionando;1 año;Bajo pedido 24-48h;159,07 € + IVA;https://desguacesmadridnorte.com/76875-pieza.html
76876;1743KW81D;Motor completo;BMW;Serie 3;318d;2017;Comprobada, funcionando;1 año;En stock;2.978,59 € + IVA;https://desguacesmadridnorte.com/76876-pieza.html
76879;5233LK54D;Turbo;VOLKSWAGEN;Golf;1.6 TDI;2005;Comprobada, funcionando;1 año;En stock;189,22 € + IVA;https://desguacesmadridnorte.com/76879-pieza.html
76881;4294KA23B;Puerta delantera izquierda;SEAT;León;1.6 TDI;2020;Desmontada de vehículo;1 año;Bajo pedido 24-48h;306,30 € + IVA;https://desguacesmadridnorte.com/76881-pieza.html
76883;9841MQ35F;Cremallera de dirección;BMW;X1;20d;2007;Comprobada, funcionando;1 año;Bajo pedido 24-48h;187,88 € + IVA;https://desguacesmadridnorte.com/76883-pieza.html
76885;3985BF52D;Centralita motor;RENAULT;Clio;1.2 16v;2005;Comprobada, funcionando;1 año;En stock;141,42 € + IVA;https://desguacesmadridnorte.com/76885-pieza.html
76887;5071TQ90C;Faro delantero derecho;HYUNDAI;Tucson;2.0 CRDi;2007;Sin comprobar;1 año;En stock;181,74 € + IVA;https://desguacesmadridnorte.com/76887-pieza.html
76889;2383FX69A;Piloto trasero izquierdo;BMW;Serie 1;118d;2005;Desmontada de vehículo;1 año;En stock;44,78 € + IVA;https://desguacesmadridnorte.com/76889-pieza.html
76890;5256NY37C;Cuadro de instrumentos;SKODA;Fabia;1.4 TDI;2011;Comprobada, funcionando;1 año;Bajo pedido 24-48h;81,54 € + IVA;https://desguacesmadridnorte.com/76890-pieza.html
76892;2897FE66F;Capó;CITROEN;C3;1.4 HDi;2006;Comprobada, funcionando;1 año;Bajo pedido 24-48h;128,15 € + IVA;https://desguacesmadridnorte.com/76892-pieza.html
76893;5559WK84D;Puerta delantera izquierda;KIA;Ceed;1.6 CRDi;2016;Comprobada, funcionando;1 año;En stock;151,00 € + IVA;https://desguacesmadridnorte.com/76893-pieza.html
76894;8169WD74F;Turbo;VOLKSWAGEN;Golf;1.4 TSI;2016;Desmontada de vehículo;1 año;En stock;542,17 € + IVA;https://desguacesmadridnorte.com/76894-pieza.html
76897;9233SN67F;Faro delantero izquierdo;FORD;Focus;1.6 TDCi;2009;Comprobada, funcionando;1 año;Bajo pedido 24-48h;145,41 € + IVA;https://desguacesmadridnorte.com/76897-pieza.html
76899;8314YP34C;Compresor aire acondicionado;BMW;X1;18d;2010;Desmontada de vehículo;1 año;Bajo pedido 24-48h;329,52 € + IVA;https://desguacesmadridnorte.com/76899-pieza.html
76900;7101WJ39E;Intercooler;SEAT;León;2.0 TDI;2021;Desmontada de vehículo;1 año;Bajo pedido 24-48h;178,21 € + IVA;https://desguacesmadridnorte.com/76900-pieza.html
76903;9214JM95E;Motor de arranque;BMW;Serie 3;330i;2008;Sin comprobar;1 año;En stock;42,09 € + IVA;https://desguacesmadridnorte.com/76903-pieza.html
76905;4416EN19C;Módulo electrónico;MERCEDES-BENZ;Clase E Coupé;250 CDI;2019;Desmontada de vehículo;1 año;En stock;146,97 € + IVA;https://desguacesmadridnorte.com/76905-pieza.html
76907;5787MB88F;Compresor aire acondicionado;OPEL;Corsa;1.2 16v;2015;Comprobada, funcionando;1 año;En stock;146,37 € + IVA;https://desguacesmadridnorte.com/76907-pieza.html
76909;9275JW43D;Intercooler;KIA;Ceed;1.6 CRDi;2007;Desmontada de vehículo;1 año;En stock;100,83 € + IVA;https://desguacesmadridnorte.com/76909-pieza.html
76912;8239ZY66F;Intercooler;OPEL;Corsa;1.2 16v;2008;Comprobada, funcionando;1 año;Bajo pedido 24-48h;81,42 € + IVA;https://desguacesmadridnorte.com/76912-pieza.html
76915;7359EP87F;Portón trasero;SEAT;Ibiza;1.9 TDI;2005;Comprobada, funcionando;1 año;Bajo pedido 24-48h;129,33 € + IVA;https://desguacesmadridnorte.com/76915-pieza.html
76918;3076LB47A;Faro delantero izquierdo;OPEL;Corsa;1.3 CDTI;2021;Comprobada, funcionando;1 año;Bajo pedido 24-48h;131,78 € + IVA;https://desguacesmadridnorte.com/76918-pieza.html
76920;4480KB38D;Faro delantero derecho;HYUNDAI;i30;1.4 CRDi;2008;Comprobada, funcionando;1 año;En stock;84,08 € + IVA;https://desguacesmadridnorte.com/76920-pieza.html
76923;2248AS41C;Retrovisor derecho;SEAT;Ateca;2.0 TDI;2009;Comprobada, funcionando;1 año;Bajo pedido 24-48h;58,87 € + IVA;https://desguacesmadridnorte.com/76923-pieza.html
76925;8493FH35B;Cárter;SKODA;Octavia;2.0 TDI;2007;Comprobada, funcionando;1 año;En stock;62,81 € + IVA;https://desguacesmadridnorte.com/76925-pieza.html
76927;4322ZY79A;Cuadro de instrumentos;RENAULT;Megane;1.5 dCi;2006;Comprobada, funcionando;1 año;En stock;100,64 € + IVA;https://desguacesmadridnorte.com/76927-pieza.html
76929;5899NW41E;Caja de cambios;VOLKSWAGEN;Golf;2.0 TDI;2012;Desmontada de vehículo;1 año;En stock;632,22 € + IVA;https://desguacesmadridnorte.com/76929-pieza.html
76932;3761HG57F;Capó;KIA;Ceed;1.4 CRDi;2011;Desmontada de vehículo;1 año;En stock;147,71 € + IVA;https://desguacesmadridnorte.com/76932-pieza.html
76934;7983VF14F;Portón trasero;FORD;Fiesta;1.5 TDCi;2014;Comprobada, funcionando;1 año;En stock;228,69 € + IVA;https://desguacesmadridnorte.com/76934-pieza.html
76936;9670WQ26F;Alternador;KIA;Sportage;2.0 CRDi;2015;Comprobada, funcionando;1 año;En stock;36,82 € + IVA;https://desguacesmadridnorte.com/76936-pieza.html
76937;9236EA33A;Cuadro de instrumentos;NISSAN;Qashqai;1.5 dCi;2016;Comprobada, funcionando;1 año;En stock;265,84 € + IVA;https://desguacesmadridnorte.com/76937-pieza.html
76938;5212ZV29A;Cerradura puerta delantera;HYUNDAI;i30;1.6 CRDi;2014;Comprobada, funcionando;1 año;Bajo pedido 24-48h;23,49 € + IVA;https://desguacesmadridnorte.com/76938-pieza.html
76940;5628CZ48B;Compresor aire acondicionado;RENAULT;Megane;1.6 dCi;2013;Desmontada de vehículo;1 año;Bajo pedido 24-48h;224,02 € + IVA;https://desguacesmadridnorte.com/76940-pieza.html
76941;7997HJ86F;Paso de rueda trasero izquierdo;SEAT;León;1.6 TDI;2009;Comprobada, funcionando;1 año;Bajo pedido 24-48h;18,42 € + IVA;https://desguacesmadridnorte.com/76941-pieza.html
76942;9580YC32D;Airbag volante;HYUNDAI;Tucson;2.0 CRDi;2013;Desmontada de vehículo;1 año;En stock;103,94 € + IVA;https://desguacesmadridnorte.com/76942-pieza.html
76944;7265BC47C;Portón trasero;RENAULT;Megane;1.5 dCi;2007;Comprobada, funcionando;1 año;Bajo pedido 24-48h;217,63 € + IVA;https://desguacesmadridnorte.com/76944-pieza.html
76946;9180XD28F;Centralita motor;TOYOTA;Corolla;1.8 Hybrid;2020;Comprobada, funcionando;1 año;En stock;307,36 € + IVA;https://desguacesmadridnorte.com/76946-pieza.html
76949;4783QX83A;Motor completo;PEUGEOT;308;1.6 HDi;2010;Desmontada de vehículo;1 año;Bajo pedido 24-48h;966,73 € + IVA;https://desguacesmadridnorte.com/76949-pieza.html
76952;8084VX80C;Radiador;FORD;Fiesta;1.0 EcoBoost;2010;Comprobada, funcionando;1 año;Bajo pedido 24-48h;115,81 € + IVA;https://desguacesmadridnorte.com/76952-pieza.html
76954;1262RB97A;Caja de cambios;CITROEN;C3;1.4 HDi;2019;Comprobada, funcionando;1 año;En stock;294,30 € + IVA;https://desguacesmadridnorte.com/76954-pieza.html
76957;3367DF28D;Retrovisor derecho;FORD;Fiesta;1.5 TDCi;2021;Desmontada de vehículo;1 año;Bajo pedido 24-48h;154,48 € + IVA;https://desguacesmadridnorte.com/76957-pieza.html
76960;2914FQ94C;Bomba de dirección;TOYOTA;Corolla;1.4 D-4D;2008;Comprobada, funcionando;1 año;En stock;87,45 € + IVA;https://desguacesmadridnorte.com/76960-pieza.html
76961;6259SQ31B;Aleta delantera izquierda;TOYOTA;Camry;2.5 Hybrid;2020;Desmontada de vehículo;1 año;En stock;144,15 € + IVA;https://desguacesmadridnorte.com/76961-pieza.html
76962;4155MX92B;Faro delantero derecho;SEAT;Ateca;2.0 TDI;2020;Comprobada, funcionando;1 año;Bajo pedido 24-48h;101,25 € + IVA;https://desguacesmadridnorte.com/76962-pieza.html
76964;4330PK66B;Catalizador;TOYOTA;Corolla;1.8 Hybrid;2012;Desmontada de vehículo;1 año;En stock;447,32 € + IVA;https://desguacesmadridnorte.com/76964-pieza.html
76967;5949FV35D;Colector de admisión;SKODA;Fabia;1.2 TSI;2011;Comprobada, funcionando;1 año;Bajo pedido 24-48h;107,85 € + IVA;https://desguacesmadridnorte.com/76967-pieza.html
76968;5622BD40E;Faro delantero izquierdo;BMW;X1;18d;2010;Comprobada, funcionando;1 año;En stock;200,84 € + IVA;https://desguacesmadridnorte.com/76968-pieza.html
76971;5770TY99B;Retrovisor izquierdo;HYUNDAI;Tucson;2.0 CRDi;2011;Comprobada, funcionando;1 año;En stock;26,44 € + IVA;https://desguacesmadridnorte.com/76971-pieza.html
76974;2000ZL71E;Radiador;SEAT;Ibiza;1.6 TDI;2006;Comprobada, funcionando;1 año;Bajo pedido 24-48h;40,03 € + IVA;https://desguacesmadridnorte.com/76974-pieza.html
76977;5834CG63A;Cinturón de seguridad;MERCEDES-BENZ;CLA;200 CDI;2013;Sin comprobar;1 año;En stock;85,19 € + IVA;https://desguacesmadridnorte.com/76977-pieza.html
76978;4374JL70D;Turbo;HYUNDAI;i30;1.6 CRDi;2021;Desmontada de vehículo;1 año;En stock;249,12 € + IVA;https://desguacesmadridnorte.com/76978-pieza.html
76980;7101FM20E;Retrovisor derecho;NISSAN;Juke;1.5 dCi;2005;Comprobada, funcionando;1 año;Bajo pedido 24-48h;89,11 € + IVA;https://desguacesmadridnorte.com/76980-pieza.html
76981;9410XS17E;Piloto trasero izquierdo;VOLKSWAGEN;Polo;1.4 TDI;2019;Comprobada, funcionando;1 año;En stock;84,08 € + IVA;https://desguacesmadridnorte.com/76981-pieza.html
76982;3492DM32E;Retrovisor izquierdo;RENAULT;Captur;1.5 dCi;2007;Comprobada, funcionando;1 año;En stock;70,81 € + IVA;https://desguacesmadridnorte.com/76982-pieza.html
76984;4677YY49F;Cremallera de dirección;SKODA;Fabia;1.4 TDI;2021;Desmontada de vehículo;1 año;Bajo pedido 24-48h;297,32 € + IVA;https://desguacesmadridnorte.com/76984-pieza.html
76987;4367BA73A;Bomba de agua;CITROEN;C4;1.6 VTi;2010;Comprobada, funcionando;1 año;En stock;51,73 € + IVA;https://desguacesmadridnorte.com/76987-pieza.html
76989;7705DD17E;Parachoques trasero;KIA;Ceed;1.6 CRDi;2018;Comprobada, funcionando;1 año;En stock;192,26 € + IVA;https://desguacesmadridnorte.com/76989-pieza.html
76990;7949QZ23C;Cuadro de instrumentos;PEUGEOT;3008;1.6 HDi;2011;Comprobada, funcionando;1 año;En stock;133,97 € + IVA;https://desguacesmadridnorte.com/76990-pieza.html
76993;2883NJ48F;Bomba de agua;FORD;Focus;1.6 TDCi;2021;Desmontada de vehículo;1 año;En stock;65,06 € + IVA;https://desguacesmadridnorte.com/76993-pieza.html
76996;4315QL70E;Catalizador;MERCEDES-BENZ;CLA;180 CDI;2011;Comprobada, funcionando;1 año;En stock;183,02 € + IVA;https://desguacesmadridnorte.com/76996-pieza.html
76998;3251CM50B;Aleta delantera izquierda;FORD;Fusion;1.4 TDCi;2009;Desmontada de vehículo;1 año;Bajo pedido 24-48h;83,65 € + IVA;https://desguacesmadridnorte.com/76998-pieza.html
77001;8471DT93C;Intercooler;SKODA;Octavia;1.6 TDI;2015;Comprobada, funcionando;1 año;Bajo pedido 24-48h;194,74 € + IVA;https://desguacesmadridnorte.com/77001-pieza.html
77003;7773DD28B;Faro delantero derecho;AUDI;A4;2.0 TFSI;2013;Comprobada, funcionando;1 año;Bajo pedido 24-48h;111,15 € + IVA;https://desguacesmadridnorte.com/77003-pieza.html
77006;1289HC45F;Airbag volante;KIA;Sportage;1.7 CRDi;2018;Comprobada, funcionando;1 año;Bajo pedido 24-48h;270,25 € + IVA;https://desguacesmadridnorte.com/77006-pieza.html
77009;6811DT79E;Elevalunas delantero izquierdo;CITROEN;C3;1.4 HDi;2021;Desmontada de vehículo;1 año;En stock;82,23 € + IVA;https://desguacesmadridnorte.com/77009-pieza.html
77011;6535PM50E;Turbo;TOYOTA;Camry;2.5 Hybrid;2018;Sin comprobar;1 año;Bajo pedido 24-48h;462,90 € + IVA;https://desguacesmadridnorte.com/77011-pieza.html
77012;7539CP30D;Cremallera de dirección;SEAT;León;1.6 TDI;2008;Desmontada de vehículo;1 año;Bajo pedido 24-48h;259,05 € + IVA;https://desguacesmadridnorte.com/77012-pieza.html
77013;2639PL42B;Cuadro de instrumentos;TOYOTA;Camry;2.5 Hybrid;2017;Comprobada, funcionando;1 año;En stock;153,54 € + IVA;https://desguacesmadridnorte.com/77013-pieza.html
77014;6110MS74E;Airbag volante;VOLKSWAGEN;Golf;1.4 TSI;2020;Comprobada, funcionando;1 año;En stock;194,36 € + IVA;https://desguacesmadridnorte.com/77014-pieza.html
77015;6763RE65D;Cremallera de dirección;PEUGEOT;208;1.6 HDi;2015;Desmontada de vehículo;1 año;Bajo pedido 24-48h;75,40 € + IVA;https://desguacesmadridnorte.com/77015-pieza.html
77016;5886HD17D;Intercooler;PEUGEOT;308;2.0 HDi;2013;Desmontada de vehículo;1 año;En stock;144,81 € + IVA;https://desguacesmadridnorte.com/77016-pieza.html
77019;7184MB35F;Cerradura puerta delantera;KIA;Sportage;1.7 CRDi;2011;Desmontada de vehículo;1 año;En stock;63,37 € + IVA;https://desguacesmadridnorte.com/77019-pieza.html
77020;1551LM29A;Airbag volante;SKODA;Fabia;1.2 TSI;2009;Desmontada de vehículo;1 año;Bajo pedido 24-48h;63,78 € + IVA;https://desguacesmadridnorte.com/77020-pieza.html
77023;8603SV95F;Puerta trasera izquierda;BMW;X1;18d;2010;Comprobada, funcionando;1 año;Bajo pedido 24-48h;475,02 € + IVA;https://desguacesmadridnorte.com/77023-pieza.html
77025;4882HB62D;Catalizador;AUDI;A3;1.6 TDI;2008;Comprobada, funcionando;1 año;En stock;332,88 € + IVA;https://desguacesmadridnorte.com/77025-pieza.html
77028;6909KA32F;Motor completo;KIA;Ceed;1.4 CRDi;2020;Comprobada, funcionando;1 año;En stock;2.053,12 € + IVA;https://desguacesmadridnorte.com/77028-pieza.html
77029;6689LG16F;Piloto trasero derecho;FORD;Focus;2.0 TDCi;2018;Desmontada de vehículo;1 año;En stock;30,53 € + IVA;https://desguacesmadridnorte.com/77029-pieza.html
77032;1483AC42A;Piloto trasero izquierdo;HYUNDAI;i30;1.6 CRDi;2011;Comprobada, funcionando;1 año;En stock;79,51 € + IVA;https://desguacesmadridnorte.com/77032-pieza.html
77034;3098HF72C;Motor de arranque;PEUGEOT;308;1.6 HDi;2018;Desmontada de vehículo;1 año;Bajo pedido 24-48h;95,45 € + IVA;https://desguacesmadridnorte.com/77034-pieza.html
77037;6521GX97A;Capó;PEUGEOT;308;1.6 HDi;2014;Sin comprobar;1 año;En stock;192,46 € + IVA;https://desguacesmadridnorte.com/77037-pieza.html
77040;1255SL38C;Amortiguador delantero;MERCEDES-BENZ;Clase A;180 CDI;2008;Comprobada, funcionando;1 año;Bajo pedido 24-48h;33,41 € + IVA;https://desguacesmadridnorte.com/77040-pieza.html
77043;9763EZ51B;Catalizador;KIA;Ceed;1.6 CRDi;2021;Desmontada de vehículo;1 año;En stock;290,90 € + IVA;https://desguacesmadridnorte.com/77043-pieza.html
77046;2224AH93F;Aleta delantera izquierda;RENAULT;Captur;0.9 TCe;2010;Sin comprobar;1 año;En stock;56,25 € + IVA;https://desguacesmadridnorte.com/77046-pieza.html
77048;4336HL60C;Puerta delantera izquierda;MERCEDES-BENZ;Clase A;200 CDI;2019;Comprobada, funcionando;1 año;Bajo pedido 24-48h;341,27 € + IVA;https://desguacesmadridnorte.com/77048-pieza.html
77050;9189LP59F;Caja de cambios;HYUNDAI;Tucson;2.0 CRDi;2005;Comprobada, funcionando;1 año;En stock;446,77 € + IVA;https://desguacesmadridnorte.com/77050-pieza.html
77052;7441VQ21C;Cerradura puerta delantera;SKODA;Octavia;2.0 TDI;2017;Sin comprobar;1 año;En stock;51,35 € + IVA;https://desguacesmadridnorte.com/77052-pieza.html
77055;9300PT41E;Colector de admisión;VOLKSWAGEN;Polo;1.2 TSI;2005;Comprobada, funcionando;1 año;Bajo pedido 24-48h;66,08 € + IVA;https://desguacesmadridnorte.com/77055-pieza.html
77058;7082EB20C;Puerta trasera izquierda;AUDI;Q3;1.4 TFSI;2015;Comprobada, funcionando;1 año;En stock;314,57 € + IVA;https://desguacesmadridnorte.com/77058-pieza.html
77059;5766QJ78A;Aleta delantera izquierda;SEAT;León;1.6 TDI;2013;Desmontada de vehículo;1 año;Bajo pedido 24-48h;93,87 € + IVA;https://desguacesmadridnorte.com/77059-pieza.html
77060;3521TT26E;Motor completo;KIA;Sportage;2.0 CRDi;2021;Sin comprobar;1 año;En stock;3.315,43 € + IVA;https://desguacesmadridnorte.com/77060-pieza.html
77062;6770GV53B;Centralita motor;NISSAN;Juke;1.2 DIG-T;2019;Desmontada de vehículo;1 año;En stock;155,53 € + IVA;https://desguacesmadridnorte.com/77062-pieza.html
77063;7365XR85B;Piloto trasero derecho;OPEL;Corsa;1.2 16v;2005;Desmontada de vehículo;1 año;En stock;28,93 € + IVA;https://desguacesmadridnorte.com/77063-pieza.html
77065;6010DL20C;Caja de cambios;SEAT;León;1.6 TDI;2010;Comprobada, funcionando;1 año;En stock;615,88 € + IVA;https://desguacesmadridnorte.com/77065-pieza.html
77067;5267CF16D;Bomba de dirección;SKODA;Octavia;1.6 TDI;2006;Desmontada de vehículo;1 año;En stock;46,06 € + IVA;https://desguacesmadridnorte.com/77067-pieza.html
77070;3812YZ74B;Colector de admisión;PEUGEOT;208;1.4 HDi;2012;Desmontada de vehículo;1 año;En stock;50,94 € + IVA;https://desguacesmadridnorte.com/77070-pieza.html
77072;3979WE84F;Parachoques trasero;FORD;Focus;1.6 TDCi;2019;Comprobada, funcionando;1 año;En stock;81,36 € + IVA;https://desguacesmadridnorte.com/77072-pieza.html
77073;8937QQ10B;Retrovisor izquierdo;AUDI;A4;2.0 TFSI;2020;Comprobada, funcionando;1 año;En stock;258,73 € + IVA;https://desguacesmadridnorte.com/77073-pieza.html
77076;4981EK88A;Elevalunas delantero izquierdo;BMW;X1;18d;2021;Comprobada, funcionando;1 año;Bajo pedido 24-48h;169,33 € + IVA;https://desguacesmadridnorte.com/77076-pieza.html
77077;8259QB90F;Cremallera de dirección;RENAULT;Clio;1.2 16v;2016;Desmontada de vehículo;1 año;Bajo pedido 24-48h;106,48 € + IVA;https://desguacesmadridnorte.com/77077-pieza.html
77078;2380XS82E;Piloto trasero derecho;KIA;Ceed;1.4 CRDi;2017;Comprobada, funcionando;1 año;En stock;70,17 € + IVA;https://desguacesmadridnorte.com/77078-pieza.html
77081;5246ME28D;Bomba de agua;PEUGEOT;308;2.0 HDi;2015;Comprobada, funcionando;1 año;En stock;72,38 € + IVA;https://desguacesmadridnorte.com/77081-pieza.html
77084;4627VN80F;Parachoques delantero;KIA;Ceed;1.4 CRDi;2014;Comprobada, funcionando;1 año;En stock;193,32 € + IVA;https://desguacesmadridnorte.com/77084-pieza.html
77087;6250WB59B;Retrovisor derecho;PEUGEOT;308;1.6 HDi;2006;Comprobada, funcionando;1 año;Bajo pedido 24-48h;49,57 € + IVA;https://desguacesmadridnorte.com/77087-pieza.html
77090;3588VJ36D;Elevalunas delantero izquierdo;VOLKSWAGEN;Golf;2.0 TDI;2009;Desmontada de vehículo;1 año;En stock;47,54 € + IVA;https://desguacesmadridnorte.com/77090-pieza.html
77093;4677LL48B;Cerradura puerta delantera;KIA;Sportage;2.0 CRDi;2010;Comprobada, funcionando;1 año;En stock;41,78 € + IVA;https://desguacesmadridnorte.com/77093-pieza.html
77094;7765VX43A;Cárter;TOYOTA;Camry;2.5 Hybrid;2021;Comprobada, funcionando;1 año;En stock;133,84 € + IVA;https://desguacesmadridnorte.com/77094-pieza.html
77097;6293ND66B;Módulo electrónico;PEUGEOT;308;1.6 HDi;2017;Desmontada de vehículo;1 año;Bajo pedido 24-48h;183,54 € + IVA;https://desguacesmadridnorte.com/77097-pieza.html
77099;1079XG29E;Colector de admisión;MERCEDES-BENZ;Clase A;180 CDI;2015;Desmontada de vehículo;1 año;Bajo pedido 24-48h;225,10 € + IVA;https://desguacesmadridnorte.com/77099-pieza.html
77100;2142FM76E;Amortiguador delantero;SKODA;Fabia;1.4 TDI;2005;Comprobada, funcionando;1 año;Bajo pedido 24-48h;37,17 € + IVA;https://desguacesmadridnorte.com/77100-pieza.html
77102;8232JM10A;Turbo;HYUNDAI;i30;1.6 CRDi;2020;Comprobada, funcionando;1 año;Bajo pedido 24-48h;557,25 € + IVA;https://desguacesmadridnorte.com/77102-pieza.html
77104;7022YP14F;Capó;BMW;X1;18d;2021;Comprobada, funcionando;1 año;En stock;360,52 € + IVA;https://desguacesmadridnorte.com/77104-pieza.html
77107;9562AC44C;Puerta delantera derecha;FORD;Fusion;1.4 TDCi;2015;Desmontada de vehículo;1 año;En stock;178,01 € + IVA;https://desguacesmadridnorte.com/77107-pieza.html
77109;2246KN84D;Bomba de agua;CITROEN;C4;1.6 HDi;2013;Comprobada, funcionando;1 año;En stock;70,42 € + IVA;https://desguacesmadridnorte.com/77109-pieza.html
77111;6877BG34E;Parachoques trasero;NISSAN;Juke;1.2 DIG-T;2010;Comprobada, funcionando;1 año;En stock;161,13 € + IVA;https://desguacesmadridnorte.com/77111-pieza.html
77114;1884KG30F;Bomba de dirección;AUDI;Q3;2.0 TDI;2012;Comprobada, funcionando;1 año;En stock;75,85 € + IVA;https://desguacesmadridnorte.com/77114-pieza.html
77115;6307HF57E;Bomba de dirección;KIA;Ceed;1.4 CRDi;2021;Comprobada, funcionando;1 año;Bajo pedido 24-48h;159,86 € + IVA;https://desguacesmadridnorte.com/77115-pieza.html
77118;4675GE46B;Cinturón de seguridad;MERCEDES-BENZ;Clase A;180 CDI;2006;Comprobada, funcionando;1 año;Bajo pedido 24-48h;87,85 € + IVA;https://desguacesmadridnorte.com/77118-pieza.html
77121;6164RE99F;Motor de arranque;MERCEDES-BENZ;Clase E Coupé;250 CDI;2012;Comprobada, funcionando;1 año;Bajo pedido 24-48h;210,22 € + IVA;https://desguacesmadridnorte.com/77121-pieza.html
77122;3008RW73C;Piloto trasero derecho;SEAT;Ateca;1.5 TSI;2008;Comprobada, funcionando;1 año;Bajo pedido 24-48h;19,51 € + IVA;https://desguacesmadridnorte.com/77122-pieza.html
77123;5516QF97C;Módulo electrónico;BMW;X1;18d;2021;Desmontada de vehículo;1 año;En stock;367,95 € + IVA;https://desguacesmadridnorte.com/77123-pieza.html
77126;9442QP53A;Compresor aire acondicionado;HYUNDAI;i30;1.4 CRDi;2015;Desmontada de vehículo;1 año;En stock;286,01 € + IVA;https://desguacesmadridnorte.com/77126-pieza.html
77129;3339RP37C;Módulo electrónico;RENAULT;Captur;1.5 dCi;2010;Desmontada de vehículo;1 año;En stock;39,65 € + IVA;https://desguacesmadridnorte.com/77129-pieza.html
77130;6620XX88E;Piloto trasero izquierdo;AUDI;Q3;2.0 TDI;2005;Comprobada, funcionando;1 año;Bajo pedido 24-48h;99,86 € + IVA;https://desguacesmadridnorte.com/77130-pieza.html
77133;8443QM38A;Bomba de agua;KIA;Sportage;2.0 CRDi;2010;Comprobada, funcionando;1 año;Bajo pedido 24-48h;27,00 € + IVA;https://desguacesmadridnorte.com/77133-pieza.html
77135;5326MR90F;Retrovisor izquierdo;AUDI;A4;2.0 TFSI;2017;Desmontada de vehículo;1 año;En stock;242,57 € + IVA;https://desguacesmadridnorte.com/77135-pieza.html
77138;1029QF47D;Catalizador;TOYOTA;Proace City;1.5 D-4D;2017;Comprobada, funcionando;1 año;Bajo pedido 24-48h;248,45 € + IVA;https://desguacesmadridnorte.com/77138-pieza.html
77141;8534ED94F;Retrovisor derecho;TOYOTA;Proace City;1.5 D-4D;2016;Desmontada de vehículo;1 año;Bajo pedido 24-48h;107,56 € + IVA;https://desguacesmadridnorte.com/77141-pieza.html
77144;7672JZ50E;Intercooler;FORD;Focus;1.6 TDCi;2011;Comprobada, funcionando;1 año;Bajo pedido 24-48h;57,87 € + IVA;https://desguacesmadridnorte.com/77144-pieza.html
77145;1915PQ19C;Cárter;AUDI;A3;2.0 TDI;2011;Comprobada, funcionando;1 año;En stock;40,50 € + IVA;https://desguacesmadridnorte.com/77145-pieza.html
77146;2543FA16F;Cerradura puerta delantera;PEUGEOT;208;1.4 HDi;2021;Desmontada de vehículo;1 año;En stock;64,18 € + IVA;https://desguacesmadridnorte.com/77146-pieza.html
77147;2207AW86A;Turbo;VOLKSWAGEN;Passat;2.0 TDI;2017;Comprobada, funcionando;1 año;En stock;328,70 € + IVA;https://desguacesmadridnorte.com/77147-pieza.html
77148;1002BN60D;Intercooler;SEAT;Ateca;1.5 TSI;2014;Comprobada, funcionando;1 año;Bajo pedido 24-48h;97,30 € + IVA;https://desguacesmadridnorte.com/77148-pieza.html
77149;7063XL57D;Parachoques delantero;SKODA;Octavia;1.6 TDI;2011;Desmontada de vehículo;1 año;Bajo pedido 24-48h;99,12 € + IVA;https://desguacesmadridnorte.com/77149-pieza.html
77151;2587RJ19A;Compresor aire acondicionado;FORD;Fusion;1.4 TDCi;2019;Comprobada, funcionando;1 año;En stock;114,77 € + IVA;https://desguacesmadridnorte.com/77151-pieza.html
77153;4788NW96F;Faro delantero derecho;FORD;Fiesta;1.0 EcoBoost;2014;Desmontada de vehículo;1 año;En stock;107,04 € + IVA;https://desguacesmadridnorte.com/77153-pieza.html
77156;9699CR17E;Parachoques trasero;NISSAN;Juke;1.5 dCi;2017;Comprobada, funcionando;1 año;En stock;81,46 € + IVA;https://desguacesmadridnorte.com/77156-pieza.html
77157;4033SK87C;Cerradura puerta delantera;MERCEDES-BENZ;CLA;200 CDI;2008;Sin comprobar;1 año;Bajo pedido 24-48h;42,18 € + IVA;https://desguacesmadridnorte.com/77157-pieza.html
77159;8505TA81A;Puerta delantera derecha;SKODA;Octavia;1.6 TDI;2013;Comprobada, funcionando;1 año;Bajo pedido 24-48h;217,51 € + IVA;https://desguacesmadridnorte.com/77159-pieza.html
77160;9347CQ31B;Módulo electrónico;PEUGEOT;308;2.0 HDi;2006;Sin comprobar;1 año;Bajo pedido 24-48h;47,40 € + IVA;https://desguacesmadridnorte.com/77160-pieza.html
77161;5038BD59D;Elevalunas delantero izquierdo;VOLKSWAGEN;Passat;1.6 TDI;2009;Comprobada, funcionando;1 año;En stock;57,17 € + IVA;https://desguacesmadridnorte.com/77161-pieza.html
77164;4620GF35A;Piloto trasero derecho;CITROEN;C4;1.6 VTi;2019;Comprobada, funcionando;1 año;En stock;101,18 € + IVA;https://desguacesmadridnorte.com/77164-pieza.html
77166;9286GE57E;Compresor aire acondicionado;PEUGEOT;308;2.0 HDi;2018;Desmontada de vehículo;1 año;En stock;141,44 € + IVA;https://desguacesmadridnorte.com/77166-pieza.html
77167;5102CS87D;Retrovisor derecho;NISSAN;Juke;1.2 DIG-T;2020;Desmontada de vehículo;1 año;Bajo pedido 24-48h;105,21 € + IVA;https://desguacesmadridnorte.com/77167-pieza.html
77169;1535LW57C;Retrovisor izquierdo;MERCEDES-BENZ;CLA;200 CDI;2008;Comprobada, funcionando;1 año;En stock;139,10 € + IVA;https://desguacesmadridnorte.com/77169-pieza.html
77170;2746PD97F;Faro delantero derecho;BMW;X1;20d;2014;Comprobada, funcionando;1 año;En stock;280,91 € + IVA;https://desguacesmadridnorte.com/77170-pieza.html
77171;9438EV15A;Bomba de dirección;VOLKSWAGEN;Golf;1.6 TDI;2020;Desmontada de vehículo;1 año;En stock;205,96 € + IVA;https://desguacesmadridnorte.com/77171-pieza.html
77174;8701SA91F;Piloto trasero izquierdo;TOYOTA;Proace City;1.5 D-4D;2008;Comprobada, funcionando;1 año;En stock;53,37 € + IVA;https://desguacesmadridnorte.com/77174-pieza.html
77177;8963CG60A;Cinturón de seguridad;AUDI;A4;2.0 TDI;2014;Comprobada, funcionando;1 año;En stock;79,99 € + IVA;https://desguacesmadridnorte.com/77177-pieza.html
77180;3640CH68B;Retrovisor derecho;AUDI;A4;2.0 TDI;2018;Comprobada, funcionando;1 año;Bajo pedido 24-48h;186,37 € + IVA;https://desguacesmadridnorte.com/77180-pieza.html
77182;7562JQ62F;Faro delantero derecho;AUDI;A3;1.6 TDI;2019;Comprobada, funcionando;1 año;Bajo pedido 24-48h;115,83 € + IVA;https://desguacesmadridnorte.com/77182-pieza.html
77184;7500PJ17A;Cárter;CITROEN;C3;1.2 PureTech;2013;Desmontada de vehículo;1 año;Bajo pedido 24-48h;72,48 € + IVA;https://desguacesmadridnorte.com/77184-pieza.html
77186;5446SN51D;Retrovisor izquierdo;VOLKSWAGEN;Passat;1.6 TDI;2018;Desmontada de vehículo;1 año;En stock;71,54 € + IVA;https://desguacesmadridnorte.com/77186-pieza.html
77188;8326NB38A;Compresor aire acondicionado;FORD;Focus;2.0 TDCi;2013;Sin comprobar;1 año;Bajo pedido 24-48h;217,78 € + IVA;https://desguacesmadridnorte.com/77188-pieza.html
77190;1982XN15D;Piloto trasero derecho;HYUNDAI;i30;1.4 CRDi;2008;Desmontada de vehículo;1 año;En stock;62,96 € + IVA;https://desguacesmadridnorte.com/77190-pieza.html
77193;2514SR71E;Piloto trasero derecho;OPEL;Astra;1.6 CDTI;2005;Comprobada, funcionando;1 año;En stock;48,02 € + IVA;https://desguacesmadridnorte.com/77193-pieza.html
77196;2787ET84F;Bomba de agua;VOLKSWAGEN;Passat;1.6 TDI;2013;Sin comprobar;1 año;En stock;102,17 € + IVA;https://desguacesmadridnorte.com/77196-pieza.html
77198;9964DF34C;Centralita motor;MERCEDES-BENZ;CLA;180 CDI;2017;Comprobada, funcionando;1 año;En stock;250,80 € + IVA;https://desguacesmadridnorte.com/77198-pieza.html
77199;9148EQ11D;Motor completo;FORD;Fiesta;1.5 TDCi;2019;Desmontada de vehículo;1 año;En stock;1.264,45 € + IVA;https://desguacesmadridnorte.com/77199-pieza.html
77201;7025JD58C;Radiador;CITROEN;C4;1.6 VTi;2021;Comprobada, funcionando;1 año;En stock;123,78 € + IVA;https://desguacesmadridnorte.com/77201-pieza.html
77203;4737HJ77C;Retrovisor izquierdo;VOLKSWAGEN;Polo;1.2 TSI;2013;Comprobada, funcionando;1 año;Bajo pedido 24-48h;141,44 € + IVA;https://desguacesmadridnorte.com/77203-pieza.html
77206;3555FN98F;Catalizador;TOYOTA;Camry;2.5 Hybrid;2021;Desmontada de vehículo;1 año;Bajo pedido 24-48h;189,38 € + IVA;https://desguacesmadridnorte.com/77206-pieza.html
77208;9895KB64B;Piloto trasero derecho;SEAT;Ibiza;1.6 TDI;2010;Sin comprobar;1 año;En stock;46,28 € + IVA;https://desguacesmadridnorte.com/77208-pieza.html
77211;2004CT95D;Turbo;BMW;Serie 3;330i;2007;Desmontada de vehículo;1 año;En stock;491,57 € + IVA;https://desguacesmadridnorte.com/77211-pieza.html
77213;3631PW57D;Alternador;RENAULT;Captur;0.9 TCe;2008;Comprobada, funcionando;1 año;En stock;103,03 € + IVA;https://desguacesmadridnorte.com/77213-pieza.html
77216;6541QQ48A;Amortiguador delantero;CITROEN;C3;1.2 PureTech;2019;Desmontada de vehículo;1 año;Bajo pedido 24-48h;35,49 € + IVA;https://desguacesmadridnorte.com/77216-pieza.html
77217;9173NS64F;Aleta delantera izquierda;SKODA;Octavia;2.0 TDI;2021;Desmontada de vehículo;1 año;En stock;146,00 € + IVA;https://desguacesmadridnorte.com/77217-pieza.html
77218;4408QD98B;Colector de admisión;AUDI;Q3;1.4 TFSI;2014;Comprobada, funcionando;1 año;Bajo pedido 24-48h;155,14 € + IVA;https://desguacesmadridnorte.com/77218-pieza.html
77220;3906QY88C;Faro delantero derecho;SEAT;León;2.0 TDI;2017;Desmontada de vehículo;1 año;Bajo pedido 24-48h;198,12 € + IVA;https://desguacesmadridnorte.com/77220-pieza.html
77223;1442KC51F;Amortiguador delantero;OPEL;Astra;1.6 CDTI;2007;Comprobada, funcionando;1 año;En stock;21,47 € + IVA;https://desguacesmadridnorte.com/77223-pieza.html
77225;5501QB57D;Parachoques trasero;FORD;Focus;1.6 TDCi;2010;Comprobada, funcionando;1 año;Bajo pedido 24-48h;121,41 € + IVA;https://desguacesmadridnorte.com/77225-pieza.html
77226;6489BL66B;Puerta trasera izquierda;OPEL;Astra;1.7 CDTI;2013;Comprobada, funcionando;1 año;En stock;160,08 € + IVA;https://desguacesmadridnorte.com/77226-pieza.html
77228;8008TS39B;Cerradura puerta delantera;RENAULT;Clio;1.5 dCi;2020;Comprobada, funcionando;1 año;Bajo pedido 24-48h;71,55 € + IVA;https://desguacesmadridnorte.com/77228-pieza.html
77229;4169QL31C;Compresor aire acondicionado;FORD;Fusion;1.4 TDCi;2006;Comprobada, funcionando;1 año;En stock;155,05 € + IVA;https://desguacesmadridnorte.com/77229-pieza.html
77232;7327FL89B;Faro delantero izquierdo;RENAULT;Captur;0.9 TCe;2009;Desmontada de vehículo;1 año;En stock;133,56 € + IVA;https://desguacesmadridnorte.com/77232-pieza.html
77235;5763BV17D;Radiador;HYUNDAI;i30;1.6 CRDi;2019;Comprobada, funcionando;1 año;En stock;160,93 € + IVA;https://desguacesmadridnorte.com/77235-pieza.html
77236;2627DH52C;Faro delantero izquierdo;AUDI;A3;1.6 TDI;2019;Desmontada de vehículo;1 año;En stock;235,14 € + IVA;https://desguacesmadridnorte.com/77236-pieza.html
77238;5457YR87E;Radiador;SKODA;Octavia;1.6 TDI;2013;Desmontada de vehículo;1 año;En stock;128,34 € + IVA;https://desguacesmadridnorte.com/77238-pieza.html
77240;9119VL45A;Parachoques trasero;OPEL;Astra;1.7 CDTI;2017;Desmontada de vehículo;1 año;En stock;164,30 € + IVA;https://desguacesmadridnorte.com/77240-pieza.html
77243;1505ST35E;Intercooler;BMW;Serie 3;330i;2019;Desmontada de vehículo;1 año;En stock;118,34 € + IVA;https://desguacesmadridnorte.com/77243-pieza.html
77246;5116AP60C;Intercooler;RENAULT;Captur;0.9 TCe;2009;Comprobada, funcionando;1 año;En stock;102,98 € + IVA;https://desguacesmadridnorte.com/77246-pieza.html
77248;4299YY54E;Cuadro de instrumentos;MERCEDES-BENZ;Clase A;200 CDI;2005;Desmontada de vehículo;1 año;Bajo pedido 24-48h;275,77 € + IVA;https://desguacesmadridnorte.com/77248-pieza.html
77249;1272MC66F;Bomba de dirección;SKODA;Fabia;1.4 TDI;2007;Comprobada, funcionando;1 año;Bajo pedido 24-48h;64,48 € + IVA;https://desguacesmadridnorte.com/77249-pieza.html
77250;5304CQ85B;Turbo;HYUNDAI;i30;1.6 CRDi;2006;Desmontada de vehículo;1 año;Bajo pedido 24-48h;363,85 € + IVA;https://desguacesmadridnorte.com/77250-pieza.html
77251;4405GC69F;Puerta trasera izquierda;SKODA;Octavia;2.0 TDI;2012;Desmontada de vehículo;1 año;En stock;296,96 € + IVA;https://desguacesmadridnorte.com/77251-pieza.html
77253;1282ZN88F;Turbo;VOLKSWAGEN;Polo;1.4 TDI;2013;Desmontada de vehículo;1 año;Bajo pedido 24-48h;286,71 € + IVA;https://desguacesmadridnorte.com/77253-pieza.html
77256;8747BJ19B;Capó;AUDI;Q3;2.0 TDI;2008;Comprobada, funcionando;1 año;Bajo pedido 24-48h;102,13 € + IVA;https://desguacesmadridnorte.com/77256-pieza.html
77257;7946PS50D;Motor de arranque;RENAULT;Clio;1.5 dCi;2015;Sin comprobar;1 año;Bajo pedido 24-48h;62,68 € + IVA;https://desguacesmadridnorte.com/77257-pieza.html
77258;8628VG71E;Radiador;MERCEDES-BENZ;CLA;200 CDI;2009;Desmontada de vehículo;1 año;Bajo pedido 24-48h;151,92 € + IVA;https://desguacesmadridnorte.com/77258-pieza.html
77261;7919DJ77D;Cuadro de instrumentos;MERCEDES-BENZ;Clase A;180 CDI;2007;Comprobada, funcionando;1 año;Bajo pedido 24-48h;165,48 € + IVA;https://desguacesmadridnorte.com/77261-pieza.html
77263;9024MJ92F;Piloto trasero izquierdo;CITROEN;C4;1.6 HDi;2013;Comprobada, funcionando;1 año;Bajo pedido 24-48h;69,35 € + IVA;https://desguacesmadridnorte.com/77263-pieza.html
77264;5045QY33A;Capó;RENAULT;Captur;0.9 TCe;2009;Comprobada, funcionando;1 año;En stock;154,20 € + IVA;https://desguacesmadridnorte.com/77264-pieza.html
77265;8964KE50C;Puerta delantera derecha;BMW;Serie 3;330i;2016;Sin comprobar;1 año;Bajo pedido 24-48h;404,22 € + IVA;https://desguacesmadridnorte.com/77265-pieza.html
77267;2352VG47B;Bomba de agua;BMW;Serie 1;120i;2014;Sin comprobar;1 año;En stock;63,75 € + IVA;https://desguacesmadridnorte.com/77267-pieza.html
77270;8478TM81C;Compresor aire acondicionado;KIA;Ceed;1.4 CRDi;2008;Comprobada, funcionando;1 año;En stock;166,68 € + IVA;https://desguacesmadridnorte.com/77270-pieza.html
77273;7074ME82C;Capó;MERCEDES-BENZ;Clase E Coupé;250 CDI;2007;Comprobada, funcionando;1 año;Bajo pedido 24-48h;212,89 € + IVA;https://desguacesmadridnorte.com/77273-pieza.html
77274;7620ZH87E;Caja de cambios;SEAT;Ateca;2.0 TDI;2017;Comprobada, funcionando;1 año;Bajo pedido 24-48h;750,14 € + IVA;https://desguacesmadridnorte.com/77274-pieza.html
77277;4584BB12D;Piloto trasero izquierdo;FORD;Fiesta;1.0 EcoBoost;2010;Comprobada, funcionando;1 año;En stock;48,54 € + IVA;https://desguacesmadridnorte.com/77277-pieza.html
77278;3389CE60A;Centralita motor;SEAT;Ateca;2.0 TDI;2009;Desmontada de vehículo;1 año;En stock;231,05 € + IVA;https://desguacesmadridnorte.com/77278-pieza.html
77279;3081EB36A;Cerradura puerta delantera;FORD;Fiesta;1.0 EcoBoost;2015;Desmontada de vehículo;1 año;Bajo pedido 24-48h;21,99 € + IVA;https://desguacesmadridnorte.com/77279-pieza.html
77280;6423MK50D;Cárter;OPEL;Astra;1.7 CDTI;2007;Comprobada, funcionando;1 año;En stock;64,19 € + IVA;https://desguacesmadridnorte.com/77280-pieza.html
77283;5192VC21D;Motor de arranque;OPEL;Corsa;1.2 16v;2016;Comprobada, funcionando;1 año;En stock;74,92 € + IVA;https://desguacesmadridnorte.com/77283-pieza.html
77285;7926QW55D;Alternador;NISSAN;Qashqai;1.5 dCi;2005;Sin comprobar;1 año;Bajo pedido 24-48h;62,36 € + IVA;https://desguacesmadridnorte.com/77285-pieza.html
77286;5737PJ90F;Cremallera de dirección;TOYOTA;Camry;2.5 Hybrid;2015;Sin comprobar;1 año;Bajo pedido 24-48h;291,59 € + IVA;https://desguacesmadridnorte.com/77286-pieza.html
77287;6312KS20F;Puerta trasera izquierda;OPEL;Corsa;1.2 16v;2017;Comprobada, funcionando;1 año;En stock;256,71 € + IVA;https://desguacesmadridnorte.com/77287-pieza.html
77290;6837ML23A;Catalizador;NISSAN;Qashqai;1.6 dCi;2010;Comprobada, funcionando;1 año;En stock;389,60 € + IVA;https://desguacesmadridnorte.com/77290-pieza.html
77293;9943JQ22F;Paso de rueda trasero izquierdo;SEAT;León;2.0 TDI;2008;Desmontada de vehículo;1 año;En stock;19,57 € + IVA;https://desguacesmadridnorte.com/77293-pieza.html
77296;9888GH80D;Retrovisor izquierdo;AUDI;Q3;1.4 TFSI;2007;Comprobada, funcionando;1 año;Bajo pedido 24-48h;159,93 € + IVA;https://desguacesmadridnorte.com/77296-pieza.html
77297;1382DS95B;Cerradura puerta delantera;PEUGEOT;3008;1.6 HDi;2018;Desmontada de vehículo;1 año;En stock;34,45 € + IVA;https://desguacesmadridnorte.com/77297-pieza.html
77300;4095RD42F;Cremallera de dirección;PEUGEOT;208;1.6 HDi;2006;Comprobada, funcionando;1 año;En stock;171,10 € + IVA;https://desguacesmadridnorte.com/77300-pieza.html
77303;2326CZ34A;Puerta delantera izquierda;TOYOTA;Proace City;1.5 D-4D;2016;Desmontada de vehículo;1 año;Bajo pedido 24-48h;178,16 € + IVA;https://desguacesmadridnorte.com/77303-pieza.html
77306;3429VA21D;Parachoques trasero;OPEL;Astra;1.7 CDTI;2006;Comprobada, funcionando;1 año;En stock;45,21 € + IVA;https://desguacesmadridnorte.com/77306-pieza.html
77308;6082HR96E;Aleta delantera izquierda;RENAULT;Captur;1.5 dCi;2006;Desmontada de vehículo;1 año;En stock;31,48 € + IVA;https://desguacesmadridnorte.com/77308-pieza.html
77310;6995QQ53A;Radiador;TOYOTA;Camry;2.5 Hybrid;2013;Sin comprobar;1 año;En stock;78,57 € + IVA;https://desguacesmadridnorte.com/77310-pieza.html
77312;1245RG81B;Cinturón de seguridad;MERCEDES-BENZ;CLA;180 CDI;2019;Comprobada, funcionando;1 año;En stock;45,33 € + IVA;https://desguacesmadridnorte.com/77312-pieza.html
77315;4964WL70C;Motor de arranque;BMW;X1;18d;2018;Desmontada de vehículo;1 año;En stock;65,77 € + IVA;https://desguacesmadridnorte.com/77315-pieza.html
77318;4467SX27A;Cerradura puerta delantera;HYUNDAI;i30;1.4 CRDi;2018;Comprobada, funcionando;1 año;En stock;62,09 € + IVA;https://desguacesmadridnorte.com/77318-pieza.html
77321;9342GW19F;Puerta trasera izquierda;HYUNDAI;i30;1.4 CRDi;2005;Comprobada, funcionando;1 año;En stock;207,80 € + IVA;https://desguacesmadridnorte.com/77321-pieza.html
77324;9034WG73D;Colector de admisión;PEUGEOT;308;1.6 HDi;2014;Desmontada de vehículo;1 año;En stock;132,31 € + IVA;https://desguacesmadridnorte.com/77324-pieza.html
77326;6383YZ58D;Cuadro de instrumentos;NISSAN;Juke;1.5 dCi;2020;Sin comprobar;1 año;En stock;207,93 € + IVA;https://desguacesmadridnorte.com/77326-pieza.html
77327;1083TD58F;Motor de arranque;AUDI;A3;2.0 TDI;2012;Comprobada, funcionando;1 año;En stock;142,29 € + IVA;https://desguacesmadridnorte.com/77327-pieza.html
77328;1838VV98D;Elevalunas delantero izquierdo;CITROEN;C3;1.4 HDi;2007;Sin comprobar;1 año;Bajo pedido 24-48h;60,96 € + IVA;https://desguacesmadridnorte.com/77328-pieza.html
77331;5809SF66C;Cremallera de dirección;NISSAN;Qashqai;1.6 dCi;2009;Desmontada de vehículo;1 año;Bajo pedido 24-48h;238,22 € + IVA;https://desguacesmadridnorte.com/77331-pieza.html
77333;1070MV64E;Caja de cambios;HYUNDAI;i30;1.4 CRDi;2016;Desmontada de vehículo;1 año;En stock;768,17 € + IVA;https://desguacesmadridnorte.com/77333-pieza.html
77335;3544VJ40D;Portón trasero;HYUNDAI;i30;1.4 CRDi;2012;Desmontada de vehículo;1 año;En stock;195,81 € + IVA;https://desguacesmadridnorte.com/77335-pieza.html
77336;7775VQ33E;Faro delantero derecho;FORD;Focus;1.6 TDCi;2021;Desmontada de vehículo;1 año;Bajo pedido 24-48h;246,99 € + IVA;https://desguacesmadridnorte.com/77336-pieza.html
77339;8998SM16B;Elevalunas delantero izquierdo;BMW;X1;20d;2011;Comprobada, funcionando;1 año;En stock;91,40 € + IVA;https://desguacesmadridnorte.com/77339-pieza.html
77342;3968ER87C;Cremallera de dirección;OPEL;Corsa;1.2 16v;2008;Comprobada, funcionando;1 año;En stock;203,16 € + IVA;https://desguacesmadridnorte.com/77342-pieza.html
77344;4215DR38D;Portón trasero;HYUNDAI;i30;1.6 CRDi;2018;Comprobada, funcionando;1 año;En stock;230,62 € + IVA;https://desguacesmadridnorte.com/77344-pieza.html
77346;9860BS56A;Piloto trasero derecho;BMW;Serie 3;318d;2007;Comprobada, funcionando;1 año;En stock;74,04 € + IVA;https://desguacesmadridnorte.com/77346-pieza.html
77348;8780QJ78E;Caja de cambios;PEUGEOT;308;1.6 HDi;2005;Desmontada de vehículo;1 año;Bajo pedido 24-48h;518,19 € + IVA;https://desguacesmadridnorte.com/77348-pieza.html
77350;2958GE26A;Puerta trasera izquierda;MERCEDES-BENZ;CLA;200 CDI;2014;Comprobada, funcionando;1 año;Bajo pedido 24-48h;325,97 € + IVA;https://desguacesmadridnorte.com/77350-pieza.html
77353;4462QZ35A;Cremallera de dirección;SEAT;León;2.0 TDI;2019;Desmontada de vehículo;1 año;En stock;199,92 € + IVA;https://desguacesmadridnorte.com/77353-pieza.html
77356;3238JB33D;Parachoques trasero;AUDI;Q3;2.0 TDI;2010;Desmontada de vehículo;1 año;Bajo pedido 24-48h;289,18 € + IVA;https://desguacesmadridnorte.com/77356-pieza.html
77357;6949VR10B;Faro delantero izquierdo;NISSAN;Juke;1.5 dCi;2008;Comprobada, funcionando;1 año;Bajo pedido 24-48h;93,15 € + IVA;https://desguacesmadridnorte.com/77357-pieza.html
77360;1937TZ49C;Aleta delantera izquierda;FORD;Fusion;1.4 TDCi;2011;Comprobada, funcionando;1 año;En stock;120,38 € + IVA;https://desguacesmadridnorte.com/77360-pieza.html
77361;5734TD95D;Airbag volante;OPEL;Astra;1.7 CDTI;2020;Sin comprobar;1 año;En stock;288,19 € + IVA;https://desguacesmadridnorte.com/77361-pieza.html
77364;6540JH41E;Puerta trasera izquierda;PEUGEOT;308;1.6 HDi;2018;Comprobada, funcionando;1 año;Bajo pedido 24-48h;264,16 € + IVA;https://desguacesmadridnorte.com/77364-pieza.html
77367;5730MW38F;Airbag volante;CITROEN;C3;1.4 HDi;2013;Desmontada de vehículo;1 año;Bajo pedido 24-48h;143,44 € + IVA;https://desguacesmadridnorte.com/77367-pieza.html
77369;9843CF23E;Faro delantero izquierdo;NISSAN;Qashqai;1.5 dCi;2020;Comprobada, funcionando;1 año;Bajo pedido 24-48h;173,17 € + IVA;https://desguacesmadridnorte.com/77369-pieza.html
77370;2605EJ71F;Parachoques trasero;HYUNDAI;i30;1.4 CRDi;2008;Comprobada, funcionando;1 año;En stock;48,16 € + IVA;https://desguacesmadridnorte.com/77370-pieza.html
77373;2467NS13F;Portón trasero;AUDI;Q3;1.4 TFSI;2020;Sin comprobar;1 año;En stock;415,39 € + IVA;https://desguacesmadridnorte.com/77373-pieza.html
77376;6347HT50D;Bomba de agua;OPEL;Corsa;1.3 CDTI;2009;Comprobada, funcionando;1 año;En stock;19,72 € + IVA;https://desguacesmadridnorte.com/77376-pieza.html
77377;8819KD28C;Airbag volante;SKODA;Fabia;1.4 TDI;2005;Comprobada, funcionando;1 año;En stock;58,92 € + IVA;https://desguacesmadridnorte.com/77377-pieza.html
77379;6356XD30B;Cuadro de instrumentos;KIA;Ceed;1.6 CRDi;2008;Comprobada, funcionando;1 año;Bajo pedido 24-48h;147,86 € + IVA;https://desguacesmadridnorte.com/77379-pieza.html
77382;6423JN46F;Piloto trasero derecho;PEUGEOT;308;1.6 HDi;2011;Comprobada, funcionando;1 año;Bajo pedido 24-48h;56,40 € + IVA;https://desguacesmadridnorte.com/77382-pieza.html
77385;5895FG47B;Parachoques trasero;SKODA;Fabia;1.2 TSI;2006;Comprobada, funcionando;1 año;Bajo pedido 24-48h;108,25 € + IVA;https://desguacesmadridnorte.com/77385-pieza.html
77387;7776VD25B;Airbag volante;MERCEDES-BENZ;Clase A;180 CDI;2005;Sin comprobar;1 año;Bajo pedido 24-48h;134,88 € + IVA;https://desguacesmadridnorte.com/77387-pieza.html
77389;2473EE63A;Catalizador;SKODA;Fabia;1.4 TDI;2021;Comprobada, funcionando;1 año;En stock;306,57 € + IVA;https://desguacesmadridnorte.com/77389-pieza.html
77391;2488CC80F;Cremallera de dirección;OPEL;Astra;1.7 CDTI;2011;Desmontada de vehículo;1 año;Bajo pedido 24-48h;256,76 € + IVA;https://desguacesmadridnorte.com/77391-pieza.html
77394;5968YH57A;Piloto trasero izquierdo;HYUNDAI;Tucson;1.7 CRDi;2021;Comprobada, funcionando;1 año;En stock;102,03 € + IVA;https://desguacesmadridnorte.com/77394-pieza.html
77396;9297CH56A;Cuadro de instrumentos;AUDI;Q3;2.0 TDI;2009;Comprobada, funcionando;1 año;En stock;250,07 € + IVA;https://desguacesmadridnorte.com/77396-pieza.html
77398;1170NJ74C;Parachoques trasero;MERCEDES-BENZ;CLA;200 CDI;2007;Comprobada, funcionando;1 año;En stock;167,01 € + IVA;https://desguacesmadridnorte.com/77398-pieza.html
77399;7104VE32C;Parachoques trasero;BMW;Serie 3;330i;2016;Comprobada, funcionando;1 año;Bajo pedido 24-48h;195,28 € + IVA;https://desguacesmadridnorte.com/77399-pieza.html
77402;5677AW85E;Alternador;OPEL;Corsa;1.2 16v;2014;Comprobada, funcionando;1 año;En stock;114,83 € + IVA;https://desguacesmadridnorte.com/77402-pieza.html
77403;3759EC28B;Cárter;FORD;Fiesta;1.5 TDCi;2010;Comprobada, funcionando;1 año;En stock;56,81 € + IVA;https://desguacesmadridnorte.com/77403-pieza.html
77404;4855KH57D;Puerta delantera derecha;HYUNDAI;i30;1.6 CRDi;2016;Comprobada, funcionando;1 año;En stock;103,45 € + IVA;https://desguacesmadridnorte.com/77404-pieza.html
77405;8109RK21F;Piloto trasero izquierdo;SKODA;Octavia;1.6 TDI;2011;Comprobada, funcionando;1 año;En stock;25,79 € + IVA;https://desguacesmadridnorte.com/77405-pieza.html
77406;7343TC99B;Catalizador;MERCEDES-BENZ;Clase A;200 CDI;2017;Comprobada, funcionando;1 año;En stock;483,74 € + IVA;https://desguacesmadridnorte.com/77406-pieza.html
77407;8027MZ47C;Faro delantero izquierdo;MERCEDES-BENZ;CLA;180 CDI;2011;Comprobada, funcionando;1 año;Bajo pedido 24-48h;155,58 € + IVA;https://desguacesmadridnorte.com/77407-pieza.html
77409;6562NS79E;Cerradura puerta delantera;MERCEDES-BENZ;Clase A;180 CDI;2021;Desmontada de vehículo;1 año;Bajo pedido 24-48h;57,83 € + IVA;https://desguacesmadridnorte.com/77409-pieza.html
77410;7724MR96F;Puerta trasera izquierda;FORD;Focus;1.6 TDCi;2013;Comprobada, funcionando;1 año;En stock;304,20 € + IVA;https://desguacesmadridnorte.com/77410-pieza.html
77413;2234TL28D;Parachoques trasero;FORD;Fiesta;1.0 EcoBoost;2019;Desmontada de vehículo;1 año;En stock;150,24 € + IVA;https://desguacesmadridnorte.com/77413-pieza.html
77416;3870MS41D;Cinturón de seguridad;SKODA;Octavia;1.6 TDI;2019;Comprobada, funcionando;1 año;Bajo pedido 24-48h;65,93 € + IVA;https://desguacesmadridnorte.com/77416-pieza.html
77417;4280NH27C;Cárter;SKODA;Fabia;1.2 TSI;2021;Comprobada, funcionando;1 año;Bajo pedido 24-48h;117,33 € + IVA;https://desguacesmadridnorte.com/77417-pieza.html
77420;3653AW86D;Módulo electrónico;SKODA;Octavia;1.6 TDI;2018;Desmontada de vehículo;1 año;En stock;63,98 € + IVA;https://desguacesmadridnorte.com/77420-pieza.html
77421;6811CP53F;Cuadro de instrumentos;TOYOTA;Proace City;1.5 D-4D;2019;Comprobada, funcionando;1 año;Bajo pedido 24-48h;272,19 € + IVA;https://desguacesmadridnorte.com/77421-pieza.html
77424;3769FK78B;Turbo;TOYOTA;Proace City;1.5 D-4D;2018;Comprobada, funcionando;1 año;En stock;752,90 € + IVA;https://desguacesmadridnorte.com/77424-pieza.html
77425;1022DW52F;Elevalunas delantero izquierdo;HYUNDAI;Tucson;2.0 CRDi;2017;Sin comprobar;1 año;Bajo pedido 24-48h;77,31 € + IVA;https://desguacesmadridnorte.com/77425-pieza.html
77426;4679XA44D;Capó;VOLKSWAGEN;Passat;1.6 TDI;2008;Desmontada de vehículo;1 año;En stock;128,42 € + IVA;https://desguacesmadridnorte.com/77426-pieza.html
77427;3246ET41B;Alternador;CITROEN;C4;1.6 HDi;2015;Comprobada, funcionando;1 año;En stock;142,69 € + IVA;https://desguacesmadridnorte.com/77427-pieza.html
77430;8027SP63F;Puerta delantera derecha;SEAT;León;2.0 TDI;2010;Comprobada, funcionando;1 año;Bajo pedido 24-48h;258,26 € + IVA;https://desguacesmadridnorte.com/77430-pieza.html
77431;1688NX58D;Alternador;SKODA;Octavia;1.6 TDI;2005;Comprobada, funcionando;1 año;Bajo pedido 24-48h;135,27 € + IVA;https://desguacesmadridnorte.com/77431-pieza.html
77434;1889AX60E;Retrovisor derecho;MERCEDES-BENZ;CLA;180 CDI;2009;Desmontada de vehículo;1 año;En stock;44,89 € + IVA;https://desguacesmadridnorte.com/77434-pieza.html
77437;7020XD14B;Faro delantero derecho;PEUGEOT;208;1.6 HDi;2021;Comprobada, funcionando;1 año;En stock;214,88 € + IVA;https://desguacesmadridnorte.com/77437-pieza.html
77438;1272NL14E;Alternador;BMW;Serie 1;120i;2012;Desmontada de vehículo;1 año;Bajo pedido 24-48h;86,45 € + IVA;https://desguacesmadridnorte.com/77438-pieza.html
77439;9918FB98F;Colector de admisión;SKODA;Octavia;1.6 TDI;2013;Comprobada, funcionando;1 año;Bajo pedido 24-48h;96,59 € + IVA;https://desguacesmadridnorte.com/77439-pieza.html
77442;9209AH63B;Capó;HYUNDAI;Tucson;2.0 CRDi;2009;Comprobada, funcionando;1 año;Bajo pedido 24-48h;228,43 € + IVA;https://desguacesmadridnorte.com/77442-pieza.html
77443;6660DE32E;Módulo electrónico;CITROEN;C3;1.2 PureTech;2006;Comprobada, funcionando;1 año;Bajo pedido 24-48h;41,49 € + IVA;https://desguacesmadridnorte.com/77443-pieza.html
77446;4887FY79C;Airbag volante;NISSAN;Juke;1.2 DIG-T;2019;Desmontada de vehículo;1 año;Bajo pedido 24-48h;189,29 € + IVA;https://desguacesmadridnorte.com/77446-pieza.html
77447;7637JK58B;Puerta trasera izquierda;AUDI;A4;2.0 TDI;2017;Comprobada, funcionando;1 año;Bajo pedido 24-48h;465,12 € + IVA;https://desguacesmadridnorte.com/77447-pieza.html
77450;3670PP41C;Radiador;FORD;Focus;2.0 TDCi;2007;Desmontada de vehículo;1 año;Bajo pedido 24-48h;91,99 € + IVA;https://desguacesmadridnorte.com/77450-pieza.html
77452;6422SS65F;Bomba de agua;HYUNDAI;Tucson;2.0 CRDi;2015;Comprobada, funcionando;1 año;En stock;74,07 € + IVA;https://desguacesmadridnorte.com/77452-pieza.html
77453;4106QP39D;Turbo;BMW;X1;20d;2018;Comprobada, funcionando;1 año;Bajo pedido 24-48h;915,12 € + IVA;https://desguacesmadridnorte.com/77453-pieza.html
77455;2264RD31E;Colector de admisión;CITROEN;C4;1.6 HDi;2017;Desmontada de vehículo;1 año;Bajo pedido 24-48h;153,41 € + IVA;https://desguacesmadridnorte.com/77455-pieza.html
77456;7494XW41C;Módulo electrónico;AUDI;A4;2.0 TFSI;2014;Comprobada, funcionando;1 año;En stock;130,76 € + IVA;https://desguacesmadridnorte.com/77456-pieza.html
77457;8104YN88E;Retrovisor derecho;FORD;Focus;1.6 TDCi;2018;Comprobada, funcionando;1 año;Bajo pedido 24-48h;51,28 € + IVA;https://desguacesmadridnorte.com/77457-pieza.html
77460;6645YB53C;Airbag volante;RENAULT;Clio;1.2 16v;2015;Comprobada, funcionando;1 año;En stock;226,40 € + IVA;https://desguacesmadridnorte.com/77460-pieza.html
77462;4699YR30B;Piloto trasero derecho;OPEL;Astra;1.6 CDTI;2009;Comprobada, funcionando;1 año;En stock;32,52 € + IVA;https://desguacesmadridnorte.com/77462-pieza.html
77465;3236LA12F;Piloto trasero derecho;CITROEN;C3;1.4 HDi;2009;Comprobada, funcionando;1 año;En stock;28,20 € + IVA;https://desguacesmadridnorte.com/77465-pieza.html
77466;1122HW26F;Cremallera de dirección;NISSAN;Juke;1.5 dCi;2020;Comprobada, funcionando;1 año;Bajo pedido 24-48h;212,95 € + IVA;https://desguacesmadridnorte.com/77466-pieza.html
77469;3695HP30B;Retrovisor izquierdo;HYUNDAI;i30;1.4 CRDi;2008;Desmontada de vehículo;1 año;Bajo pedido 24-48h;53,18 € + IVA;https://desguacesmadridnorte.com/77469-pieza.html
77470;2608SM37E;Airbag volante;RENAULT;Clio;1.5 dCi;2014;Comprobada, funcionando;1 año;En stock;148,07 € + IVA;https://desguacesmadridnorte.com/77470-pieza.html
77472;7777GH95E;Elevalunas delantero izquierdo;RENAULT;Megane;1.5 dCi;2014;Comprobada, funcionando;1 año;En stock;95,72 € + IVA;https://desguacesmadridnorte.com/77472-pieza.html
77475;5875DJ22E;Portón trasero;KIA;Ceed;1.4 CRDi;2013;Comprobada, funcionando;1 año;Bajo pedido 24-48h;247,44 € + IVA;https://desguacesmadridnorte.com/77475-pieza.html
77478;4191NQ87B;Cárter;HYUNDAI;Tucson;2.0 CRDi;2019;Comprobada, funcionando;1 año;En stock;106,45 € + IVA;https://desguacesmadridnorte.com/77478-pieza.html
77481;4378AW75F;Piloto trasero derecho;VOLKSWAGEN;Passat;2.0 TDI;2012;Comprobada, funcionando;1 año;En stock;62,13 € + IVA;https://desguacesmadridnorte.com/77481-pieza.html
77482;6342SQ11F;Centralita motor;NISSAN;Juke;1.2 DIG-T;2011;Comprobada, funcionando;1 año;En stock;174,63 € + IVA;https://desguacesmadridnorte.com/77482-pieza.html
77483;6601VR85B;Bomba de agua;TOYOTA;Corolla;1.4 D-4D;2016;Comprobada, funcionando;1 año;Bajo pedido 24-48h;75,84 € + IVA;https://desguacesmadridnorte.com/77483-pieza.html
77484;6448DK79C;Centralita motor;CITROEN;C3;1.4 HDi;2008;Sin comprobar;1 año;Bajo pedido 24-48h;220,97 € + IVA;https://desguacesmadridnorte.com/77484-pieza.html
77485;5004XA43C;Amortiguador delantero;OPEL;Corsa;1.3 CDTI;2006;Sin comprobar;1 año;En stock;19,78 € + IVA;https://desguacesmadridnorte.com/77485-pieza.html
77488;1154WH79F;Cárter;AUDI;A4;2.0 TDI;2011;Desmontada de vehículo;1 año;En stock;99,89 € + IVA;https://desguacesmadridnorte.com/77488-pieza.html
77490;6173EB14F;Motor de arranque;SKODA;Octavia;2.0 TDI;2005;Desmontada de vehículo;1 año;Bajo pedido 24-48h;77,55 € + IVA;https://desguacesmadridnorte.com/77490-pieza.html
77493;5234QK66A;Centralita motor;SKODA;Fabia;1.4 TDI;2013;Comprobada, funcionando;1 año;En stock;110,14 € + IVA;https://desguacesmadridnorte.com/77493-pieza.html
77495;4133NR53E;Puerta delantera derecha;VOLKSWAGEN;Golf;1.4 TSI;2011;Comprobada, funcionando;1 año;En stock;153,34 € + IVA;https://desguacesmadridnorte.com/77495-pieza.html
77496;8750JW59C;Cremallera de dirección;VOLKSWAGEN;Golf;1.6 TDI;2008;Comprobada, funcionando;1 año;Bajo pedido 24-48h;239,16 € + IVA;https://desguacesmadridnorte.com/77496-pieza.html
77499;6483HM11A;Alternador;BMW;Serie 1;118d;2013;Desmontada de vehículo;1 año;Bajo pedido 24-48h;250,37 € + IVA;https://desguacesmadridnorte.com/77499-pieza.html
77502;3592NN95F;Cerradura puerta delantera;FORD;Fiesta;1.0 EcoBoost;2005;Comprobada, funcionando;1 año;En stock;35,33 € + IVA;https://desguacesmadridnorte.com/77502-pieza.html
77503;1290BC33D;Piloto trasero derecho;FORD;Fiesta;1.5 TDCi;2015;Desmontada de vehículo;1 año;En stock;33,81 € + IVA;https://desguacesmadridnorte.com/77503-pieza.html
77506;2183VY44F;Bomba de agua;TOYOTA;Camry;2.5 Hybrid;2015;Desmontada de vehículo;1 año;Bajo pedido 24-48h;107,89 € + IVA;https://desguacesmadridnorte.com/77506-pieza.html
77508;6417FG77D;Parachoques trasero;TOYOTA;Corolla;1.4 D-4D;2012;Comprobada, funcionando;1 año;En stock;179,62 € + IVA;https://desguacesmadridnorte.com/77508-pieza.html
77509;5975JJ92C;Puerta trasera izquierda;SEAT;Ibiza;1.2 TSI;2016;Comprobada, funcionando;1 año;Bajo pedido 24-48h;126,16 € + IVA;https://desguacesmadridnorte.com/77509-pieza.html
77510;9014EG57F;Aleta delantera izquierda;BMW;Serie 3;320d;2020;Desmontada de vehículo;1 año;En stock;271,86 € + IVA;https://desguacesmadridnorte.com/77510-pieza.html
77511;5874HP83E;Módulo electrónico;AUDI;A4;3.0 TDI;2019;Desmontada de vehículo;1 año;Bajo pedido 24-48h;204,00 € + IVA;https://desguacesmadridnorte.com/77511-pieza.html
77513;2203TK98B;Cinturón de seguridad;PEUGEOT;208;1.4 HDi;2020;Comprobada, funcionando;1 año;Bajo pedido 24-48h;34,48 € + IVA;https://desguacesmadridnorte.com/77513-pieza.html
77515;5103WY58A;Aleta delantera izquierda;AUDI;Q3;1.4 TFSI;2021;Comprobada, funcionando;1 año;Bajo pedido 24-48h;142,97 € + IVA;https://desguacesmadridnorte.com/77515-pieza.html
77517;1624LE74E;Retrovisor derecho;KIA;Ceed;1.4 CRDi;2013;Comprobada, funcionando;1 año;En stock;46,12 € + IVA;https://desguacesmadridnorte.com/77517-pieza.html
77519;4314WE21F;Radiador;VOLKSWAGEN;Golf;2.0 TDI;2016;Comprobada, funcionando;1 año;En stock;80,30 € + IVA;https://desguacesmadridnorte.com/77519-pieza.html
77521;8296ZF17B;Bomba de agua;SEAT;Ibiza;1.6 TDI;2010;Sin comprobar;1 año;Bajo pedido 24-48h;25,32 € + IVA;https://desguacesmadridnorte.com/77521-pieza.html
77522;8455EB28B;Módulo electrónico;CITROEN;C4;1.6 VTi;2014;Comprobada, funcionando;1 año;Bajo pedido 24-48h;181,43 € + IVA;https://desguacesmadridnorte.com/77522-pieza.html
77525;6172YC71A;Capó;HYUNDAI;i30;1.6 CRDi;2005;Sin comprobar;1 año;En stock;155,85 € + IVA;https://desguacesmadridnorte.com/77525-pieza.html
77528;1791BN97D;Compresor aire acondicionado;KIA;Sportage;2.0 CRDi;2018;Desmontada de vehículo;1 año;Bajo pedido 24-48h;303,43 € + IVA;https://desguacesmadridnorte.com/77528-pieza.html
77530;7690QJ22A;Parachoques trasero;AUDI;A3;1.4 TFSI;2017;Sin comprobar;1 año;Bajo pedido 24-48h;251,62 € + IVA;https://desguacesmadridnorte.com/77530-pieza.html
77532;9511TX74A;Colector de admisión;PEUGEOT;3008;1.6 HDi;2019;Comprobada, funcionando;1 año;Bajo pedido 24-48h;146,36 € + IVA;https://desguacesmadridnorte.com/77532-pieza.html
77533;5924PZ36E;Piloto trasero izquierdo;RENAULT;Megane;1.5 dCi;2019;Comprobada, funcionando;1 año;Bajo pedido 24-48h;91,74 € + IVA;https://desguacesmadridnorte.com/77533-pieza.html
77536;2322HC94D;Elevalunas delantero izquierdo;CITROEN;C4;1.6 VTi;2019;Desmontada de vehículo;1 año;Bajo pedido 24-48h;58,32 € + IVA;https://desguacesmadridnorte.com/77536-pieza.html
77539;5476EK46A;Caja de cambios;PEUGEOT;308;1.6 HDi;2011;Comprobada, funcionando;1 año;En stock;762,83 € + IVA;https://desguacesmadridnorte.com/77539-pieza.html
77540;7666LM80D;Catalizador;MERCEDES-BENZ;Clase E Coupé;250 CDI;2016;Comprobada, funcionando;1 año;Bajo pedido 24-48h;739,60 € + IVA;https://desguacesmadridnorte.com/77540-pieza.html
77542;4609XG61B;Puerta delantera derecha;VOLKSWAGEN;Golf;2.0 TDI;2019;Comprobada, funcionando;1 año;En stock;351,30 € + IVA;https://desguacesmadridnorte.com/77542-pieza.html
77545;8610TE94F;Cinturón de seguridad;VOLKSWAGEN;Polo;1.4 TDI;2007;Sin comprobar;1 año;Bajo pedido 24-48h;46,05 € + IVA;https://desguacesmadridnorte.com/77545-pieza.html
77547;9039ND66E;Puerta delantera derecha;NISSAN;Juke;1.2 DIG-T;2013;Comprobada, funcionando;1 año;En stock;290,42 € + IVA;https://desguacesmadridnorte.com/77547-pieza.html
77550;3960XS24C;Cremallera de dirección;TOYOTA;Camry;2.5 Hybrid;2006;Comprobada, funcionando;1 año;En stock;132,44 € + IVA;https://desguacesmadridnorte.com/77550-pieza.html
77551;7307FA62E;Motor completo;KIA;Ceed;1.4 CRDi;2019;Desmontada de vehículo;1 año;Bajo pedido 24-48h;1.475,65 € + IVA;https://desguacesmadridnorte.com/77551-pieza.html
77554;4858HK21F;Faro delantero izquierdo;SEAT;Ibiza;1.9 TDI;2010;Comprobada, funcionando;1 año;Bajo pedido 24-48h;93,88 € + IVA;https://desguacesmadridnorte.com/77554-pieza.html
77555;4851XN34B;Caja de cambios;RENAULT;Megane;1.6 dCi;2009;Desmontada de vehículo;1 año;En stock;601,44 € + IVA;https://desguacesmadridnorte.com/77555-pieza.html
77556;6014QJ64F;Parachoques delantero;CITROEN;C4;1.6 VTi;2015;Desmontada de vehículo;1 año;Bajo pedido 24-48h;168,12 € + IVA;https://desguacesmadridnorte.com/77556-pieza.html
77558;8939RY71B;Catalizador;HYUNDAI;i30;1.6 CRDi;2015;Desmontada de vehículo;1 año;En stock;344,80 € + IVA;https://desguacesmadridnorte.com/77558-pieza.html
77560;2067HQ89E;Puerta trasera izquierda;AUDI;A3;2.0 TDI;2013;Comprobada, funcionando;1 año;Bajo pedido 24-48h;372,28 € + IVA;https://desguacesmadridnorte.com/77560-pieza.html
77563;6867BY75D;Cremallera de dirección;SEAT;León;2.0 TDI;2013;Desmontada de vehículo;1 año;En stock;194,44 € + IVA;https://desguacesmadridnorte.com/77563-pieza.html
77565;9563LN70A;Portón trasero;FORD;Fusion;1.4 TDCi;2006;Comprobada, funcionando;1 año;Bajo pedido 24-48h;198,67 € + IVA;https://desguacesmadridnorte.com/77565-pieza.html
77567;7023EZ67E;Cerradura puerta delantera;TOYOTA;Corolla;1.8 Hybrid;2005;Desmontada de vehículo;1 año;Bajo pedido 24-48h;39,85 € + IVA;https://desguacesmadridnorte.com/77567-pieza.html
77568;5969BD29B;Turbo;MERCEDES-BENZ;Clase A;200 CDI;2007;Comprobada, funcionando;1 año;Bajo pedido 24-48h;183,35 € + IVA;https://desguacesmadridnorte.com/77568-pieza.html
77570;4844NH96F;Faro delantero izquierdo;VOLKSWAGEN;Passat;1.6 TDI;2005;Comprobada, funcionando;1 año;En stock;90,70 € + IVA;https://desguacesmadridnorte.com/77570-pieza.html
77571;7968QR31A;Parachoques trasero;CITROEN;C4;1.6 VTi;2009;Comprobada, funcionando;1 año;En stock;149,72 € + IVA;https://desguacesmadridnorte.com/77571-pieza.html
77572;2050MM71E;Radiador;PEUGEOT;208;1.4 HDi;2013;Desmontada de vehículo;1 año;En stock;92,92 € + IVA;https://desguacesmadridnorte.com/77572-pieza.html
77575;4884CF66A;Bomba de dirección;NISSAN;Qashqai;1.5 dCi;2011;Comprobada, funcionando;1 año;En stock;47,47 € + IVA;https://desguacesmadridnorte.com/77575-pieza.html
77577;2790PY46C;Faro delantero derecho;VOLKSWAGEN;Passat;1.6 TDI;2014;Comprobada, funcionando;1 año;En stock;56,91 € + IVA;https://desguacesmadridnorte.com/77577-pieza.html
77580;5248EY57F;Airbag volante;MERCEDES-BENZ;Clase E Coupé;220 CDI;2018;Desmontada de vehículo;1 año;Bajo pedido 24-48h;439,41 € + IVA;https://desguacesmadridnorte.com/77580-pieza.html
77583;4869DL57E;Caja de cambios;FORD;Fiesta;1.0 EcoBoost;2020;Comprobada, funcionando;1 año;En stock;391,98 € + IVA;https://desguacesmadridnorte.com/77583-pieza.html
77585;6281MB95F;Faro delantero derecho;TOYOTA;Camry;2.5 Hybrid;2011;Comprobada, funcionando;1 año;Bajo pedido 24-48h;76,56 € + IVA;https://desguacesmadridnorte.com/77585-pieza.html
77588;7766KT11F;Aleta delantera izquierda;VOLKSWAGEN;Polo;1.2 TSI;2015;Sin comprobar;1 año;Bajo pedido 24-48h;126,83 € + IVA;https://desguacesmadridnorte.com/77588-pieza.html
77591;5367CE65D;Bomba de dirección;MERCEDES-BENZ;CLA;200 CDI;2021;Comprobada, funcionando;1 año;En stock;159,79 € + IVA;https://desguacesmadridnorte.com/77591-pieza.html
77592;7336YV46D;Airbag volante;AUDI;Q3;2.0 TDI;2015;Desmontada de vehículo;1 año;En stock;377,51 € + IVA;https://desguacesmadridnorte.com/77592-pieza.html
77595;9963GX94A;Cinturón de seguridad;VOLKSWAGEN;Passat;1.6 TDI;2008;Comprobada, funcionando;1 año;En stock;73,42 € + IVA;https://desguacesmadridnorte.com/77595-pieza.html
77596;2120SW62B;Caja de cambios;BMW;Serie 3;330i;2018;Comprobada, funcionando;1 año;Bajo pedido 24-48h;1.264,08 € + IVA;https://desguacesmadridnorte.com/77596-pieza.html
77597;8621DT60E;Portón trasero;BMW;X1;20d;2015;Comprobada, funcionando;1 año;Bajo pedido 24-48h;431,73 € + IVA;https://desguacesmadridnorte.com/77597-pieza.html
77599;1760GY39D;Compresor aire acondicionado;CITROEN;C3;1.2 PureTech;2011;Comprobada, funcionando;1 año;En stock;97,10 € + IVA;https://desguacesmadridnorte.com/77599-pieza.html
77600;3438DB72F;Compresor aire acondicionado;BMW;X1;18d;2014;Comprobada, funcionando;1 año;En stock;323,81 € + IVA;https://desguacesmadridnorte.com/77600-pieza.html
77601;3635NM90F;Catalizador;KIA;Ceed;1.4 CRDi;2011;Desmontada de vehículo;1 año;Bajo pedido 24-48h;153,10 € + IVA;https://desguacesmadridnorte.com/77601-pieza.html
77602;8620MA35A;Cuadro de instrumentos;AUDI;A4;3.0 TDI;2011;Desmontada de vehículo;1 año;Bajo pedido 24-48h;115,08 € + IVA;https://desguacesmadridnorte.com/77602-pieza.html
77604;2909GW65F;Parachoques trasero;TOYOTA;Corolla;1.8 Hybrid;2017;Sin comprobar;1 año;En stock;266,28 € + IVA;https://desguacesmadridnorte.com/77604-pieza.html
77607;6472QN74C;Compresor aire acondicionado;VOLKSWAGEN;Golf;2.0 TDI;2012;Desmontada de vehículo;1 año;En stock;116,52 € + IVA;https://desguacesmadridnorte.com/77607-pieza.html
77609;4783JZ35D;Retrovisor izquierdo;TOYOTA;Corolla;1.8 Hybrid;2015;Sin comprobar;1 año;Bajo pedido 24-48h;50,09 € + IVA;https://desguacesmadridnorte.com/77609-pieza.html
77610;6225AC52E;Parachoques trasero;SKODA;Fabia;1.2 TSI;2007;Comprobada, funcionando;1 año;En stock;80,45 € + IVA;https://desguacesmadridnorte.com/77610-pieza.html
77613;9585TD75E;Aleta delantera izquierda;RENAULT;Megane;1.5 dCi;2017;Comprobada, funcionando;1 año;Bajo pedido 24-48h;143,33 € + IVA;https://desguacesmadridnorte.com/77613-pieza.html
77614;4649RN36B;Alternador;VOLKSWAGEN;Passat;1.6 TDI;2019;Sin comprobar;1 año;Bajo pedido 24-48h;200,77 € + IVA;https://desguacesmadridnorte.com/77614-pieza.html
77615;6814MB54D;Aleta delantera izquierda;KIA;Sportage;2.0 CRDi;2015;Desmontada de vehículo;1 año;En stock;83,22 € + IVA;https://desguacesmadridnorte.com/77615-pieza.html
77617;7581EM75B;Cremallera de dirección;NISSAN;Qashqai;1.6 dCi;2013;Sin comprobar;1 año;En stock;208,93 € + IVA;https://desguacesmadridnorte.com/77617-pieza.html
77620;9858LC28A;Cuadro de instrumentos;KIA;Ceed;1.6 CRDi;2005;Desmontada de vehículo;1 año;En stock;76,62 € + IVA;https://desguacesmadridnorte.com/77620-pieza.html
77621;7868DH96E;Elevalunas delantero izquierdo;OPEL;Corsa;1.3 CDTI;2018;Sin comprobar;1 año;En stock;40,36 € + IVA;https://desguacesmadridnorte.com/77621-pieza.html
77623;2728ST61C;Faro delantero izquierdo;RENAULT;Megane;1.6 dCi;2005;Sin comprobar;1 año;En stock;147,68 € + IVA;https://desguacesmadridnorte.com/77623-pieza.html
77625;4943QY58E;Colector de admisión;KIA;Ceed;1.6 CRDi;2005;Sin comprobar;1 año;En stock;82,86 € + IVA;https://desguacesmadridnorte.com/77625-pieza.html
77626;5441QH31E;Piloto trasero derecho;VOLKSWAGEN;Golf;1.4 TSI;2008;Sin comprobar;1 año;Bajo pedido 24-48h;45,96 € + IVA;https://desguacesmadridnorte.com/77626-pieza.html
77627;5822QW87D;Piloto trasero izquierdo;VOLKSWAGEN;Golf;1.6 TDI;2013;Comprobada, funcionando;1 año;En stock;48,28 € + IVA;https://desguacesmadridnorte.com/77627-pieza.html
77628;5294FD97F;Catalizador;MERCEDES-BENZ;Clase E Coupé;250 CDI;2011;Desmontada de vehículo;1 año;Bajo pedido 24-48h;221,11 € + IVA;https://desguacesmadridnorte.com/77628-pieza.html
77630;3490AD63A;Faro delantero izquierdo;PEUGEOT;308;1.6 HDi;2012;Comprobada, funcionando;1 año;Bajo pedido 24-48h;148,05 € + IVA;https://desguacesmadridnorte.com/77630-pieza.html
77632;7721GA62C;Caja de cambios;FORD;Fusion;1.4 TDCi;2012;Desmontada de vehículo;1 año;En stock;327,73 € + IVA;https://desguacesmadridnorte.com/77632-pieza.html
77633;5339KS16F;Catalizador;MERCEDES-BENZ;CLA;180 CDI;2021;Desmontada de vehículo;1 año;En stock;560,50 € + IVA;https://desguacesmadridnorte.com/77633-pieza.html
77636;5275DS47B;Parachoques delantero;SEAT;Ibiza;1.2 TSI;2008;Comprobada, funcionando;1 año;En stock;140,46 € + IVA;https://desguacesmadridnorte.com/77636-pieza.html
77638;9310ZB24C;Cuadro de instrumentos;PEUGEOT;308;1.6 HDi;2012;Comprobada, funcionando;1 año;Bajo pedido 24-48h;108,43 € + IVA;https://desguacesmadridnorte.com/77638-pieza.html
77640;6819CF79E;Piloto trasero izquierdo;VOLKSWAGEN;Golf;1.4 TSI;2017;Comprobada, funcionando;1 año;Bajo pedido 24-48h;31,14 € + IVA;https://desguacesmadridnorte.com/77640-pieza.html
77643;4979GK21C;Puerta delantera izquierda;HYUNDAI;i30;1.4 CRDi;2015;Comprobada, funcionando;1 año;Bajo pedido 24-48h;192,18 € + IVA;https://desguacesmadridnorte.com/77643-pieza.html
77645;4423AY40C;Módulo electrónico;NISSAN;Qashqai;1.5 dCi;2009;Comprobada, funcionando;1 año;En stock;142,97 € + IVA;https://desguacesmadridnorte.com/77645-pieza.html
77646;1594MH32F;Piloto trasero izquierdo;VOLKSWAGEN;Passat;2.0 TDI;2020;Comprobada, funcionando;1 año;En stock;108,38 € + IVA;https://desguacesmadridnorte.com/77646-pieza.html
77648;8200JB72B;Airbag volante;CITROEN;C4;1.6 VTi;2017;Desmontada de vehículo;1 año;En stock;267,95 € + IVA;https://desguacesmadridnorte.com/77648-pieza.html
77649;5743SM97F;Parachoques trasero;VOLKSWAGEN;Passat;1.6 TDI;2013;Sin comprobar;1 año;En stock;188,46 € + IVA;https://desguacesmadridnorte.com/77649-pieza.html
77652;7576FF56F;Parachoques trasero;TOYOTA;Proace City;1.5 D-4D;2013;Desmontada de vehículo;1 año;En stock;185,76 € + IVA;https://desguacesmadridnorte.com/77652-pieza.html
77653;3039YB89A;Centralita motor;CITROEN;C3;1.4 HDi;2010;Desmontada de vehículo;1 año;En stock;231,81 € + IVA;https://desguacesmadridnorte.com/77653-pieza.html
77655;8051SK85C;Radiador;NISSAN;Juke;1.2 DIG-T;2016;Comprobada, funcionando;1 año;Bajo pedido 24-48h;106,97 € + IVA;https://desguacesmadridnorte.com/77655-pieza.html
77656;7213RY52D;Parachoques trasero;VOLKSWAGEN;Golf;1.4 TSI;2016;Comprobada, funcionando;1 año;En stock;251,25 € + IVA;https://desguacesmadridnorte.com/77656-pieza.html
77657;7172AM53B;Retrovisor derecho;PEUGEOT;3008;2.0 HDi;2007;Desmontada de vehículo;1 año;En stock;117,35 € + IVA;https://desguacesmadridnorte.com/77657-pieza.html
77660;9903RC15F;Retrovisor derecho;FORD;Fusion;1.4 TDCi;2014;Comprobada, funcionando;1 año;En stock;72,83 € + IVA;https://desguacesmadridnorte.com/77660-pieza.html
77663;2857ZH13C;Airbag volante;MERCEDES-BENZ;Clase E Coupé;220 CDI;2017;Comprobada, funcionando;1 año;Bajo pedido 24-48h;135,65 € + IVA;https://desguacesmadridnorte.com/77663-pieza.html
77665;9411YW78F;Turbo;BMW;Serie 3;320d;2015;Comprobada, funcionando;1 año;Bajo pedido 24-48h;445,25 € + IVA;https://desguacesmadridnorte.com/77665-pieza.html
77667;6075DB29B;Cerradura puerta delantera;BMW;X1;18d;2005;Comprobada, funcionando;1 año;Bajo pedido 24-48h;43,26 € + IVA;https://desguacesmadridnorte.com/77667-pieza.html
77669;1251NB81C;Cerradura puerta delantera;VOLKSWAGEN;Golf;2.0 TDI;2008;Sin comprobar;1 año;Bajo pedido 24-48h;55,13 € + IVA;https://desguacesmadridnorte.com/77669-pieza.html
77672;9846VF45B;Aleta delantera izquierda;TOYOTA;Corolla;1.4 D-4D;2016;Desmontada de vehículo;1 año;En stock;63,64 € + IVA;https://desguacesmadridnorte.com/77672-pieza.html
77674;7465SF66F;Bomba de dirección;SKODA;Octavia;2.0 TDI;2011;Desmontada de vehículo;1 año;Bajo pedido 24-48h;60,10 € + IVA;https://desguacesmadridnorte.com/77674-pieza.html
77676;8470VR43D;Amortiguador delantero;MERCEDES-BENZ;CLA;200 CDI;2009;Comprobada, funcionando;1 año;Bajo pedido 24-48h;89,01 € + IVA;https://desguacesmadridnorte.com/77676-pieza.html
77677;4576KN88A;Módulo electrónico;BMW;X1;18d;2016;Comprobada, funcionando;1 año;En stock;160,99 € + IVA;https://desguacesmadridnorte.com/77677-pieza.html
77680;1985JK70A;Centralita motor;MERCEDES-BENZ;Clase A;200 CDI;2006;Comprobada, funcionando;1 año;En stock;199,20 € + IVA;https://desguacesmadridnorte.com/77680-pieza.html
77683;9607SP36C;Caja de cambios;KIA;Ceed;1.6 CRDi;2006;Comprobada, funcionando;1 año;Bajo pedido 24-48h;557,26 € + IVA;https://desguacesmadridnorte.com/77683-pieza.html
77686;2271VA61D;Colector de admisión;KIA;Sportage;1.7 CRDi;2009;Desmontada de vehículo;1 año;En stock;59,02 € + IVA;https://desguacesmadridnorte.com/77686-pieza.html
77689;6168CE38F;Cremallera de dirección;CITROEN;C4;1.6 HDi;2016;Sin comprobar;1 año;Bajo pedido 24-48h;93,97 € + IVA;https://desguacesmadridnorte.com/77689-pieza.html
77691;2020RP74A;Cuadro de instrumentos;KIA;Ceed;1.4 CRDi;2009;Desmontada de vehículo;1 año;Bajo pedido 24-48h;107,56 € + IVA;https://desguacesmadridnorte.com/77691-pieza.html
77694;5372LE51A;Módulo electrónico;PEUGEOT;308;1.6 HDi;2019;Comprobada, funcionando;1 año;En stock;170,24 € + IVA;https://desguacesmadridnorte.com/77694-pieza.html
77697;9939RE79B;Cinturón de seguridad;HYUNDAI;Tucson;1.7 CRDi;2005;Comprobada, funcionando;1 año;Bajo pedido 24-48h;37,32 € + IVA;https://desguacesmadridnorte.com/77697-pieza.html
77700;4430RS56D;Cerradura puerta delantera;OPEL;Corsa;1.2 16v;2007;Comprobada, funcionando;1 año;En stock;35,07 € + IVA;https://desguacesmadridnorte.com/77700-pieza.html
77703;3003FX34A;Catalizador;OPEL;Astra;1.7 CDTI;2015;Comprobada, funcionando;1 año;En stock;341,54 € + IVA;https://desguacesmadridnorte.com/77703-pieza.html
77704;4533KF55C;Paso de rueda trasero izquierdo;MERCEDES-BENZ;Clase E Coupé;250 CDI;2017;Comprobada, funcionando;1 año;Bajo pedido 24-48h;81,12 € + IVA;https://desguacesmadridnorte.com/77704-pieza.html
77707;7920TW65B;Piloto trasero izquierdo;RENAULT;Captur;0.9 TCe;2009;Comprobada, funcionando;1 año;Bajo pedido 24-48h;68,00 € + IVA;https://desguacesmadridnorte.com/77707-pieza.html
77708;2421RM51C;Motor de arranque;CITROEN;C4;1.6 HDi;2005;Comprobada, funcionando;1 año;Bajo pedido 24-48h;30,07 € + IVA;https://desguacesmadridnorte.com/77708-pieza.html
77710;9600GD32B;Parachoques trasero;AUDI;A3;1.6 TDI;2017;Comprobada, funcionando;1 año;En stock;260,20 € + IVA;https://desguacesmadridnorte.com/77710-pieza.html
77712;9424JH22A;Puerta trasera izquierda;NISSAN;Juke;1.5 dCi;2006;Sin comprobar;1 año;En stock;201,91 € + IVA;https://desguacesmadridnorte.com/77712-pieza.html
77715;8012ST87B;Bomba de agua;SEAT;León;2.0 TDI;2015;Comprobada, funcionando;1 año;En stock;55,78 € + IVA;https://desguacesmadridnorte.com/77715-pieza.html
77716;2056NG24D;Faro delantero derecho;FORD;Fiesta;1.5 TDCi;2012;Comprobada, funcionando;1 año;Bajo pedido 24-48h;198,44 € + IVA;https://desguacesmadridnorte.com/77716-pieza.html
77718;6210AJ46B;Paso de rueda trasero izquierdo;TOYOTA;Proace City;1.5 D-4D;2008;Comprobada, funcionando;1 año;Bajo pedido 24-48h;33,61 € + IVA;https://desguacesmadridnorte.com/77718-pieza.html
77719;4997NX70F;Centralita motor;VOLKSWAGEN;Golf;1.6 TDI;2016;Comprobada, funcionando;1 año;En stock;194,71 € + IVA;https://desguacesmadridnorte.com/77719-pieza.html
77720;3912VR43A;Cinturón de seguridad;PEUGEOT;308;2.0 HDi;2012;Comprobada, funcionando;1 año;Bajo pedido 24-48h;49,08 € + IVA;https://desguacesmadridnorte.com/77720-pieza.html
77721;9716GN87E;Centralita motor;RENAULT;Captur;0.9 TCe;2010;Comprobada, funcionando;1 año;En stock;147,68 € + IVA;https://desguacesmadridnorte.com/77721-pieza.html
77723;5107TW95B;Motor de arranque;MERCEDES-BENZ;Clase A;180 CDI;2018;Comprobada, funcionando;1 año;En stock;218,42 € + IVA;https://desguacesmadridnorte.com/77723-pieza.html
77726;3795NA95D;Retrovisor derecho;VOLKSWAGEN;Passat;2.0 TDI;2021;Desmontada de vehículo;1 año;Bajo pedido 24-48h;99,04 € + IVA;https://desguacesmadridnorte.com/77726-pieza.html
77729;3041BR98D;Aleta delantera izquierda;BMW;Serie 1;120i;2017;Comprobada, funcionando;1 año;En stock;178,70 € + IVA;https://desguacesmadridnorte.com/77729-pieza.html
77732;5451QB25B;Turbo;BMW;Serie 3;318d;2020;Comprobada, funcionando;1 año;Bajo pedido 24-48h;907,44 € + IVA;https://desguacesmadridnorte.com/77732-pieza.html
77734;3487KV37A;Radiador;HYUNDAI;i30;1.4 CRDi;2020;Comprobada, funcionando;1 año;En stock;163,93 € + IVA;https://desguacesmadridnorte.com/77734-pieza.html
77736;7990EQ38A;Portón trasero;PEUGEOT;3008;2.0 HDi;2007;Comprobada, funcionando;1 año;En stock;201,37 € + IVA;https://desguacesmadridnorte.com/77736-pieza.html
77738;1407ET44F;Colector de admisión;PEUGEOT;208;1.6 HDi;2014;Comprobada, funcionando;1 año;En stock;36,23 € + IVA;https://desguacesmadridnorte.com/77738-pieza.html
77740;6459RP90D;Catalizador;SKODA;Octavia;1.6 TDI;2009;Desmontada de vehículo;1 año;En stock;301,23 € + IVA;https://desguacesmadridnorte.com/77740-pieza.html
77743;4272KJ65D;Motor completo;BMW;Serie 3;320d;2016;Comprobada, funcionando;1 año;En stock;3.096,73 € + IVA;https://desguacesmadridnorte.com/77743-pieza.html
77744;1248MH79F;Piloto trasero izquierdo;MERCEDES-BENZ;Clase E Coupé;250 CDI;2019;Comprobada, funcionando;1 año;En stock;119,06 € + IVA;https://desguacesmadridnorte.com/77744-pieza.html
77746;4836BB53A;Cinturón de seguridad;TOYOTA;Proace City;1.5 D-4D;2016;Comprobada, funcionando;1 año;En stock;60,59 € + IVA;https://desguacesmadridnorte.com/77746-pieza.html
77748;2537XK78B;Parachoques trasero;BMW;X1;20d;2008;Desmontada de vehículo;1 año;Bajo pedido 24-48h;149,34 € + IVA;https://desguacesmadridnorte.com/77748-pieza.html
77751;7550YW83A;Puerta trasera izquierda;HYUNDAI;i30;1.4 CRDi;2014;Comprobada, funcionando;1 año;Bajo pedido 24-48h;188,66 € + IVA;https://desguacesmadridnorte.com/77751-pieza.html
77754;2298MP61F;Faro delantero izquierdo;PEUGEOT;208;1.4 HDi;2019;Comprobada, funcionando;1 año;En stock;191,50 € + IVA;https://desguacesmadridnorte.com/77754-pieza.html
77757;2202FM42B;Puerta delantera derecha;RENAULT;Captur;0.9 TCe;2013;Sin comprobar;1 año;Bajo pedido 24-48h;176,60 € + IVA;https://desguacesmadridnorte.com/77757-pieza.html
77758;7563ZH15A;Intercooler;PEUGEOT;3008;2.0 HDi;2012;Sin comprobar;1 año;Bajo pedido 24-48h;187,69 € + IVA;https://desguacesmadridnorte.com/77758-pieza.html
77759;1286NX19A;Cuadro de instrumentos;SKODA;Octavia;1.6 TDI;2017;Comprobada, funcionando;1 año;En stock;245,41 € + IVA;https://desguacesmadridnorte.com/77759-pieza.html
77762;4794FW20E;Colector de admisión;NISSAN;Qashqai;1.5 dCi;2014;Desmontada de vehículo;1 año;En stock;103,93 € + IVA;https://desguacesmadridnorte.com/77762-pieza.html
77764;6553XF36F;Cinturón de seguridad;CITROEN;C3;1.2 PureTech;2005;Comprobada, funcionando;1 año;En stock;48,40 € + IVA;https://desguacesmadridnorte.com/77764-pieza.html
77765;9408TC88B;Capó;VOLKSWAGEN;Polo;1.4 TDI;2015;Comprobada, funcionando;1 año;Bajo pedido 24-48h;226,73 € + IVA;https://desguacesmadridnorte.com/77765-pieza.html
77768;5758LB66F;Cerradura puerta delantera;FORD;Fiesta;1.5 TDCi;2018;Comprobada, funcionando;1 año;Bajo pedido 24-48h;41,38 € + IVA;https://desguacesmadridnorte.com/77768-pieza.html
77770;9940LA90B;Intercooler;HYUNDAI;Tucson;2.0 CRDi;2006;Desmontada de vehículo;1 año;Bajo pedido 24-48h;166,46 € + IVA;https://desguacesmadridnorte.com/77770-pieza.html
77772;9066YQ34A;Piloto trasero izquierdo;RENAULT;Clio;1.5 dCi;2007;Sin comprobar;1 año;Bajo pedido 24-48h;56,40 € + IVA;https://desguacesmadridnorte.com/77772-pieza.html
77774;4108LH96D;Cuadro de instrumentos;SEAT;Ateca;1.5 TSI;2008;Comprobada, funcionando;1 año;En stock;110,44 € + IVA;https://desguacesmadridnorte.com/77774-pieza.html
77775;3509DP93C;Faro delantero izquierdo;AUDI;A4;2.0 TDI;2019;Comprobada, funcionando;1 año;En stock;189,06 € + IVA;https://desguacesmadridnorte.com/77775-pieza.html
77777;6328QW68D;Paso de rueda trasero izquierdo;KIA;Ceed;1.6 CRDi;2005;Comprobada, funcionando;1 año;En stock;30,56 € + IVA;https://desguacesmadridnorte.com/77777-pieza.html
77778;4730BG67B;Retrovisor izquierdo;BMW;Serie 1;116d;2013;Comprobada, funcionando;1 año;En stock;88,52 € + IVA;https://desguacesmadridnorte.com/77778-pieza.html
77780;1179WR69A;Colector de admisión;BMW;X1;20d;2009;Desmontada de vehículo;1 año;En stock;115,98 € + IVA;https://desguacesmadridnorte.com/77780-pieza.html
77782;7259MA58F;Bomba de agua;RENAULT;Megane;1.5 dCi;2006;Sin comprobar;1 año;Bajo pedido 24-48h;51,83 € + IVA;https://desguacesmadridnorte.com/77782-pieza.html
77783;6905KY24D;Centralita motor;CITROEN;C3;1.4 HDi;2014;Desmontada de vehículo;1 año;Bajo pedido 24-48h;223,41 € + IVA;https://desguacesmadridnorte.com/77783-pieza.html
77786;5445JB65E;Bomba de agua;NISSAN;Juke;1.5 dCi;2007;Comprobada, funcionando;1 año;En stock;18,76 € + IVA;https://desguacesmadridnorte.com/77786-pieza.html
77789;1635HS10A;Paso de rueda trasero izquierdo;MERCEDES-BENZ;CLA;200 CDI;2012;Comprobada, funcionando;1 año;En stock;42,76 € + IVA;https://desguacesmadridnorte.com/77789-pieza.html
77790;5836AV91D;Cerradura puerta delantera;CITROEN;C3;1.2 PureTech;2010;Sin comprobar;1 año;En stock;44,11 € + IVA;https://desguacesmadridnorte.com/77790-pieza.html
77792;6495HQ80E;Motor de arranque;SKODA;Octavia;1.6 TDI;2005;Comprobada, funcionando;1 año;Bajo pedido 24-48h;67,14 € + IVA;https://desguacesmadridnorte.com/77792-pieza.html
77795;5324AV23E;Puerta delantera derecha;HYUNDAI;i30;1.4 CRDi;2014;Comprobada, funcionando;1 año;En stock;280,33 € + IVA;https://desguacesmadridnorte.com/77795-pieza.html
77798;8964XQ78A;Cinturón de seguridad;CITROEN;C3;1.4 HDi;2016;Sin comprobar;1 año;En stock;47,99 € + IVA;https://desguacesmadridnorte.com/77798-pieza.html
77800;5838DE54D;Parachoques trasero;FORD;Fiesta;1.0 EcoBoost;2015;Desmontada de vehículo;1 año;Bajo pedido 24-48h;206,65 € + IVA;https://desguacesmadridnorte.com/77800-pieza.html
77803;6085MB56A;Caja de cambios;PEUGEOT;208;1.6 HDi;2007;Comprobada, funcionando;1 año;En stock;264,98 € + IVA;https://desguacesmadridnorte.com/77803-pieza.html
77804;2318CZ67B;Módulo electrónico;VOLKSWAGEN;Passat;1.6 TDI;2016;Comprobada, funcionando;1 año;En stock;89,85 € + IVA;https://desguacesmadridnorte.com/77804-pieza.html
77805;1120FA96B;Cerradura puerta delantera;FORD;Fusion;1.4 TDCi;2013;Comprobada, funcionando;1 año;En stock;33,51 € + IVA;https://desguacesmadridnorte.com/77805-pieza.html
77808;6499PR29B;Faro delantero derecho;NISSAN;Juke;1.5 dCi;2015;Comprobada, funcionando;1 año;Bajo pedido 24-48h;122,76 € + IVA;https://desguacesmadridnorte.com/77808-pieza.html
77809;3782JB94F;Cuadro de instrumentos;CITROEN;C3;1.2 PureTech;2016;Desmontada de vehículo;1 año;Bajo pedido 24-48h;75,67 € + IVA;https://desguacesmadridnorte.com/77809-pieza.html
77811;9090ZC50A;Colector de admisión;VOLKSWAGEN;Golf;1.4 TSI;2018;Comprobada, funcionando;1 año;Bajo pedido 24-48h;113,23 € + IVA;https://desguacesmadridnorte.com/77811-pieza.html
77814;2261TQ99E;Radiador;VOLKSWAGEN;Polo;1.2 TSI;2005;Comprobada, funcionando;1 año;En stock;44,90 € + IVA;https://desguacesmadridnorte.com/77814-pieza.html
77817;7475ZV98E;Elevalunas delantero izquierdo;OPEL;Corsa;1.2 16v;2006;Comprobada, funcionando;1 año;Bajo pedido 24-48h;25,19 € + IVA;https://desguacesmadridnorte.com/77817-pieza.html
77818;3691FT32C;Paso de rueda trasero izquierdo;OPEL;Corsa;1.2 16v;2015;Desmontada de vehículo;1 año;Bajo pedido 24-48h;30,68 € + IVA;https://desguacesmadridnorte.com/77818-pieza.html
77821;8869MY68A;Motor completo;TOYOTA;Corolla;1.8 Hybrid;2005;Comprobada, funcionando;1 año;En stock;864,49 € + IVA;https://desguacesmadridnorte.com/77821-pieza.html
77824;5459LX54B;Caja de cambios;FORD;Fusion;1.4 TDCi;2005;Comprobada, funcionando;1 año;Bajo pedido 24-48h;362,33 € + IVA;https://desguacesmadridnorte.com/77824-pieza.html
77825;6199HX93D;Elevalunas delantero izquierdo;MERCEDES-BENZ;CLA;200 CDI;2007;Desmontada de vehículo;1 año;Bajo pedido 24-48h;74,37 € + IVA;https://desguacesmadridnorte.com/77825-pieza.html
77828;4449YE13E;Portón trasero;CITROEN;C3;1.4 HDi;2017;Comprobada, funcionando;1 año;En stock;177,99 € + IVA;https://desguacesmadridnorte.com/77828-pieza.html
77831;3995VA34B;Parachoques trasero;SEAT;León;2.0 TDI;2006;Comprobada, funcionando;1 año;Bajo pedido 24-48h;120,12 € + IVA;https://desguacesmadridnorte.com/77831-pieza.html
77832;1467SG91E;Bomba de agua;KIA;Ceed;1.4 CRDi;2016;Sin comprobar;1 año;En stock;82,55 € + IVA;https://desguacesmadridnorte.com/77832-pieza.html
77835;9597LH80D;Puerta trasera izquierda;OPEL;Astra;1.6 CDTI;2015;Desmontada de vehículo;1 año;En stock;145,74 € + IVA;https://desguacesmadridnorte.com/77835-pieza.html
77837;7302WW76C;Motor completo;MERCEDES-BENZ;Clase A;180 CDI;2021;Sin comprobar;1 año;En stock;3.550,46 € + IVA;https://desguacesmadridnorte.com/77837-pieza.html
77839;7303KQ76D;Cinturón de seguridad;FORD;Fusion;1.4 TDCi;2010;Comprobada, funcionando;1 año;Bajo pedido 24-48h;59,97 € + IVA;https://desguacesmadridnorte.com/77839-pieza.html
77840;5686CC27A;Retrovisor derecho;HYUNDAI;Tucson;2.0 CRDi;2005;Desmontada de vehículo;1 año;En stock;94,69 € + IVA;https://desguacesmadridnorte.com/77840-pieza.html
77843;2187PT48E;Puerta trasera izquierda;SKODA;Fabia;1.2 TSI;2020;Desmontada de vehículo;1 año;Bajo pedido 24-48h;105,80 € + IVA;https://desguacesmadridnorte.com/77843-pieza.html
77844;2300XB52D;Retrovisor derecho;TOYOTA;Camry;2.5 Hybrid;2008;Comprobada, funcionando;1 año;En stock;137,67 € + IVA;https://desguacesmadridnorte.com/77844-pieza.html
77845;6114CP16F;Puerta delantera izquierda;HYUNDAI;i30;1.4 CRDi;2019;Sin comprobar;1 año;Bajo pedido 24-48h;311,98 € + IVA;https://desguacesmadridnorte.com/77845-pieza.html
77847;6863VF50C;Piloto trasero izquierdo;FORD;Focus;1.6 TDCi;2015;Desmontada de vehículo;1 año;Bajo pedido 24-48h;85,37 € + IVA;https://desguacesmadridnorte.com/77847-pieza.html
77850;1279TJ80F;Compresor aire acondicionado;RENAULT;Clio;1.2 16v;2005;Sin comprobar;1 año;En stock;137,60 € + IVA;https://desguacesmadridnorte.com/77850-pieza.html
77852;9055EN26F;Alternador;AUDI;Q3;1.4 TFSI;2014;Comprobada, funcionando;1 año;En stock;205,99 € + IVA;https://desguacesmadridnorte.com/77852-pieza.html
77854;9290XZ69C;Faro delantero izquierdo;NISSAN;Qashqai;1.5 dCi;2021;Comprobada, funcionando;1 año;En stock;134,80 € + IVA;https://desguacesmadridnorte.com/77854-pieza.html
77855;3570VQ26A;Faro delantero izquierdo;FORD;Focus;2.0 TDCi;2010;Comprobada, funcionando;1 año;Bajo pedido 24-48h;71,08 € + IVA;https://desguacesmadridnorte.com/77855-pieza.html
77857;6216VY77D;Capó;FORD;Fusion;1.4 TDCi;2011;Desmontada de vehículo;1 año;En stock;138,87 € + IVA;https://desguacesmadridnorte.com/77857-pieza.html
77859;6655MW42B;Aleta delantera izquierda;CITROEN;C4;1.6 VTi;2016;Comprobada, funcionando;1 año;Bajo pedido 24-48h;74,52 € + IVA;https://desguacesmadridnorte.com/77859-pieza.html
77861;6317LN63E;Caja de cambios;MERCEDES-BENZ;Clase A;180 CDI;2019;Comprobada, funcionando;1 año;En stock;505,82 € + IVA;https://desguacesmadridnorte.com/77861-pieza.html
77864;8271PB79D;Compresor aire acondicionado;OPEL;Astra;1.7 CDTI;2020;Desmontada de vehículo;1 año;En stock;136,52 € + IVA;https://desguacesmadridnorte.com/77864-pieza.html
77867;3031QG22E;Módulo electrónico;CITROEN;C3;1.2 PureTech;2014;Comprobada, funcionando;1 año;En stock;165,97 € + IVA;https://desguacesmadridnorte.com/77867-pieza.html
77869;5890FY98A;Aleta delantera izquierda;PEUGEOT;3008;2.0 HDi;2008;Desmontada de vehículo;1 año;En stock;99,68 € + IVA;https://desguacesmadridnorte.com/77869-pieza.html
77872;9982QL58D;Radiador;KIA;Ceed;1.6 CRDi;2013;Desmontada de vehículo;1 año;Bajo pedido 24-48h;89,01 € + IVA;https://desguacesmadridnorte.com/77872-pieza.html
77873;7304BL30F;Compresor aire acondicionado;VOLKSWAGEN;Polo;1.2 TSI;2008;Sin comprobar;1 año;En stock;68,43 € + IVA;https://desguacesmadridnorte.com/77873-pieza.html
77876;3479EF85E;Caja de cambios;FORD;Fiesta;1.0 EcoBoost;2015;Desmontada de vehículo;1 año;En stock;385,24 € + IVA;https://desguacesmadridnorte.com/77876-pieza.html
77879;9745PC43B;Centralita motor;FORD;Fusion;1.4 TDCi;2008;Comprobada, funcionando;1 año;Bajo pedido 24-48h;195,71 € + IVA;https://desguacesmadridnorte.com/77879-pieza.html
77882;7816WM82B;Motor de arranque;BMW;X1;18d;2011;Comprobada, funcionando;1 año;Bajo pedido 24-48h;86,30 € + IVA;https://desguacesmadridnorte.com/77882-pieza.html
77885;5131SD74C;Alternador;KIA;Sportage;2.0 CRDi;2012;Comprobada, funcionando;1 año;En stock;50,11 € + IVA;https://desguacesmadridnorte.com/77885-pieza.html
77887;3860RA87B;Capó;TOYOTA;Camry;2.5 Hybrid;2019;Desmontada de vehículo;1 año;En stock;201,91 € + IVA;https://desguacesmadridnorte.com/77887-pieza.html
77889;4846TY61A;Catalizador;MERCEDES-BENZ;Clase E Coupé;220 CDI;2012;Comprobada, funcionando;1 año;Bajo pedido 24-48h;179,59 € + IVA;https://desguacesmadridnorte.com/77889-pieza.html
77891;5758SB50F;Cuadro de instrumentos;KIA;Sportage;2.0 CRDi;2012;Desmontada de vehículo;1 año;En stock;141,52 € + IVA;https://desguacesmadridnorte.com/77891-pieza.html
77894;6551SL46C;Elevalunas delantero izquierdo;OPEL;Astra;1.6 CDTI;2012;Comprobada, funcionando;1 año;Bajo pedido 24-48h;40,82 € + IVA;https://desguacesmadridnorte.com/77894-pieza.html
77896;1789AG36B;Cinturón de seguridad;SKODA;Octavia;2.0 TDI;2015;Comprobada, funcionando;1 año;Bajo pedido 24-48h;85,07 € + IVA;https://desguacesmadridnorte.com/77896-pieza.html
77898;8155HY30A;Faro delantero izquierdo;TOYOTA;Corolla;1.4 D-4D;2009;Comprobada, funcionando;1 año;En stock;61,35 € + IVA;https://desguacesmadridnorte.com/77898-pieza.html
77901;1580VK28D;Intercooler;KIA;Sportage;2.0 CRDi;2014;Comprobada, funcionando;1 año;En stock;131,24 € + IVA;https://desguacesmadridnorte.com/77901-pieza.html
77903;4607FZ43F;Alternador;FORD;Fusion;1.4 TDCi;2020;Desmontada de vehículo;1 año;Bajo pedido 24-48h;197,48 € + IVA;https://desguacesmadridnorte.com/77903-pieza.html
77906;8143CD83D;Puerta delantera derecha;PEUGEOT;208;1.4 HDi;2007;Comprobada, funcionando;1 año;En stock;114,57 € + IVA;https://desguacesmadridnorte.com/77906-pieza.html
77908;3628SX55A;Módulo electrónico;HYUNDAI;i30;1.4 CRDi;2007;Comprobada, funcionando;1 año;En stock;61,49 € + IVA;https://desguacesmadridnorte.com/77908-pieza.html
77909;2389NG32E;Radiador;NISSAN;Juke;1.5 dCi;2008;Desmontada de vehículo;1 año;En stock;53,15 € + IVA;https://desguacesmadridnorte.com/77909-pieza.html
77912;9541PV92A;Cárter;OPEL;Astra;1.7 CDTI;2006;Comprobada, funcionando;1 año;Bajo pedido 24-48h;52,60 € + IVA;https://desguacesmadridnorte.com/77912-pieza.html
77915;3545JV90C;Catalizador;NISSAN;Juke;1.2 DIG-T;2018;Comprobada, funcionando;1 año;En stock;355,78 € + IVA;https://desguacesmadridnorte.com/77915-pieza.html
77917;7470VV52E;Aleta delantera izquierda;FORD;Fusion;1.4 TDCi;2020;Comprobada, funcionando;1 año;Bajo pedido 24-48h;148,92 € + IVA;https://desguacesmadridnorte.com/77917-pieza.html
77918;4045LV81B;Turbo;KIA;Sportage;1.7 CRDi;2012;Comprobada, funcionando;1 año;En stock;183,70 € + IVA;https://desguacesmadridnorte.com/77918-pieza.html
77920;1764FQ72A;Bomba de dirección;RENAULT;Captur;1.5 dCi;2007;Comprobada, funcionando;1 año;Bajo pedido 24-48h;100,51 € + IVA;https://desguacesmadridnorte.com/77920-pieza.html
77922;4970TC42F;Cárter;BMW;X1;18d;2009;Comprobada, funcionando;1 año;En stock;127,45 € + IVA;https://desguacesmadridnorte.com/77922-pieza.html
77925;4371VA76B;Cinturón de seguridad;SEAT;León;2.0 TDI;2014;Sin comprobar;1 año;Bajo pedido 24-48h;57,42 € + IVA;https://desguacesmadridnorte.com/77925-pieza.html
77926;7400VT10D;Parachoques delantero;BMW;X1;18d;2021;Sin comprobar;1 año;Bajo pedido 24-48h;431,06 € + IVA;https://desguacesmadridnorte.com/77926-pieza.html
77929;9396WS75B;Motor completo;SEAT;Ateca;2.0 TDI;2013;Comprobada, funcionando;1 año;En stock;1.492,68 € + IVA;https://desguacesmadridnorte.com/77929-pieza.html
77930;6613PQ50B;Cuadro de instrumentos;RENAULT;Megane;1.5 dCi;2008;Comprobada, funcionando;1 año;Bajo pedido 24-48h;160,74 € + IVA;https://desguacesmadridnorte.com/77930-pieza.html
77933;5610FD36E;Retrovisor derecho;FORD;Fusion;1.4 TDCi;2009;Comprobada, funcionando;1 año;Bajo pedido 24-48h;59,91 € + IVA;https://desguacesmadridnorte.com/77933-pieza.html
77936;8539PJ58E;Radiador;FORD;Fiesta;1.5 TDCi;2015;Comprobada, funcionando;1 año;En stock;60,53 € + IVA;https://desguacesmadridnorte.com/77936-pieza.html
77938;8091ES94C;Cárter;KIA;Ceed;1.4 CRDi;2010;Comprobada, funcionando;1 año;En stock;51,81 € + IVA;https://desguacesmadridnorte.com/77938-pieza.html
77941;6580FQ27C;Caja de cambios;BMW;Serie 3;320d;2019;Comprobada, funcionando;1 año;En stock;1.407,30 € + IVA;https://desguacesmadridnorte.com/77941-pieza.html
77943;3397NB80F;Centralita motor;PEUGEOT;3008;2.0 HDi;2012;Desmontada de vehículo;1 año;Bajo pedido 24-48h;117,62 € + IVA;https://desguacesmadridnorte.com/77943-pieza.html
77946;3463QX96F;Puerta delantera izquierda;CITROEN;C3;1.2 PureTech;2005;Comprobada, funcionando;1 año;Bajo pedido 24-48h;197,51 € + IVA;https://desguacesmadridnorte.com/77946-pieza.html
77949;5139NA18F;Elevalunas delantero izquierdo;OPEL;Corsa;1.3 CDTI;2014;Sin comprobar;1 año;En stock;60,65 € + IVA;https://desguacesmadridnorte.com/77949-pieza.html
77950;1194NE77D;Faro delantero izquierdo;PEUGEOT;308;2.0 HDi;2015;Comprobada, funcionando;1 año;Bajo pedido 24-48h;90,71 € + IVA;https://desguacesmadridnorte.com/77950-pieza.html
77953;7979ZH97B;Faro delantero derecho;KIA;Ceed;1.4 CRDi;2007;Comprobada, funcionando;1 año;Bajo pedido 24-48h;66,89 € + IVA;https://desguacesmadridnorte.com/77953-pieza.html
77956;3155BY97C;Puerta delantera derecha;MERCEDES-BENZ;CLA;180 CDI;2018;Comprobada, funcionando;1 año;En stock;536,01 € + IVA;https://desguacesmadridnorte.com/77956-pieza.html
77958;7495KC56A;Intercooler;BMW;Serie 1;120i;2007;Comprobada, funcionando;1 año;Bajo pedido 24-48h;198,79 € + IVA;https://desguacesmadridnorte.com/77958-pieza.html
77960;5688MX20A;Bomba de dirección;SEAT;Ibiza;1.2 TSI;2009;Comprobada, funcionando;1 año;Bajo pedido 24-48h;108,23 € + IVA;https://desguacesmadridnorte.com/77960-pieza.html
77963;8476XC37D;Paso de rueda trasero izquierdo;SEAT;León;2.0 TDI;2011;Desmontada de vehículo;1 año;En stock;40,37 € + IVA;https://desguacesmadridnorte.com/77963-pieza.html
77965;8283EZ99D;Airbag volante;BMW;Serie 1;118d;2021;Sin comprobar;1 año;Bajo pedido 24-48h;123,50 € + IVA;https://desguacesmadridnorte.com/77965-pieza.html
77966;1067FD26D;Portón trasero;FORD;Fiesta;1.0 EcoBoost;2006;Comprobada, funcionando;1 año;En stock;146,47 € + IVA;https://desguacesmadridnorte.com/77966-pieza.html
77969;9602JA22B;Cinturón de seguridad;NISSAN;Qashqai;1.6 dCi;2017;Comprobada, funcionando;1 año;En stock;29,33 € + IVA;https://desguacesmadridnorte.com/77969-pieza.html
77970;7298NB21A;Alternador;SKODA;Octavia;1.6 TDI;2018;Comprobada, funcionando;1 año;Bajo pedido 24-48h;105,23 € + IVA;https://desguacesmadridnorte.com/77970-pieza.html
77971;5437TP83C;Bomba de agua;RENAULT;Clio;1.2 16v;2005;Desmontada de vehículo;1 año;En stock;15,63 € + IVA;https://desguacesmadridnorte.com/77971-pieza.html
77974;3926YX53A;Faro delantero izquierdo;KIA;Sportage;2.0 CRDi;2020;Comprobada, funcionando;1 año;Bajo pedido 24-48h;245,87 € + IVA;https://desguacesmadridnorte.com/77974-pieza.html
77976;6838GW51D;Intercooler;HYUNDAI;i30;1.6 CRDi;2016;Desmontada de vehículo;1 año;En stock;88,48 € + IVA;https://desguacesmadridnorte.com/77976-pieza.html
77979;8959EF80D;Capó;KIA;Ceed;1.6 CRDi;2009;Comprobada, funcionando;1 año;Bajo pedido 24-48h;83,08 € + IVA;https://desguacesmadridnorte.com/77979-pieza.html
77982;8715GT67F;Centralita motor;RENAULT;Clio;1.5 dCi;2006;Comprobada, funcionando;1 año;En stock;130,88 € + IVA;https://desguacesmadridnorte.com/77982-pieza.html
77984;3953DN34D;Cinturón de seguridad;PEUGEOT;3008;1.6 HDi;2006;Comprobada, funcionando;1 año;En stock;59,77 € + IVA;https://desguacesmadridnorte.com/77984-pieza.html
77986;2912XC40A;Cárter;CITROEN;C4;1.6 HDi;2006;Comprobada, funcionando;1 año;En stock;22,12 € + IVA;https://desguacesmadridnorte.com/77986-pieza.html
77989;7290WB21A;Módulo electrónico;VOLKSWAGEN;Passat;1.6 TDI;2010;Comprobada, funcionando;1 año;En stock;100,24 € + IVA;https://desguacesmadridnorte.com/77989-pieza.html
77991;2905EN30A;Faro delantero derecho;TOYOTA;Corolla;1.8 Hybrid;2012;Comprobada, funcionando;1 año;En stock;207,59 € + IVA;https://desguacesmadridnorte.com/77991-pieza.html
77992;1871SX28F;Catalizador;KIA;Ceed;1.6 CRDi;2012;Comprobada, funcionando;1 año;Bajo pedido 24-48h;417,40 € + IVA;https://desguacesmadridnorte.com/77992-pieza.html
77993;6816BJ58F;Cuadro de instrumentos;AUDI;A3;1.6 TDI;2015;Desmontada de vehículo;1 año;Bajo pedido 24-48h;287,05 € + IVA;https://desguacesmadridnorte.com/77993-pieza.html
77996;2783MS63F;Motor completo;TOYOTA;Corolla;1.4 D-4D;2017;Comprobada, funcionando;1 año;En stock;1.333,46 € + IVA;https://desguacesmadridnorte.com/77996-pieza.html
77999;6642XJ83D;Amortiguador delantero;MERCEDES-BENZ;CLA;180 CDI;2014;Comprobada, funcionando;1 año;En stock;118,14 € + IVA;https://desguacesmadridnorte.com/77999-pieza.html
78000;3011SJ68A;Alternador;OPEL;Corsa;1.3 CDTI;2014;Comprobada, funcionando;1 año;Bajo pedido 24-48h;88,51 € + IVA;https://desguacesmadridnorte.com/78000-pieza.html
78001;2329DB67F;Cárter;VOLKSWAGEN;Golf;2.0 TDI;2010;Desmontada de vehículo;1 año;Bajo pedido 24-48h;46,63 € + IVA;https://desguacesmadridnorte.com/78001-pieza.html
78003;7045NT36F;Aleta delantera izquierda;NISSAN;Juke;1.2 DIG-T;2017;Comprobada, funcionando;1 año;En stock;156,33 € + IVA;https://desguacesmadridnorte.com/78003-pieza.html
78006;9818AE16B;Faro delantero izquierdo;RENAULT;Captur;1.5 dCi;2017;Desmontada de vehículo;1 año;Bajo pedido 24-48h;101,16 € + IVA;https://desguacesmadridnorte.com/78006-pieza.html
78009;8103WD63C;Catalizador;BMW;X1;20d;2011;Comprobada, funcionando;1 año;En stock;279,05 € + IVA;https://desguacesmadridnorte.com/78009-pieza.html
78010;3573PT34E;Piloto trasero derecho;SKODA;Octavia;2.0 TDI;2012;Comprobada, funcionando;1 año;En stock;54,17 € + IVA;https://desguacesmadridnorte.com/78010-pieza.html
78012;5388VX81C;Bomba de agua;VOLKSWAGEN;Polo;1.4 TDI;2011;Desmontada de vehículo;1 año;En stock;42,02 € + IVA;https://desguacesmadridnorte.com/78012-pieza.html
78014;9028RG54A;Caja de cambios;SEAT;Ateca;1.5 TSI;2017;Sin comprobar;1 año;En stock;356,56 € + IVA;https://desguacesmadridnorte.com/78014-pieza.html
78017;4925TR10A;Faro delantero izquierdo;SKODA;Fabia;1.4 TDI;2017;Desmontada de vehículo;1 año;Bajo pedido 24-48h;76,64 € + IVA;https://desguacesmadridnorte.com/78017-pieza.html
78019;4880WL57D;Centralita motor;SKODA;Octavia;1.6 TDI;2013;Sin comprobar;1 año;En stock;99,91 € + IVA;https://desguacesmadridnorte.com/78019-pieza.html
78022;2747WV18B;Aleta delantera izquierda;SEAT;Ateca;2.0 TDI;2009;Desmontada de vehículo;1 año;Bajo pedido 24-48h;69,23 € + IVA;https://desguacesmadridnorte.com/78022-pieza.html
78023;1752JY47F;Alternador;PEUGEOT;3008;2.0 HDi;2017;Comprobada, funcionando;1 año;En stock;79,39 € + IVA;https://desguacesmadridnorte.com/78023-pieza.html
78024;8088PA88F;Cremallera de dirección;BMW;Serie 1;116d;2018;Comprobada, funcionando;1 año;En stock;477,75 € + IVA;https://desguacesmadridnorte.com/78024-pieza.html
78025;7300VY48C;Cárter;MERCEDES-BENZ;CLA;200 CDI;2019;Comprobada, funcionando;1 año;En stock;174,95 € + IVA;https://desguacesmadridnorte.com/78025-pieza.html
78028;3474KJ61B;Capó;CITROEN;C3;1.2 PureTech;2017;Comprobada, funcionando;1 año;En stock;211,85 € + IVA;https://desguacesmadridnorte.com/78028-pieza.html
78029;9307GM57A;Amortiguador delantero;CITROEN;C3;1.4 HDi;2014;Desmontada de vehículo;1 año;Bajo pedido 24-48h;22,15 € + IVA;https://desguacesmadridnorte.com/78029-pieza.html
78032;1344DA27D;Cinturón de seguridad;BMW;Serie 1;116d;2019;Comprobada, funcionando;1 año;Bajo pedido 24-48h;108,53 € + IVA;https://desguacesmadridnorte.com/78032-pieza.html
78035;9723TG43C;Cuadro de instrumentos;MERCEDES-BENZ;Clase E Coupé;250 CDI;2015;Desmontada de vehículo;1 año;En stock;351,46 € + IVA;https://desguacesmadridnorte.com/78035-pieza.html
78038;5702VG27B;Catalizador;KIA;Sportage;2.0 CRDi;2009;Comprobada, funcionando;1 año;En stock;442,22 € + IVA;https://desguacesmadridnorte.com/78038-pieza.html
78039;4394CL97D;Módulo electrónico;TOYOTA;Proace City;1.5 D-4D;2011;Desmontada de vehículo;1 año;En stock;167,15 € + IVA;https://desguacesmadridnorte.com/78039-pieza.html
78042;4050YM25B;Caja de cambios;MERCEDES-BENZ;Clase A;200 CDI;2008;Sin comprobar;1 año;Bajo pedido 24-48h;864,14 € + IVA;https://desguacesmadridnorte.com/78042-pieza.html
78043;3371MN39B;Módulo electrónico;TOYOTA;Camry;2.5 Hybrid;2014;Comprobada, funcionando;1 año;Bajo pedido 24-48h;125,76 € + IVA;https://desguacesmadridnorte.com/78043-pieza.html
78044;4498BW10C;Colector de admisión;VOLKSWAGEN;Polo;1.4 TDI;2007;Desmontada de vehículo;1 año;Bajo pedido 24-48h;95,29 € + IVA;https://desguacesmadridnorte.com/78044-pieza.html
78046;5315XH61B;Piloto trasero izquierdo;KIA;Sportage;1.7 CRDi;2010;Comprobada, funcionando;1 año;En stock;30,40 € + IVA;https://desguacesmadridnorte.com/78046-pieza.html
78049;2844AW41D;Piloto trasero izquierdo;TOYOTA;Corolla;1.8 Hybrid;2021;Desmontada de vehículo;1 año;En stock;38,53 € + IVA;https://desguacesmadridnorte.com/78049-pieza.html
78050;1960HC99A;Cárter;AUDI;Q3;2.0 TDI;2019;Comprobada, funcionando;1 año;En stock;107,67 € + IVA;https://desguacesmadridnorte.com/78050-pieza.html
78053;6719JH47A;Radiador;KIA;Ceed;1.4 CRDi;2017;Desmontada de vehículo;1 año;Bajo pedido 24-48h;84,71 € + IVA;https://desguacesmadridnorte.com/78053-pieza.html
78056;3955PV24E;Puerta delantera izquierda;PEUGEOT;308;2.0 HDi;2018;Comprobada, funcionando;1 año;En stock;245,07 € + IVA;https://desguacesmadridnorte.com/78056-pieza.html
78059;6991QK91D;Retrovisor derecho;TOYOTA;Corolla;1.4 D-4D;2005;Comprobada, funcionando;1 año;En stock;23,31 € + IVA;https://desguacesmadridnorte.com/78059-pieza.html
78062;7442AW24C;Cerradura puerta delantera;RENAULT;Clio;1.5 dCi;2006;Comprobada, funcionando;1 año;Bajo pedido 24-48h;21,37 € + IVA;https://desguacesmadridnorte.com/78062-pieza.html
78065;6309AT73D;Intercooler;KIA;Ceed;1.4 CRDi;2005;Desmontada de vehículo;1 año;Bajo pedido 24-48h;108,22 € + IVA;https://desguacesmadridnorte.com/78065-pieza.html
78067;9729AV40C;Elevalunas delantero izquierdo;VOLKSWAGEN;Polo;1.2 TSI;2009;Comprobada, funcionando;1 año;En stock;44,71 € + IVA;https://desguacesmadridnorte.com/78067-pieza.html
78070;4882XP97F;Faro delantero derecho;HYUNDAI;Tucson;1.7 CRDi;2017;Comprobada, funcionando;1 año;En stock;151,09 € + IVA;https://desguacesmadridnorte.com/78070-pieza.html
78073;1452ZE67C;Bomba de agua;CITROEN;C3;1.4 HDi;2008;Comprobada, funcionando;1 año;En stock;33,43 € + IVA;https://desguacesmadridnorte.com/78073-pieza.html
78076;2034FF59D;Paso de rueda trasero izquierdo;BMW;Serie 1;120i;2006;Comprobada, funcionando;1 año;Bajo pedido 24-48h;44,26 € + IVA;https://desguacesmadridnorte.com/78076-pieza.html
78079;2959TF98F;Cremallera de dirección;TOYOTA;Corolla;1.4 D-4D;2009;Comprobada, funcionando;1 año;Bajo pedido 24-48h;230,33 € + IVA;https://desguacesmadridnorte.com/78079-pieza.html
78080;8068XW57F;Puerta delantera izquierda;HYUNDAI;Tucson;1.7 CRDi;2018;Comprobada, funcionando;1 año;Bajo pedido 24-48h;332,81 € + IVA;https://desguacesmadridnorte.com/78080-pieza.html
78083;1726AC72A;Retrovisor izquierdo;FORD;Fiesta;1.5 TDCi;2018;Comprobada, funcionando;1 año;En stock;58,46 € + IVA;https://desguacesmadridnorte.com/78083-pieza.html
78084;4196KC79B;Bomba de dirección;HYUNDAI;i30;1.6 CRDi;2012;Comprobada, funcionando;1 año;En stock;43,52 € + IVA;https://desguacesmadridnorte.com/78084-pieza.html
78085;8571SB29D;Piloto trasero derecho;SEAT;Ibiza;1.9 TDI;2005;Comprobada, funcionando;1 año;En stock;28,31 € + IVA;https://desguacesmadridnorte.com/78085-pieza.html
78088;5467MC15E;Cinturón de seguridad;BMW;Serie 3;320d;2015;Comprobada, funcionando;1 año;Bajo pedido 24-48h;120,43 € + IVA;https://desguacesmadridnorte.com/78088-pieza.html
78090;8902NB28E;Parachoques delantero;OPEL;Corsa;1.3 CDTI;2015;Comprobada, funcionando;1 año;En stock;75,47 € + IVA;https://desguacesmadridnorte.com/78090-pieza.html
78092;4779GD77E;Centralita motor;BMW;Serie 3;320d;2018;Comprobada, funcionando;1 año;En stock;405,79 € + IVA;https://desguacesmadridnorte.com/78092-pieza.html
78093;6548AT98E;Faro delantero izquierdo;HYUNDAI;Tucson;1.7 CRDi;2019;Comprobada, funcionando;1 año;En stock;196,02 € + IVA;https://desguacesmadridnorte.com/78093-pieza.html
78095;2419VR37B;Intercooler;RENAULT;Clio;1.5 dCi;2008;Comprobada, funcionando;1 año;En stock;70,70 € + IVA;https://desguacesmadridnorte.com/78095-pieza.html
78098;6232RE86E;Capó;BMW;Serie 1;118d;2008;Desmontada de vehículo;1 año;En stock;174,37 € + IVA;https://desguacesmadridnorte.com/78098-pieza.html
78100;3836DG77E;Motor de arranque;VOLKSWAGEN;Golf;1.6 TDI;2016;Desmontada de vehículo;1 año;Bajo pedido 24-48h;89,42 € + IVA;https://desguacesmadridnorte.com/78100-pieza.html
78102;7274HD10B;Airbag volante;VOLKSWAGEN;Passat;2.0 TDI;2019;Desmontada de vehículo;1 año;Bajo pedido 24-48h;306,99 € + IVA;https://desguacesmadridnorte.com/78102-pieza.html
78104;6226XF80F;Cremallera de dirección;SKODA;Fabia;1.2 TSI;2005;Comprobada, funcionando;1 año;Bajo pedido 24-48h;133,78 € + IVA;https://desguacesmadridnorte.com/78104-pieza.html
78105;3713NG17D;Portón trasero;TOYOTA;Camry;2.5 Hybrid;2010;Sin comprobar;1 año;En stock;142,25 € + IVA;https://desguacesmadridnorte.com/78105-pieza.html
78108;7245KF11E;Faro delantero derecho;FORD;Fusion;1.4 TDCi;2013;Comprobada, funcionando;1 año;Bajo pedido 24-48h;205,22 € + IVA;https://desguacesmadridnorte.com/78108-pieza.html
78111;5891VD92E;Elevalunas delantero izquierdo;VOLKSWAGEN;Passat;1.6 TDI;2008;Comprobada, funcionando;1 año;Bajo pedido 24-48h;93,85 € + IVA;https://desguacesmadridnorte.com/78111-pieza.html
78113;2061RS17C;Amortiguador delantero;SKODA;Octavia;2.0 TDI;2017;Desmontada de vehículo;1 año;En stock;61,12 € + IVA;https://desguacesmadridnorte.com/78113-pieza.html
78115;8387EN85D;Motor de arranque;OPEL;Astra;1.7 CDTI;2008;Desmontada de vehículo;1 año;En stock;96,98 € + IVA;https://desguacesmadridnorte.com/78115-pieza.html
78116;2500FH60E;Piloto trasero derecho;MERCEDES-BENZ;CLA;200 CDI;2010;Sin comprobar;1 año;En stock;81,04 € + IVA;https://desguacesmadridnorte.com/78116-pieza.html
78117;7963EZ77D;Radiador;FORD;Fiesta;1.0 EcoBoost;2011;Desmontada de vehículo;1 año;En stock;31,83 € + IVA;https://desguacesmadridnorte.com/78117-pieza.html
78118;5217GW64C;Piloto trasero izquierdo;OPEL;Astra;1.7 CDTI;2006;Comprobada, funcionando;1 año;En stock;45,05 € + IVA;https://desguacesmadridnorte.com/78118-pieza.html
78120;7748DN16B;Cárter;SKODA;Fabia;1.4 TDI;2010;Comprobada, funcionando;1 año;En stock;77,05 € + IVA;https://desguacesmadridnorte.com/78120-pieza.html
78122;4671ZX50C;Piloto trasero izquierdo;BMW;Serie 3;320d;2021;Comprobada, funcionando;1 año;Bajo pedido 24-48h;95,19 € + IVA;https://desguacesmadridnorte.com/78122-pieza.html
78125;5606AA94C;Parachoques trasero;FORD;Fiesta;1.5 TDCi;2013;Desmontada de vehículo;1 año;Bajo pedido 24-48h;57,83 € + IVA;https://desguacesmadridnorte.com/78125-pieza.html
78128;6149MR86E;Cinturón de seguridad;HYUNDAI;i30;1.4 CRDi;2013;Comprobada, funcionando;1 año;En stock;55,27 € + IVA;https://desguacesmadridnorte.com/78128-pieza.html
78130;2929QK17D;Cerradura puerta delantera;BMW;X1;20d;2018;Desmontada de vehículo;1 año;En stock;37,06 € + IVA;https://desguacesmadridnorte.com/78130-pieza.html
78132;4497RN65E;Parachoques delantero;SEAT;Ateca;1.5 TSI;2009;Comprobada, funcionando;1 año;En stock;96,05 € + IVA;https://desguacesmadridnorte.com/78132-pieza.html
78135;5064LE77C;Cuadro de instrumentos;PEUGEOT;308;1.6 HDi;2011;Comprobada, funcionando;1 año;Bajo pedido 24-48h;186,10 € + IVA;https://desguacesmadridnorte.com/78135-pieza.html
78137;9817FZ72F;Aleta delantera izquierda;FORD;Fusion;1.4 TDCi;2019;Comprobada, funcionando;1 año;En stock;85,46 € + IVA;https://desguacesmadridnorte.com/78137-pieza.html
78138;7893EQ94C;Módulo electrónico;OPEL;Astra;1.6 CDTI;2005;Comprobada, funcionando;1 año;En stock;51,65 € + IVA;https://desguacesmadridnorte.com/78138-pieza.html
78141;8326FA19F;Retrovisor izquierdo;BMW;Serie 3;320d;2014;Comprobada, funcionando;1 año;Bajo pedido 24-48h;46,42 € + IVA;https://desguacesmadridnorte.com/78141-pieza.html
78144;8340CF97A;Cárter;BMW;X1;20d;2016;Comprobada, funcionando;1 año;En stock;99,53 € + IVA;https://desguacesmadridnorte.com/78144-pieza.html
78147;9818ZM64E;Catalizador;TOYOTA;Proace City;1.5 D-4D;2020;Comprobada, funcionando;1 año;Bajo pedido 24-48h;302,03 € + IVA;https://desguacesmadridnorte.com/78147-pieza.html
78149;6272RJ96F;Centralita motor;SKODA;Fabia;1.2 TSI;2021;Comprobada, funcionando;1 año;En stock;155,42 € + IVA;https://desguacesmadridnorte.com/78149-pieza.html
78151;5693LV96B;Piloto trasero derecho;FORD;Focus;1.6 TDCi;2008;Comprobada, funcionando;1 año;En stock;22,71 € + IVA;https://desguacesmadridnorte.com/78151-pieza.html
78153;8554CB78F;Retrovisor izquierdo;BMW;Serie 3;318d;2005;Comprobada, funcionando;1 año;En stock;145,94 € + IVA;https://desguacesmadridnorte.com/78153-pieza.html
78156;1910RZ20D;Compresor aire acondicionado;CITROEN;C3;1.2 PureTech;2013;Comprobada, funcionando;1 año;En stock;111,79 € + IVA;https://desguacesmadridnorte.com/78156-pieza.html
78157;5761JX76E;Elevalunas delantero izquierdo;AUDI;Q3;2.0 TDI;2005;Comprobada, funcionando;1 año;En stock;74,87 € + IVA;https://desguacesmadridnorte.com/78157-pieza.html
78158;4048NC40A;Caja de cambios;NISSAN;Juke;1.2 DIG-T;2008;Desmontada de vehículo;1 año;Bajo pedido 24-48h;118,91 € + IVA;https://desguacesmadridnorte.com/78158-pieza.html
78161;8467FV10F;Centralita motor;OPEL;Corsa;1.3 CDTI;2011;Desmontada de vehículo;1 año;En stock;82,70 € + IVA;https://desguacesmadridnorte.com/78161-pieza.html
78163;6371ML85D;Faro delantero izquierdo;AUDI;A4;2.0 TFSI;2013;Comprobada, funcionando;1 año;En stock;241,49 € + IVA;https://desguacesmadridnorte.com/78163-pieza.html
78166;6348RH68E;Elevalunas delantero izquierdo;AUDI;A3;1.6 TDI;2011;Comprobada, funcionando;1 año;En stock;49,06 € + IVA;https://desguacesmadridnorte.com/78166-pieza.html
78167;3118BV36B;Turbo;KIA;Sportage;2.0 CRDi;2012;Comprobada, funcionando;1 año;Bajo pedido 24-48h;373,93 € + IVA;https://desguacesmadridnorte.com/78167-pieza.html
78168;3905DW54C;Centralita motor;KIA;Sportage;2.0 CRDi;2020;Comprobada, funcionando;1 año;En stock;539,63 € + IVA;https://desguacesmadridnorte.com/78168-pieza.html
78170;5212HA84B;Radiador;RENAULT;Megane;1.5 dCi;2018;Desmontada de vehículo;1 año;Bajo pedido 24-48h;133,25 € + IVA;https://desguacesmadridnorte.com/78170-pieza.html
78172;4538WN50C;Piloto trasero izquierdo;HYUNDAI;i30;1.4 CRDi;2012;Comprobada, funcionando;1 año;En stock;63,05 € + IVA;https://desguacesmadridnorte.com/78172-pieza.html
78174;7523GW13B;Catalizador;SEAT;Ibiza;1.2 TSI;2007;Desmontada de vehículo;1 año;En stock;266,66 € + IVA;https://desguacesmadridnorte.com/78174-pieza.html
78176;9769AX26B;Módulo electrónico;CITROEN;C4;1.6 HDi;2020;Comprobada, funcionando;1 año;En stock;218,34 € + IVA;https://desguacesmadridnorte.com/78176-pieza.html
78177;1956BD40D;Intercooler;FORD;Fiesta;1.5 TDCi;2012;Comprobada, funcionando;1 año;En stock;102,83 € + IVA;https://desguacesmadridnorte.com/78177-pieza.html
78178;6833XT93D;Retrovisor derecho;BMW;X1;20d;2005;Comprobada, funcionando;1 año;En stock;120,71 € + IVA;https://desguacesmadridnorte.com/78178-pieza.html
78181;2333JH30B;Faro delantero derecho;SKODA;Octavia;2.0 TDI;2020;Sin comprobar;1 año;Bajo pedido 24-48h;82,66 € + IVA;https://desguacesmadridnorte.com/78181-pieza.html
78184;7732BH84D;Intercooler;MERCEDES-BENZ;CLA;180 CDI;2020;Desmontada de vehículo;1 año;En stock;199,69 € + IVA;https://desguacesmadridnorte.com/78184-pieza.html
78187;7027ZN79E;Puerta delantera derecha;PEUGEOT;308;2.0 HDi;2016;Desmontada de vehículo;1 año;En stock;295,55 € + IVA;https://desguacesmadridnorte.com/78187-pieza.html
78190;1437GM90F;Colector de admisión;FORD;Fiesta;1.0 EcoBoost;2008;Desmontada de vehículo;1 año;En stock;112,65 € + IVA;https://desguacesmadridnorte.com/78190-pieza.html
78193;9157ZC66B;Bomba de agua;NISSAN;Juke;1.5 dCi;2006;Comprobada, funcionando;1 año;Bajo pedido 24-48h;32,22 € + IVA;https://desguacesmadridnorte.com/78193-pieza.html
78195;9475NL78E;Alternador;VOLKSWAGEN;Polo;1.2 TSI;2013;Comprobada, funcionando;1 año;Bajo pedido 24-48h;117,76 € + IVA;https://desguacesmadridnorte.com/78195-pieza.html
78196;3596RX63A;Motor de arranque;FORD;Fiesta;1.5 TDCi;2009;Comprobada, funcionando;1 año;En stock;97,50 € + IVA;https://desguacesmadridnorte.com/78196-pieza.html
78198;9930YL98D;Portón trasero;FORD;Focus;2.0 TDCi;2020;Comprobada, funcionando;1 año;En stock;247,52 € + IVA;https://desguacesmadridnorte.com/78198-pieza.html
78199;7888DR63C;Compresor aire acondicionado;HYUNDAI;i30;1.6 CRDi;2019;Comprobada, funcionando;1 año;Bajo pedido 24-48h;178,75 € + IVA;https://desguacesmadridnorte.com/78199-pieza.html
78200;9035KT53C;Parachoques trasero;FORD;Focus;1.6 TDCi;2012;Comprobada, funcionando;1 año;En stock;88,31 € + IVA;https://desguacesmadridnorte.com/78200-pieza.html
78201;8225VP94E;Bomba de agua;SKODA;Octavia;1.6 TDI;2017;Comprobada, funcionando;1 año;Bajo pedido 24-48h;62,65 € + IVA;https://desguacesmadridnorte.com/78201-pieza.html
78203;6018FX84B;Parachoques delantero;HYUNDAI;i30;1.4 CRDi;2019;Comprobada, funcionando;1 año;En stock;178,86 € + IVA;https://desguacesmadridnorte.com/78203-pieza.html
78205;4272CG51D;Caja de cambios;KIA;Sportage;1.7 CRDi;2019;Comprobada, funcionando;1 año;En stock;683,00 € + IVA;https://desguacesmadridnorte.com/78205-pieza.html
78207;4895TZ23B;Paso de rueda trasero izquierdo;PEUGEOT;3008;1.6 HDi;2005;Comprobada, funcionando;1 año;En stock;24,34 € + IVA;https://desguacesmadridnorte.com/78207-pieza.html
78208;9918XH88D;Colector de admisión;MERCEDES-BENZ;Clase A;200 CDI;2020;Comprobada, funcionando;1 año;En stock;255,53 € + IVA;https://desguacesmadridnorte.com/78208-pieza.html
78209;1721YH98D;Parachoques trasero;TOYOTA;Camry;2.5 Hybrid;2012;Comprobada, funcionando;1 año;En stock;224,50 € + IVA;https://desguacesmadridnorte.com/78209-pieza.html
78210;3076MJ94B;Módulo electrónico;AUDI;Q3;1.4 TFSI;2007;Comprobada, funcionando;1 año;Bajo pedido 24-48h;172,86 € + IVA;https://desguacesmadridnorte.com/78210-pieza.html
78212;9751VD64C;Parachoques trasero;AUDI;A3;1.4 TFSI;2012;Desmontada de vehículo;1 año;En stock;288,77 € + IVA;https://desguacesmadridnorte.com/78212-pieza.html
78213;5862SP94A;Radiador;BMW;X1;20d;2021;Comprobada, funcionando;1 año;En stock;163,43 € + IVA;https://desguacesmadridnorte.com/78213-pieza.html
78216;2319BJ81B;Puerta trasera izquierda;FORD;Fusion;1.4 TDCi;2006;Comprobada, funcionando;1 año;En stock;128,12 € + IVA;https://desguacesmadridnorte.com/78216-pieza.html
78219;6547NY13D;Airbag volante;AUDI;Q3;2.0 TDI;2011;Comprobada, funcionando;1 año;En stock;327,04 € + IVA;https://desguacesmadridnorte.com/78219-pieza.html
78221;7261AB78C;Cremallera de dirección;PEUGEOT;208;1.6 HDi;2018;Sin comprobar;1 año;Bajo pedido 24-48h;170,93 € + IVA;https://desguacesmadridnorte.com/78221-pieza.html
78224;2651KA35B;Intercooler;HYUNDAI;i30;1.4 CRDi;2012;Comprobada, funcionando;1 año;Bajo pedido 24-48h;54,79 € + IVA;https://desguacesmadridnorte.com/78224-pieza.html
78226;1489JQ71F;Colector de admisión;TOYOTA;Proace City;1.5 D-4D;2021;Desmontada de vehículo;1 año;Bajo pedido 24-48h;108,67 € + IVA;https://desguacesmadridnorte.com/78226-pieza.html
78228;5741WK23C;Faro delantero derecho;AUDI;A3;1.6 TDI;2012;Comprobada, funcionando;1 año;En stock;131,77 € + IVA;https://desguacesmadridnorte.com/78228-pieza.html
78231;2946YC12E;Intercooler;AUDI;A4;2.0 TDI;2014;Comprobada, funcionando;1 año;Bajo pedido 24-48h;106,07 € + IVA;https://desguacesmadridnorte.com/78231-pieza.html
78233;4221SL99C;Cinturón de seguridad;CITROEN;C4;1.6 VTi;2007;Comprobada, funcionando;1 año;Bajo pedido 24-48h;24,51 € + IVA;https://desguacesmadridnorte.com/78233-pieza.html
78234;7474YY64F;Alternador;HYUNDAI;i30;1.4 CRDi;2007;Sin comprobar;1 año;En stock;55,41 € + IVA;https://desguacesmadridnorte.com/78234-pieza.html
78236;4583ZN43C;Retrovisor derecho;BMW;X1;18d;2013;Comprobada, funcionando;1 año;Bajo pedido 24-48h;152,91 € + IVA;https://desguacesmadridnorte.com/78236-pieza.html
78239;2855XA88A;Paso de rueda trasero izquierdo;SKODA;Fabia;1.4 TDI;2005;Comprobada, funcionando;1 año;Bajo pedido 24-48h;30,79 € + IVA;https://desguacesmadridnorte.com/78239-pieza.html
78242;6168WQ18B;Puerta delantera izquierda;TOYOTA;Camry;2.5 Hybrid;2012;Desmontada de vehículo;1 año;En stock;357,86 € + IVA;https://desguacesmadridnorte.com/78242-pieza.html
78244;5433QB55D;Paso de rueda trasero izquierdo;KIA;Sportage;2.0 CRDi;2012;Desmontada de vehículo;1 año;Bajo pedido 24-48h;36,67 € + IVA;https://desguacesmadridnorte.com/78244-pieza.html
78247;1569ML64A;Bomba de dirección;BMW;Serie 3;318d;2017;Comprobada, funcionando;1 año;Bajo pedido 24-48h;86,64 € + IVA;https://desguacesmadridnorte.com/78247-pieza.html
78249;6127BZ69B;Caja de cambios;SKODA;Fabia;1.2 TSI;2005;Desmontada de vehículo;1 año;Bajo pedido 24-48h;179,51 € + IVA;https://desguacesmadridnorte.com/78249-pieza.html
78251;9354JJ65E;Paso de rueda trasero izquierdo;HYUNDAI;i30;1.6 CRDi;2017;Desmontada de vehículo;1 año;Bajo pedido 24-48h;40,23 € + IVA;https://desguacesmadridnorte.com/78251-pieza.html
78252;4478QA59D;Bomba de agua;FORD;Focus;2.0 TDCi;2011;Desmontada de vehículo;1 año;En stock;35,93 € + IVA;https://desguacesmadridnorte.com/78252-pieza.html
78253;7643KN65D;Capó;VOLKSWAGEN;Passat;1.6 TDI;2017;Comprobada, funcionando;1 año;En stock;295,89 € + IVA;https://desguacesmadridnorte.com/78253-pieza.html
78255;7780EK57D;Centralita motor;VOLKSWAGEN;Golf;2.0 TDI;2011;Comprobada, funcionando;1 año;En stock;184,66 € + IVA;https://desguacesmadridnorte.com/78255-pieza.html
78258;8147EY12B;Piloto trasero izquierdo;FORD;Fusion;1.4 TDCi;2018;Comprobada, funcionando;1 año;En stock;31,66 € + IVA;https://desguacesmadridnorte.com/78258-pieza.html
78261;2172VW30C;Cremallera de dirección;OPEL;Corsa;1.2 16v;2019;Comprobada, funcionando;1 año;En stock;281,66 € + IVA;https://desguacesmadridnorte.com/78261-pieza.html
78264;5535VC34C;Faro delantero derecho;CITROEN;C3;1.4 HDi;2021;Comprobada, funcionando;1 año;En stock;89,02 € + IVA;https://desguacesmadridnorte.com/78264-pieza.html
78267;7427FD48A;Alternador;SEAT;León;2.0 TDI;2021;Comprobada, funcionando;1 año;En stock;94,65 € + IVA;https://desguacesmadridnorte.com/78267-pieza.html
78270;1038DE10C;Retrovisor izquierdo;HYUNDAI;Tucson;2.0 CRDi;2013;Comprobada, funcionando;1 año;En stock;68,40 € + IVA;https://desguacesmadridnorte.com/78270-pieza.html
78273;1707EK16F;Centralita motor;NISSAN;Qashqai;1.5 dCi;2021;Comprobada, funcionando;1 año;Bajo pedido 24-48h;317,06 € + IVA;https://desguacesmadridnorte.com/78273-pieza.html
78274;9319GH48C;Radiador;OPEL;Corsa;1.3 CDTI;2020;Desmontada de vehículo;1 año;En stock;91,19 € + IVA;https://desguacesmadridnorte.com/78274-pieza.html
78276;7701MT21C;Intercooler;PEUGEOT;308;2.0 HDi;2008;Comprobada, funcionando;1 año;Bajo pedido 24-48h;46,26 € + IVA;https://desguacesmadridnorte.com/78276-pieza.html
78277;5565QA58A;Portón trasero;KIA;Ceed;1.4 CRDi;2020;Desmontada de vehículo;1 año;En stock;394,73 € + IVA;https://desguacesmadridnorte.com/78277-pieza.html
78279;1321BN47F;Radiador;BMW;Serie 1;120i;2015;Comprobada, funcionando;1 año;Bajo pedido 24-48h;89,10 € + IVA;https://desguacesmadridnorte.com/78279-pieza.html
78282;7985MB86D;Faro delantero derecho;TOYOTA;Corolla;1.4 D-4D;2009;Desmontada de vehículo;1 año;Bajo pedido 24-48h;150,67 € + IVA;https://desguacesmadridnorte.com/78282-pieza.html
78285;6216JY40B;Faro delantero izquierdo;PEUGEOT;208;1.6 HDi;2011;Desmontada de vehículo;1 año;Bajo pedido 24-48h;94,87 € + IVA;https://desguacesmadridnorte.com/78285-pieza.html
78286;3874ZF70A;Caja de cambios;KIA;Ceed;1.6 CRDi;2011;Comprobada, funcionando;1 año;Bajo pedido 24-48h;288,99 € + IVA;https://desguacesmadridnorte.com/78286-pieza.html
78287;8678PP33B;Piloto trasero izquierdo;VOLKSWAGEN;Golf;2.0 TDI;2014;Comprobada, funcionando;1 año;En stock;86,46 € + IVA;https://desguacesmadridnorte.com/78287-pieza.html
78288;9033PJ12A;Cuadro de instrumentos;CITROEN;C3;1.4 HDi;2011;Desmontada de vehículo;1 año;En stock;186,51 € + IVA;https://desguacesmadridnorte.com/78288-pieza.html
78291;4420HP28D;Retrovisor izquierdo;NISSAN;Qashqai;1.6 dCi;2013;Comprobada, funcionando;1 año;En stock;79,34 € + IVA;https://desguacesmadridnorte.com/78291-pieza.html
78293;2512GB97B;Cremallera de dirección;BMW;Serie 3;318d;2013;Desmontada de vehículo;1 año;En stock;480,53 € + IVA;https://desguacesmadridnorte.com/78293-pieza.html
78294;1157JK42B;Aleta delantera izquierda;OPEL;Astra;1.7 CDTI;2013;Comprobada, funcionando;1 año;En stock;159,95 € + IVA;https://desguacesmadridnorte.com/78294-pieza.html
78297;1535KV39E;Cuadro de instrumentos;MERCEDES-BENZ;Clase A;200 CDI;2018;Comprobada, funcionando;1 año;Bajo pedido 24-48h;280,18 € + IVA;https://desguacesmadridnorte.com/78297-pieza.html
78299;4872EW86F;Alternador;KIA;Ceed;1.6 CRDi;2016;Desmontada de vehículo;1 año;En stock;91,54 € + IVA;https://desguacesmadridnorte.com/78299-pieza.html
78301;4261MP60D;Portón trasero;OPEL;Corsa;1.2 16v;2017;Comprobada, funcionando;1 año;En stock;317,45 € + IVA;https://desguacesmadridnorte.com/78301-pieza.html
78303;5664AL60A;Radiador;TOYOTA;Corolla;1.4 D-4D;2011;Comprobada, funcionando;1 año;En stock;150,20 € + IVA;https://desguacesmadridnorte.com/78303-pieza.html
78305;2443MN97E;Alternador;KIA;Ceed;1.4 CRDi;2008;Comprobada, funcionando;1 año;En stock;79,66 € + IVA;https://desguacesmadridnorte.com/78305-pieza.html
78308;5066AE24D;Faro delantero izquierdo;MERCEDES-BENZ;CLA;200 CDI;2019;Comprobada, funcionando;1 año;En stock;354,39 € + IVA;https://desguacesmadridnorte.com/78308-pieza.html
78311;3301JE33A;Airbag volante;TOYOTA;Corolla;1.4 D-4D;2020;Comprobada, funcionando;1 año;En stock;129,91 € + IVA;https://desguacesmadridnorte.com/78311-pieza.html
78313;2156DV61B;Compresor aire acondicionado;MERCEDES-BENZ;Clase A;200 CDI;2008;Sin comprobar;1 año;En stock;208,67 € + IVA;https://desguacesmadridnorte.com/78313-pieza.html
78314;2270VA27E;Parachoques delantero;BMW;Serie 3;320d;2021;Desmontada de vehículo;1 año;Bajo pedido 24-48h;383,92 € + IVA;https://desguacesmadridnorte.com/78314-pieza.html
78317;6370QC78F;Cerradura puerta delantera;NISSAN;Juke;1.5 dCi;2009;Desmontada de vehículo;1 año;En stock;40,91 € + IVA;https://desguacesmadridnorte.com/78317-pieza.html
78319;3213RM83D;Cinturón de seguridad;TOYOTA;Corolla;1.4 D-4D;2011;Desmontada de vehículo;1 año;En stock;56,57 € + IVA;https://desguacesmadridnorte.com/78319-pieza.html
78320;1671WW41F;Retrovisor izquierdo;RENAULT;Clio;1.2 16v;2018;Desmontada de vehículo;1 año;En stock;100,66 € + IVA;https://desguacesmadridnorte.com/78320-pieza.html
78321;5475RV42D;Alternador;SKODA;Octavia;2.0 TDI;2017;Comprobada, funcionando;1 año;En stock;168,50 € + IVA;https://desguacesmadridnorte.com/78321-pieza.html
78323;5194QX78E;Faro delantero derecho;AUDI;A4;3.0 TDI;2018;Desmontada de vehículo;1 año;Bajo pedido 24-48h;342,59 € + IVA;https://desguacesmadridnorte.com/78323-pieza.html
78326;1876BB38A;Puerta delantera derecha;NISSAN;Juke;1.2 DIG-T;2005;Comprobada, funcionando;1 año;En stock;174,16 € + IVA;https://desguacesmadridnorte.com/78326-pieza.html
78328;4980HF91A;Airbag volante;FORD;Fiesta;1.0 EcoBoost;2005;Comprobada, funcionando;1 año;Bajo pedido 24-48h;53,95 € + IVA;https://desguacesmadridnorte.com/78328-pieza.html
78330;7547HK73C;Faro delantero izquierdo;PEUGEOT;308;2.0 HDi;2005;Desmontada de vehículo;1 año;En stock;129,41 € + IVA;https://desguacesmadridnorte.com/78330-pieza.html
78332;1995RS30C;Turbo;VOLKSWAGEN;Polo;1.2 TSI;2009;Desmontada de vehículo;1 año;En stock;350,79 € + IVA;https://desguacesmadridnorte.com/78332-pieza.html
78334;8107XX15B;Puerta delantera izquierda;KIA;Sportage;2.0 CRDi;2020;Desmontada de vehículo;1 año;Bajo pedido 24-48h;194,63 € + IVA;https://desguacesmadridnorte.com/78334-pieza.html
78337;6377GJ60F;Colector de admisión;PEUGEOT;208;1.6 HDi;2013;Desmontada de vehículo;1 año;Bajo pedido 24-48h;85,80 € + IVA;https://desguacesmadridnorte.com/78337-pieza.html
78338;5636XC88E;Cremallera de dirección;HYUNDAI;Tucson;2.0 CRDi;2005;Comprobada, funcionando;1 año;Bajo pedido 24-48h;134,39 € + IVA;https://desguacesmadridnorte.com/78338-pieza.html
78340;5577JE21E;Puerta trasera izquierda;SKODA;Octavia;1.6 TDI;2006;Comprobada, funcionando;1 año;En stock;77,44 € + IVA;https://desguacesmadridnorte.com/78340-pieza.html
78342;4307XV79F;Parachoques trasero;FORD;Fusion;1.4 TDCi;2005;Desmontada de vehículo;1 año;En stock;58,23 € + IVA;https://desguacesmadridnorte.com/78342-pieza.html
78344;6921FY36C;Motor completo;AUDI;A3;1.4 TFSI;2010;Desmontada de vehículo;1 año;En stock;846,05 € + IVA;https://desguacesmadridnorte.com/78344-pieza.html
78346;6254VH45B;Módulo electrónico;SKODA;Octavia;1.6 TDI;2015;Comprobada, funcionando;1 año;Bajo pedido 24-48h;63,85 € + IVA;https://desguacesmadridnorte.com/78346-pieza.html
78349;7404RA88D;Bomba de dirección;KIA;Sportage;1.7 CRDi;2009;Comprobada, funcionando;1 año;En stock;131,29 € + IVA;https://desguacesmadridnorte.com/78349-pieza.html
78352;3434DX29D;Catalizador;FORD;Focus;1.6 TDCi;2021;Comprobada, funcionando;1 año;En stock;147,00 € + IVA;https://desguacesmadridnorte.com/78352-pieza.html
78355;4337FE26A;Cinturón de seguridad;FORD;Fiesta;1.0 EcoBoost;2009;Comprobada, funcionando;1 año;Bajo pedido 24-48h;43,07 € + IVA;https://desguacesmadridnorte.com/78355-pieza.html
78356;5238DM67B;Parachoques delantero;NISSAN;Juke;1.2 DIG-T;2006;Sin comprobar;1 año;En stock;155,39 € + IVA;https://desguacesmadridnorte.com/78356-pieza.html
78357;6858ET93D;Retrovisor derecho;AUDI;A3;2.0 TDI;2013;Comprobada, funcionando;1 año;En stock;100,30 € + IVA;https://desguacesmadridnorte.com/78357-pieza.html
78359;3693RS82A;Turbo;HYUNDAI;Tucson;2.0 CRDi;2010;Desmontada de vehículo;1 año;En stock;428,66 € + IVA;https://desguacesmadridnorte.com/78359-pieza.html
78361;6323NM45B;Retrovisor izquierdo;TOYOTA;Proace City;1.5 D-4D;2012;Comprobada, funcionando;1 año;En stock;110,28 € + IVA;https://desguacesmadridnorte.com/78361-pieza.html
78362;1160QA15A;Catalizador;RENAULT;Megane;1.5 dCi;2013;Comprobada, funcionando;1 año;Bajo pedido 24-48h;181,85 € + IVA;https://desguacesmadridnorte.com/78362-pieza.html
78364;6965VA19A;Alternador;MERCEDES-BENZ;Clase A;180 CDI;2016;Comprobada, funcionando;1 año;En stock;127,08 € + IVA;https://desguacesmadridnorte.com/78364-pieza.html
78366;3136QS42C;Cinturón de seguridad;OPEL;Astra;1.7 CDTI;2008;Comprobada, funcionando;1 año;Bajo pedido 24-48h;41,74 € + IVA;https://desguacesmadridnorte.com/78366-pieza.html
78368;2617ZE29E;Elevalunas delantero izquierdo;KIA;Ceed;1.4 CRDi;2019;Comprobada, funcionando;1 año;En stock;106,69 € + IVA;https://desguacesmadridnorte.com/78368-pieza.html
78370;1034ZT35F;Piloto trasero derecho;FORD;Focus;1.6 TDCi;2011;Desmontada de vehículo;1 año;Bajo pedido 24-48h;58,10 € + IVA;https://desguacesmadridnorte.com/78370-pieza.html
78371;5885ZZ15F;Cuadro de instrumentos;OPEL;Corsa;1.2 16v;2008;Comprobada, funcionando;1 año;Bajo pedido 24-48h;133,16 € + IVA;https://desguacesmadridnorte.com/78371-pieza.html
78373;1387NX47C;Portón trasero;TOYOTA;Camry;2.5 Hybrid;2008;Comprobada, funcionando;1 año;En stock;281,32 € + IVA;https://desguacesmadridnorte.com/78373-pieza.html
78375;7679YV72A;Puerta trasera izquierda;NISSAN;Juke;1.5 dCi;2014;Comprobada, funcionando;1 año;En stock;258,83 € + IVA;https://desguacesmadridnorte.com/78375-pieza.html
78378;3687NR83C;Parachoques delantero;CITROEN;C3;1.2 PureTech;2011;Desmontada de vehículo;1 año;Bajo pedido 24-48h;95,40 € + IVA;https://desguacesmadridnorte.com/78378-pieza.html
78379;7306AJ55C;Compresor aire acondicionado;NISSAN;Qashqai;1.6 dCi;2019;Desmontada de vehículo;1 año;Bajo pedido 24-48h;208,61 € + IVA;https://desguacesmadridnorte.com/78379-pieza.html
78381;4425TG68F;Bomba de agua;MERCEDES-BENZ;Clase E Coupé;220 CDI;2011;Comprobada, funcionando;1 año;En stock;33,96 € + IVA;https://desguacesmadridnorte.com/78381-pieza.html
78384;2125NG27F;Piloto trasero derecho;RENAULT;Megane;1.5 dCi;2005;Comprobada, funcionando;1 año;En stock;34,42 € + IVA;https://desguacesmadridnorte.com/78384-pieza.html
78385;1094QX97C;Catalizador;SKODA;Fabia;1.2 TSI;2011;Comprobada, funcionando;1 año;En stock;287,66 € + IVA;https://desguacesmadridnorte.com/78385-pieza.html
78388;4150ZA27A;Colector de admisión;RENAULT;Megane;1.5 dCi;2016;Sin comprobar;1 año;Bajo pedido 24-48h;45,09 € + IVA;https://desguacesmadridnorte.com/78388-pieza.html
78389;7423AA24F;Faro delantero izquierdo;AUDI;A4;2.0 TDI;2018;Desmontada de vehículo;1 año;En stock;234,40 € + IVA;https://desguacesmadridnorte.com/78389-pieza.html
78390;7063YY39E;Amortiguador delantero;SEAT;Ateca;1.5 TSI;2010;Comprobada, funcionando;1 año;En stock;37,08 € + IVA;https://desguacesmadridnorte.com/78390-pieza.html
78392;9819XJ44A;Catalizador;BMW;X1;18d;2005;Comprobada, funcionando;1 año;En stock;217,91 € + IVA;https://desguacesmadridnorte.com/78392-pieza.html
78393;8187JF95E;Intercooler;SKODA;Fabia;1.2 TSI;2015;Desmontada de vehículo;1 año;En stock;58,80 € + IVA;https://desguacesmadridnorte.com/78393-pieza.html
78395;4780PL84D;Motor de arranque;MERCEDES-BENZ;Clase A;180 CDI;2011;Comprobada, funcionando;1 año;Bajo pedido 24-48h;78,53 € + IVA;https://desguacesmadridnorte.com/78395-pieza.html
78397;5307ZF34E;Turbo;SKODA;Octavia;2.0 TDI;2015;Desmontada de vehículo;1 año;En stock;336,54 € + IVA;https://desguacesmadridnorte.com/78397-pieza.html
78400;4470XT78C;Bomba de dirección;VOLKSWAGEN;Golf;1.6 TDI;2014;Sin comprobar;1 año;Bajo pedido 24-48h;144,03 € + IVA;https://desguacesmadridnorte.com/78400-pieza.html
78401;6349LP30E;Paso de rueda trasero izquierdo;HYUNDAI;Tucson;2.0 CRDi;2006;Desmontada de vehículo;1 año;En stock;30,35 € + IVA;https://desguacesmadridnorte.com/78401-pieza.html
78403;6647RY90C;Módulo electrónico;OPEL;Astra;1.6 CDTI;2009;Comprobada, funcionando;1 año;Bajo pedido 24-48h;146,49 € + IVA;https://desguacesmadridnorte.com/78403-pieza.html
78405;6444MH74F;Turbo;HYUNDAI;Tucson;2.0 CRDi;2007;Comprobada, funcionando;1 año;En stock;524,95 € + IVA;https://desguacesmadridnorte.com/78405-pieza.html
78408;2503AS84F;Elevalunas delantero izquierdo;RENAULT;Clio;1.5 dCi;2012;Comprobada, funcionando;1 año;Bajo pedido 24-48h;57,84 € + IVA;https://desguacesmadridnorte.com/78408-pieza.html
78411;6494MJ62E;Puerta delantera izquierda;CITROEN;C3;1.4 HDi;2020;Comprobada, funcionando;1 año;En stock;304,18 € + IVA;https://desguacesmadridnorte.com/78411-pieza.html
78413;9509LH82E;Radiador;OPEL;Astra;1.7 CDTI;2008;Desmontada de vehículo;1 año;En stock;78,88 € + IVA;https://desguacesmadridnorte.com/78413-pieza.html
78416;6503MB76B;Parachoques trasero;VOLKSWAGEN;Polo;1.4 TDI;2020;Desmontada de vehículo;1 año;En stock;122,79 € + IVA;https://desguacesmadridnorte.com/78416-pieza.html
78419;3804JH54D;Cuadro de instrumentos;SEAT;León;2.0 TDI;2019;Comprobada, funcionando;1 año;En stock;206,18 € + IVA;https://desguacesmadridnorte.com/78419-pieza.html
78420;7754SV42B;Faro delantero izquierdo;RENAULT;Captur;0.9 TCe;2006;Desmontada de vehículo;1 año;En stock;66,96 € + IVA;https://desguacesmadridnorte.com/78420-pieza.html
78422;2355DJ59F;Elevalunas delantero izquierdo;VOLKSWAGEN;Passat;2.0 TDI;2005;Comprobada, funcionando;1 año;En stock;80,97 € + IVA;https://desguacesmadridnorte.com/78422-pieza.html
78423;4395XE35B;Retrovisor derecho;CITROEN;C3;1.4 HDi;2009;Comprobada, funcionando;1 año;Bajo pedido 24-48h;68,22 € + IVA;https://desguacesmadridnorte.com/78423-pieza.html
78426;9038NG30E;Centralita motor;MERCEDES-BENZ;CLA;180 CDI;2020;Comprobada, funcionando;1 año;En stock;185,66 € + IVA;https://desguacesmadridnorte.com/78426-pieza.html
78429;2302FQ31A;Paso de rueda trasero izquierdo;AUDI;Q3;2.0 TDI;2007;Sin comprobar;1 año;Bajo pedido 24-48h;27,09 € + IVA;https://desguacesmadridnorte.com/78429-pieza.html
78430;9385TY48F;Cinturón de seguridad;CITROEN;C3;1.4 HDi;2019;Comprobada, funcionando;1 año;Bajo pedido 24-48h;67,20 € + IVA;https://desguacesmadridnorte.com/78430-pieza.html
78431;3732ED71A;Intercooler;KIA;Ceed;1.6 CRDi;2020;Comprobada, funcionando;1 año;En stock;218,75 € + IVA;https://desguacesmadridnorte.com/78431-pieza.html
78433;4363SR60C;Cárter;VOLKSWAGEN;Passat;1.6 TDI;2006;Sin comprobar;1 año;En stock;60,89 € + IVA;https://desguacesmadridnorte.com/78433-pieza.html
78436;7965WM67C;Motor de arranque;BMW;Serie 1;120i;2019;Sin comprobar;1 año;En stock;180,99 € + IVA;https://desguacesmadridnorte.com/78436-pieza.html
78438;5593KS67D;Catalizador;TOYOTA;Camry;2.5 Hybrid;2006;Desmontada de vehículo;1 año;En stock;340,60 € + IVA;https://desguacesmadridnorte.com/78438-pieza.html
78441;4259XY29D;Cárter;NISSAN;Qashqai;1.5 dCi;2009;Sin comprobar;1 año;Bajo pedido 24-48h;41,80 € + IVA;https://desguacesmadridnorte.com/78441-pieza.html
78443;4134JF96D;Motor completo;VOLKSWAGEN;Golf;1.4 TSI;2008;Comprobada, funcionando;1 año;En stock;920,10 € + IVA;https://desguacesmadridnorte.com/78443-pieza.html
78444;1749GT52A;Piloto trasero derecho;FORD;Fusion;1.4 TDCi;2020;Comprobada, funcionando;1 año;Bajo pedido 24-48h;88,00 € + IVA;https://desguacesmadridnorte.com/78444-pieza.html
78447;8083EW62D;Puerta delantera derecha;RENAULT;Captur;0.9 TCe;2018;Sin comprobar;1 año;En stock;257,38 € + IVA;https://desguacesmadridnorte.com/78447-pieza.html
78450;4174FB73E;Puerta trasera izquierda;MERCEDES-BENZ;CLA;180 CDI;2010;Comprobada, funcionando;1 año;En stock;268,64 € + IVA;https://desguacesmadridnorte.com/78450-pieza.html
78453;9837HK92E;Motor de arranque;HYUNDAI;Tucson;1.7 CRDi;2006;Comprobada, funcionando;1 año;En stock;64,04 € + IVA;https://desguacesmadridnorte.com/78453-pieza.html
78454;5842MW30C;Bomba de dirección;RENAULT;Captur;1.5 dCi;2012;Desmontada de vehículo;1 año;Bajo pedido 24-48h;38,98 € + IVA;https://desguacesmadridnorte.com/78454-pieza.html
78455;6998TY86D;Cinturón de seguridad;MERCEDES-BENZ;Clase E Coupé;250 CDI;2018;Desmontada de vehículo;1 año;Bajo pedido 24-48h;71,60 € + IVA;https://desguacesmadridnorte.com/78455-pieza.html
78456;7040XQ97B;Compresor aire acondicionado;SEAT;Ateca;1.5 TSI;2011;Desmontada de vehículo;1 año;En stock;86,14 € + IVA;https://desguacesmadridnorte.com/78456-pieza.html
78457;8011AT21A;Capó;NISSAN;Qashqai;1.5 dCi;2006;Comprobada, funcionando;1 año;Bajo pedido 24-48h;182,96 € + IVA;https://desguacesmadridnorte.com/78457-pieza.html
78460;8391KB46D;Paso de rueda trasero izquierdo;VOLKSWAGEN;Golf;2.0 TDI;2009;Desmontada de vehículo;1 año;En stock;53,55 € + IVA;https://desguacesmadridnorte.com/78460-pieza.html
78462;5544DJ13B;Catalizador;OPEL;Astra;1.7 CDTI;2007;Comprobada, funcionando;1 año;En stock;241,93 € + IVA;https://desguacesmadridnorte.com/78462-pieza.html
78465;2345RX21A;Puerta delantera derecha;HYUNDAI;i30;1.4 CRDi;2008;Comprobada, funcionando;1 año;En stock;158,68 € + IVA;https://desguacesmadridnorte.com/78465-pieza.html
78468;6726KP94B;Cuadro de instrumentos;RENAULT;Megane;1.6 dCi;2007;Comprobada, funcionando;1 año;Bajo pedido 24-48h;133,13 € + IVA;https://desguacesmadridnorte.com/78468-pieza.html
78469;2288SZ20F;Cerradura puerta delantera;CITROEN;C3;1.4 HDi;2015;Comprobada, funcionando;1 año;Bajo pedido 24-48h;37,06 € + IVA;https://desguacesmadridnorte.com/78469-pieza.html
78471;9283FG63E;Caja de cambios;HYUNDAI;Tucson;1.7 CRDi;2016;Comprobada, funcionando;1 año;Bajo pedido 24-48h;520,90 € + IVA;https://desguacesmadridnorte.com/78471-pieza.html
78474;3313FN71D;Retrovisor derecho;PEUGEOT;308;1.6 HDi;2015;Comprobada, funcionando;1 año;En stock;109,49 € + IVA;https://desguacesmadridnorte.com/78474-pieza.html
78477;7548XT24D;Parachoques trasero;BMW;Serie 1;118d;2019;Comprobada, funcionando;1 año;En stock;130,30 € + IVA;https://desguacesmadridnorte.com/78477-pieza.html
78480;4077QR41C;Cuadro de instrumentos;HYUNDAI;Tucson;1.7 CRDi;2018;Comprobada, funcionando;1 año;En stock;271,42 € + IVA;https://desguacesmadridnorte.com/78480-pieza.html
78482;7470MK81C;Puerta delantera derecha;HYUNDAI;i30;1.6 CRDi;2006;Comprobada, funcionando;1 año;En stock;141,21 € + IVA;https://desguacesmadridnorte.com/78482-pieza.html
78484;6936RJ69A;Compresor aire acondicionado;PEUGEOT;308;2.0 HDi;2005;Comprobada, funcionando;1 año;En stock;101,52 € + IVA;https://desguacesmadridnorte.com/78484-pieza.html
78485;1076CA96F;Aleta delantera izquierda;FORD;Focus;2.0 TDCi;2012;Comprobada, funcionando;1 año;En stock;67,75 € + IVA;https://desguacesmadridnorte.com/78485-pieza.html
78487;8649RN48C;Cremallera de dirección;BMW;X1;20d;2011;Comprobada, funcionando;1 año;En stock;452,67 € + IVA;https://desguacesmadridnorte.com/78487-pieza.html
78488;8722AP17C;Faro delantero izquierdo;AUDI;A3;1.6 TDI;2012;Desmontada de vehículo;1 año;Bajo pedido 24-48h;245,64 € + IVA;https://desguacesmadridnorte.com/78488-pieza.html
78491;7990HX90C;Puerta delantera izquierda;MERCEDES-BENZ;CLA;200 CDI;2019;Comprobada, funcionando;1 año;Bajo pedido 24-48h;454,78 € + IVA;https://desguacesmadridnorte.com/78491-pieza.html
78494;4916XR71C;Turbo;VOLKSWAGEN;Passat;1.6 TDI;2015;Sin comprobar;1 año;En stock;416,13 € + IVA;https://desguacesmadridnorte.com/78494-pieza.html
78497;6936MJ36C;Colector de admisión;HYUNDAI;Tucson;2.0 CRDi;2009;Desmontada de vehículo;1 año;En stock;104,60 € + IVA;https://desguacesmadridnorte.com/78497-pieza.html
78500;7661KM41C;Bomba de agua;PEUGEOT;308;2.0 HDi;2016;Desmontada de vehículo;1 año;En stock;67,64 € + IVA;https://desguacesmadridnorte.com/78500-pieza.html
78501;6243AJ70C;Intercooler;NISSAN;Juke;1.2 DIG-T;2019;Desmontada de vehículo;1 año;Bajo pedido 24-48h;201,43 € + IVA;https://desguacesmadridnorte.com/78501-pieza.html
78502;6718JL10C;Caja de cambios;RENAULT;Captur;0.9 TCe;2007;Sin comprobar;1 año;En stock;123,00 € + IVA;https://desguacesmadridnorte.com/78502-pieza.html
78504;8110MD70F;Turbo;SEAT;Ibiza;1.2 TSI;2015;Desmontada de vehículo;1 año;En stock;452,36 € + IVA;https://desguacesmadridnorte.com/78504-pieza.html
78507;2283EJ93C;Bomba de agua;BMW;Serie 1;118d;2008;Desmontada de vehículo;1 año;Bajo pedido 24-48h;35,45 € + IVA;https://desguacesmadridnorte.com/78507-pieza.html
78510;7287ZL31C;Retrovisor derecho;VOLKSWAGEN;Polo;1.2 TSI;2010;Comprobada, funcionando;1 año;En stock;50,54 € + IVA;https://desguacesmadridnorte.com/78510-pieza.html
78511;2541KX18A;Turbo;BMW;Serie 3;318d;2005;Comprobada, funcionando;1 año;En stock;361,74 € + IVA;https://desguacesmadridnorte.com/78511-pieza.html
78513;3489QC56A;Caja de cambios;AUDI;A4;3.0 TDI;2010;Comprobada, funcionando;1 año;En stock;372,08 € + IVA;https://desguacesmadridnorte.com/78513-pieza.html
78515;6278KW63A;Centralita motor;AUDI;Q3;2.0 TDI;2020;Comprobada, funcionando;1 año;Bajo pedido 24-48h;711,13 € + IVA;https://desguacesmadridnorte.com/78515-pieza.html
78516;2668QL43D;Bomba de dirección;MERCEDES-BENZ;Clase A;180 CDI;2019;Comprobada, funcionando;1 año;En stock;73,18 € + IVA;https://desguacesmadridnorte.com/78516-pieza.html
78518;4745XG30E;Puerta delantera derecha;NISSAN;Qashqai;1.6 dCi;2005;Comprobada, funcionando;1 año;Bajo pedido 24-48h;156,06 € + IVA;https://desguacesmadridnorte.com/78518-pieza.html
78519;7803JG24B;Portón trasero;SEAT;Ateca;1.5 TSI;2011;Sin comprobar;1 año;En stock;174,75 € + IVA;https://desguacesmadridnorte.com/78519-pieza.html
78522;7360YW34A;Caja de cambios;OPEL;Astra;1.7 CDTI;2006;Desmontada de vehículo;1 año;En stock;524,13 € + IVA;https://desguacesmadridnorte.com/78522-pieza.html
78525;2268QA65F;Compresor aire acondicionado;HYUNDAI;Tucson;2.0 CRDi;2021;Desmontada de vehículo;1 año;En stock;108,76 € + IVA;https://desguacesmadridnorte.com/78525-pieza.html
78526;6974BN46E;Piloto trasero izquierdo;MERCEDES-BENZ;Clase E Coupé;250 CDI;2018;Desmontada de vehículo;1 año;En stock;74,67 € + IVA;https://desguacesmadridnorte.com/78526-pieza.html
78527;2933MJ39B;Cinturón de seguridad;FORD;Fiesta;1.0 EcoBoost;2020;Comprobada, funcionando;1 año;En stock;79,36 € + IVA;https://desguacesmadridnorte.com/78527-pieza.html
78530;5452AX62A;Motor de arranque;RENAULT;Megane;1.5 dCi;2008;Comprobada, funcionando;1 año;Bajo pedido 24-48h;56,07 € + IVA;https://desguacesmadridnorte.com/78530-pieza.html
78533;9426KE80C;Turbo;CITROEN;C4;1.6 HDi;2012;Comprobada, funcionando;1 año;Bajo pedido 24-48h;159,82 € + IVA;https://desguacesmadridnorte.com/78533-pieza.html
78535;9752MT70C;Motor completo;AUDI;Q3;2.0 TDI;2014;Desmontada de vehículo;1 año;En stock;2.911,29 € + IVA;https://desguacesmadridnorte.com/78535-pieza.html
78536;5751KT63E;Colector de admisión;CITROEN;C3;1.4 HDi;2010;Desmontada de vehículo;1 año;Bajo pedido 24-48h;78,82 € + IVA;https://desguacesmadridnorte.com/78536-pieza.html
78537;5935PK93E;Compresor aire acondicionado;KIA;Sportage;1.7 CRDi;2010;Sin comprobar;1 año;Bajo pedido 24-48h;124,99 € + IVA;https://desguacesmadridnorte.com/78537-pieza.html
78540;6200HW32D;Radiador;NISSAN;Juke;1.5 dCi;2015;Desmontada de vehículo;1 año;En stock;53,53 € + IVA;https://desguacesmadridnorte.com/78540-pieza.html
78543;5988DW28E;Caja de cambios;NISSAN;Qashqai;1.6 dCi;2019;Comprobada, funcionando;1 año;En stock;938,59 € + IVA;https://desguacesmadridnorte.com/78543-pieza.html
78544;4027EC68B;Catalizador;VOLKSWAGEN;Passat;2.0 TDI;2015;Desmontada de vehículo;1 año;Bajo pedido 24-48h;227,25 € + IVA;https://desguacesmadridnorte.com/78544-pieza.html
78546;7949GN93E;Bomba de agua;SKODA;Octavia;1.6 TDI;2009;Comprobada, funcionando;1 año;Bajo pedido 24-48h;73,46 € + IVA;https://desguacesmadridnorte.com/78546-pieza.html
78548;4601DK20E;Puerta delantera derecha;KIA;Ceed;1.6 CRDi;2005;Desmontada de vehículo;1 año;En stock;131,86 € + IVA;https://desguacesmadridnorte.com/78548-pieza.html
78550;4953FN23B;Centralita motor;KIA;Ceed;1.6 CRDi;2017;Comprobada, funcionando;1 año;En stock;149,10 € + IVA;https://desguacesmadridnorte.com/78550-pieza.html
78553;6253RA55A;Colector de admisión;PEUGEOT;308;1.6 HDi;2008;Desmontada de vehículo;1 año;Bajo pedido 24-48h;109,65 € + IVA;https://desguacesmadridnorte.com/78553-pieza.html
78556;6201VB43E;Faro delantero derecho;SKODA;Fabia;1.4 TDI;2018;Sin comprobar;1 año;En stock;150,83 € + IVA;https://desguacesmadridnorte.com/78556-pieza.html
78558;6551TW60A;Bomba de agua;OPEL;Astra;1.6 CDTI;2015;Comprobada, funcionando;1 año;Bajo pedido 24-48h;42,04 € + IVA;https://desguacesmadridnorte.com/78558-pieza.html
78560;9262DN10C;Motor completo;MERCEDES-BENZ;Clase A;180 CDI;2008;Sin comprobar;1 año;Bajo pedido 24-48h;1.042,80 € + IVA;https://desguacesmadridnorte.com/78560-pieza.html
78562;8255RS61E;Parachoques trasero;VOLKSWAGEN;Passat;1.6 TDI;2021;Comprobada, funcionando;1 año;Bajo pedido 24-48h;359,28 € + IVA;https://desguacesmadridnorte.com/78562-pieza.html
78565;5432HG27F;Paso de rueda trasero izquierdo;KIA;Ceed;1.4 CRDi;2021;Desmontada de vehículo;1 año;Bajo pedido 24-48h;23,62 € + IVA;https://desguacesmadridnorte.com/78565-pieza.html
78567;5762MP61B;Cuadro de instrumentos;BMW;X1;20d;2014;Comprobada, funcionando;1 año;Bajo pedido 24-48h;152,19 € + IVA;https://desguacesmadridnorte.com/78567-pieza.html
78568;7249AZ45A;Faro delantero derecho;SEAT;Ateca;1.5 TSI;2012;Comprobada, funcionando;1 año;Bajo pedido 24-48h;42,18 € + IVA;https://desguacesmadridnorte.com/78568-pieza.html
78569;4167BG85F;Retrovisor derecho;SEAT;Ateca;2.0 TDI;2017;Comprobada, funcionando;1 año;Bajo pedido 24-48h;55,62 € + IVA;https://desguacesmadridnorte.com/78569-pieza.html
78570;9101AA89B;Retrovisor izquierdo;OPEL;Astra;1.6 CDTI;2017;Comprobada, funcionando;1 año;En stock;51,26 € + IVA;https://desguacesmadridnorte.com/78570-pieza.html
78571;2403ZV75F;Módulo electrónico;HYUNDAI;Tucson;2.0 CRDi;2012;Sin comprobar;1 año;En stock;82,90 € + IVA;https://desguacesmadridnorte.com/78571-pieza.html
78572;2957TA47F;Compresor aire acondicionado;TOYOTA;Corolla;1.8 Hybrid;2015;Desmontada de vehículo;1 año;En stock;268,11 € + IVA;https://desguacesmadridnorte.com/78572-pieza.html
78575;7902HD71C;Cinturón de seguridad;MERCEDES-BENZ;CLA;200 CDI;2005;Desmontada de vehículo;1 año;Bajo pedido 24-48h;38,08 € + IVA;https://desguacesmadridnorte.com/78575-pieza.html
78576;7736CP36B;Aleta delantera izquierda;TOYOTA;Corolla;1.8 Hybrid;2020;Comprobada, funcionando;1 año;En stock;98,58 € + IVA;https://desguacesmadridnorte.com/78576-pieza.html
78579;9117PP85C;Retrovisor derecho;TOYOTA;Corolla;1.4 D-4D;2021;Sin comprobar;1 año;Bajo pedido 24-48h;125,18 € + IVA;https://desguacesmadridnorte.com/78579-pieza.html
78580;3719JE52E;Cinturón de seguridad;SKODA;Octavia;1.6 TDI;2015;Comprobada, funcionando;1 año;En stock;26,85 € + IVA;https://desguacesmadridnorte.com/78580-pieza.html
78582;4537MK37B;Elevalunas delantero izquierdo;CITROEN;C4;1.6 VTi;2009;Desmontada de vehículo;1 año;En stock;24,25 € + IVA;https://desguacesmadridnorte.com/78582-pieza.html
78584;7105RY54A;Retrovisor izquierdo;BMW;Serie 3;318d;2007;Desmontada de vehículo;1 año;En stock;116,89 € + IVA;https://desguacesmadridnorte.com/78584-pieza.html
78586;3516TJ40D;Parachoques trasero;HYUNDAI;i30;1.4 CRDi;2013;Comprobada, funcionando;1 año;Bajo pedido 24-48h;118,59 € + IVA;https://desguacesmadridnorte.com/78586-pieza.html
78588;2615JV99A;Parachoques delantero;TOYOTA;Corolla;1.8 Hybrid;2009;Sin comprobar;1 año;En stock;66,75 € + IVA;https://desguacesmadridnorte.com/78588-pieza.html
78591;4337LJ53D;Piloto trasero izquierdo;OPEL;Corsa;1.2 16v;2007;Comprobada, funcionando;1 año;En stock;52,42 € + IVA;https://desguacesmadridnorte.com/78591-pieza.html
78594;7788HL94F;Caja de cambios;VOLKSWAGEN;Golf;1.4 TSI;2018;Comprobada, funcionando;1 año;En stock;561,75 € + IVA;https://desguacesmadridnorte.com/78594-pieza.html
78596;8003FK39F;Colector de admisión;BMW;Serie 3;318d;2013;Comprobada, funcionando;1 año;En stock;174,76 € + IVA;https://desguacesmadridnorte.com/78596-pieza.html
78599;1771ME10F;Alternador;NISSAN;Juke;1.5 dCi;2012;Comprobada, funcionando;1 año;En stock;93,85 € + IVA;https://desguacesmadridnorte.com/78599-pieza.html
78600;1328YC43D;Retrovisor derecho;VOLKSWAGEN;Passat;1.6 TDI;2008;Desmontada de vehículo;1 año;En stock;159,97 € + IVA;https://desguacesmadridnorte.com/78600-pieza.html
78601;1265PN42D;Parachoques delantero;VOLKSWAGEN;Passat;1.6 TDI;2014;Comprobada, funcionando;1 año;En stock;146,19 € + IVA;https://desguacesmadridnorte.com/78601-pieza.html
78602;1137LN93B;Faro delantero derecho;MERCEDES-BENZ;Clase E Coupé;220 CDI;2010;Comprobada, funcionando;1 año;En stock;218,72 € + IVA;https://desguacesmadridnorte.com/78602-pieza.html
78605;7010VE95B;Turbo;CITROEN;C4;1.6 VTi;2012;Comprobada, funcionando;1 año;Bajo pedido 24-48h;140,07 € + IVA;https://desguacesmadridnorte.com/78605-pieza.html
78608;6280AR27A;Faro delantero izquierdo;CITROEN;C3;1.2 PureTech;2009;Comprobada, funcionando;1 año;Bajo pedido 24-48h;85,06 € + IVA;https://desguacesmadridnorte.com/78608-pieza.html
78611;7399SE48A;Caja de cambios;FORD;Focus;1.6 TDCi;2005;Comprobada, funcionando;1 año;En stock;559,56 € + IVA;https://desguacesmadridnorte.com/78611-pieza.html
78613;8512GM96D;Bomba de agua;HYUNDAI;i30;1.6 CRDi;2021;Comprobada, funcionando;1 año;Bajo pedido 24-48h;74,13 € + IVA;https://desguacesmadridnorte.com/78613-pieza.html
78615;6727ZM96B;Paso de rueda trasero izquierdo;HYUNDAI;Tucson;1.7 CRDi;2008;Comprobada, funcionando;1 año;En stock;37,83 € + IVA;https://desguacesmadridnorte.com/78615-pieza.html
78616;4867EB76B;Retrovisor derecho;MERCEDES-BENZ;Clase A;200 CDI;2017;Comprobada, funcionando;1 año;En stock;116,04 € + IVA;https://desguacesmadridnorte.com/78616-pieza.html
78618;5429FE88B;Amortiguador delantero;HYUNDAI;Tucson;2.0 CRDi;2011;Comprobada, funcionando;1 año;En stock;44,54 € + IVA;https://desguacesmadridnorte.com/78618-pieza.html
78619;2810AY86B;Turbo;BMW;Serie 3;320d;2012;Comprobada, funcionando;1 año;Bajo pedido 24-48h;485,47 € + IVA;https://desguacesmadridnorte.com/78619-pieza.html
78621;2810RW81D;Compresor aire acondicionado;CITROEN;C4;1.6 VTi;2010;Comprobada, funcionando;1 año;En stock;84,82 € + IVA;https://desguacesmadridnorte.com/78621-pieza.html
78624;3341DS21D;Puerta delantera derecha;SKODA;Fabia;1.2 TSI;2017;Comprobada, funcionando;1 año;En stock;294,17 € + IVA;https://desguacesmadridnorte.com/78624-pieza.html
78627;7023LZ28F;Radiador;OPEL;Astra;1.7 CDTI;2020;Sin comprobar;1 año;En stock;141,80 € + IVA;https://desguacesmadridnorte.com/78627-pieza.html
78630;5906RQ85E;Bomba de dirección;SKODA;Octavia;2.0 TDI;2012;Sin comprobar;1 año;En stock;59,93 € + IVA;https://desguacesmadridnorte.com/78630-pieza.html
78633;2901FE36E;Elevalunas delantero izquierdo;OPEL;Corsa;1.3 CDTI;2020;Comprobada, funcionando;1 año;En stock;51,84 € + IVA;https://desguacesmadridnorte.com/78633-pieza.html
78636;5375YM89E;Faro delantero derecho;CITROEN;C3;1.2 PureTech;2018;Comprobada, funcionando;1 año;Bajo pedido 24-48h;61,18 € + IVA;https://desguacesmadridnorte.com/78636-pieza.html
78637;6244AK39A;Catalizador;PEUGEOT;208;1.4 HDi;2018;Comprobada, funcionando;1 año;Bajo pedido 24-48h;157,23 € + IVA;https://desguacesmadridnorte.com/78637-pieza.html
78638;9988ZY95C;Parachoques delantero;NISSAN;Qashqai;1.6 dCi;2006;Comprobada, funcionando;1 año;En stock;167,10 € + IVA;https://desguacesmadridnorte.com/78638-pieza.html
78640;7664SC14F;Motor completo;NISSAN;Qashqai;1.6 dCi;2020;Comprobada, funcionando;1 año;En stock;957,51 € + IVA;https://desguacesmadridnorte.com/78640-pieza.html
78641;1290FY44B;Amortiguador delantero;AUDI;A4;2.0 TDI;2019;Sin comprobar;1 año;En stock;56,70 € + IVA;https://desguacesmadridnorte.com/78641-pieza.html
78644;7408CR68A;Bomba de agua;SEAT;Ateca;1.5 TSI;2012;Comprobada, funcionando;1 año;Bajo pedido 24-48h;50,36 € + IVA;https://desguacesmadridnorte.com/78644-pieza.html
78647;2039ES83C;Portón trasero;FORD;Fiesta;1.0 EcoBoost;2014;Sin comprobar;1 año;En stock;216,54 € + IVA;https://desguacesmadridnorte.com/78647-pieza.html
78650;1657PW53C;Cuadro de instrumentos;NISSAN;Juke;1.5 dCi;2018;Desmontada de vehículo;1 año;En stock;198,04 € + IVA;https://desguacesmadridnorte.com/78650-pieza.html
78653;5868MN27F;Módulo electrónico;SEAT;León;2.0 TDI;2005;Desmontada de vehículo;1 año;En stock;45,56 € + IVA;https://desguacesmadridnorte.com/78653-pieza.html
78656;2876EG44A;Piloto trasero derecho;PEUGEOT;308;1.6 HDi;2007;Comprobada, funcionando;1 año;Bajo pedido 24-48h;38,10 € + IVA;https://desguacesmadridnorte.com/78656-pieza.html
78659;2428JP59A;Radiador;KIA;Ceed;1.4 CRDi;2011;Comprobada, funcionando;1 año;En stock;110,78 € + IVA;https://desguacesmadridnorte.com/78659-pieza.html
78660;4221KY95E;Airbag volante;NISSAN;Juke;1.5 dCi;2018;Desmontada de vehículo;1 año;Bajo pedido 24-48h;276,47 € + IVA;https://desguacesmadridnorte.com/78660-pieza.html
78663;1996GX37D;Puerta trasera izquierda;KIA;Ceed;1.4 CRDi;2006;Comprobada, funcionando;1 año;En stock;244,02 € + IVA;https://desguacesmadridnorte.com/78663-pieza.html
78665;6802PA95B;Cárter;MERCEDES-BENZ;Clase E Coupé;250 CDI;2012;Comprobada, funcionando;1 año;Bajo pedido 24-48h;107,59 € + IVA;https://desguacesmadridnorte.com/78665-pieza.html
78666;7002YZ85E;Piloto trasero izquierdo;OPEL;Corsa;1.3 CDTI;2009;Comprobada, funcionando;1 año;En stock;53,20 € + IVA;https://desguacesmadridnorte.com/78666-pieza.html
78668;8732DR82C;Colector de admisión;RENAULT;Captur;1.5 dCi;2021;Comprobada, funcionando;1 año;Bajo pedido 24-48h;52,67 € + IVA;https://desguacesmadridnorte.com/78668-pieza.html
78670;2630PP61A;Compresor aire acondicionado;KIA;Sportage;1.7 CRDi;2009;Comprobada, funcionando;1 año;En stock;259,70 € + IVA;https://desguacesmadridnorte.com/78670-pieza.html
78672;6906KR94D;Piloto trasero derecho;KIA;Ceed;1.4 CRDi;2012;Desmontada de vehículo;1 año;En stock;30,40 € + IVA;https://desguacesmadridnorte.com/78672-pieza.html
78675;7762ZY13B;Módulo electrónico;SEAT;Ibiza;1.6 TDI;2008;Comprobada, funcionando;1 año;En stock;70,83 € + IVA;https://desguacesmadridnorte.com/78675-pieza.html
78678;9676AP42E;Piloto trasero derecho;CITROEN;C4;1.6 VTi;2015;Desmontada de vehículo;1 año;En stock;63,60 € + IVA;https://desguacesmadridnorte.com/78678-pieza.html
78681;9493SE34F;Puerta delantera izquierda;PEUGEOT;3008;2.0 HDi;2014;Desmontada de vehículo;1 año;Bajo pedido 24-48h;291,85 € + IVA;https://desguacesmadridnorte.com/78681-pieza.html
78684;8589TX32B;Capó;NISSAN;Qashqai;1.6 dCi;2013;Comprobada, funcionando;1 año;Bajo pedido 24-48h;76,76 € + IVA;https://desguacesmadridnorte.com/78684-pieza.html
78685;7372TK80B;Catalizador;HYUNDAI;Tucson;1.7 CRDi;2011;Desmontada de vehículo;1 año;En stock;226,52 € + IVA;https://desguacesmadridnorte.com/78685-pieza.html
78686;9796WJ47F;Faro delantero izquierdo;RENAULT;Clio;1.2 16v;2006;Sin comprobar;1 año;Bajo pedido 24-48h;116,35 € + IVA;https://desguacesmadridnorte.com/78686-pieza.html
78687;6665CH87A;Caja de cambios;TOYOTA;Camry;2.5 Hybrid;2020;Desmontada de vehículo;1 año;Bajo pedido 24-48h;675,69 € + IVA;https://desguacesmadridnorte.com/78687-pieza.html
78690;7326HF35F;Amortiguador delantero;FORD;Fiesta;1.0 EcoBoost;2017;Desmontada de vehículo;1 año;Bajo pedido 24-48h;68,68 € + IVA;https://desguacesmadridnorte.com/78690-pieza.html
78691;9559JL57B;Piloto trasero izquierdo;PEUGEOT;3008;1.6 HDi;2017;Comprobada, funcionando;1 año;En stock;43,52 € + IVA;https://desguacesmadridnorte.com/78691-pieza.html
78694;4225KM23C;Caja de cambios;KIA;Ceed;1.4 CRDi;2017;Comprobada, funcionando;1 año;Bajo pedido 24-48h;631,70 € + IVA;https://desguacesmadridnorte.com/78694-pieza.html
78696;4511RJ70B;Capó;CITROEN;C4;1.6 HDi;2016;Comprobada, funcionando;1 año;Bajo pedido 24-48h;81,03 € + IVA;https://desguacesmadridnorte.com/78696-pieza.html
78699;7177ES65B;Compresor aire acondicionado;SEAT;Ibiza;1.2 TSI;2010;Sin comprobar;1 año;En stock;114,26 € + IVA;https://desguacesmadridnorte.com/78699-pieza.html
78702;8423WK94E;Cremallera de dirección;KIA;Ceed;1.6 CRDi;2015;Comprobada, funcionando;1 año;Bajo pedido 24-48h;217,63 € + IVA;https://desguacesmadridnorte.com/78702-pieza.html
78704;5171TW83A;Airbag volante;RENAULT;Captur;1.5 dCi;2013;Desmontada de vehículo;1 año;En stock;101,89 € + IVA;https://desguacesmadridnorte.com/78704-pieza.html
78707;1002CL16D;Retrovisor izquierdo;FORD;Fusion;1.4 TDCi;2005;Desmontada de vehículo;1 año;En stock;99,57 € + IVA;https://desguacesmadridnorte.com/78707-pieza.html
78710;2935RH19F;Intercooler;VOLKSWAGEN;Passat;2.0 TDI;2007;Desmontada de vehículo;1 año;En stock;201,79 € + IVA;https://desguacesmadridnorte.com/78710-pieza.html
78712;9134FF77B;Piloto trasero izquierdo;FORD;Fusion;1.4 TDCi;2019;Comprobada, funcionando;1 año;En stock;65,16 € + IVA;https://desguacesmadridnorte.com/78712-pieza.html
78713;4499JL10D;Puerta delantera izquierda;TOYOTA;Camry;2.5 Hybrid;2015;Desmontada de vehículo;1 año;En stock;390,41 € + IVA;https://desguacesmadridnorte.com/78713-pieza.html
78714;1292WR99D;Cinturón de seguridad;NISSAN;Qashqai;1.6 dCi;2011;Comprobada, funcionando;1 año;Bajo pedido 24-48h;58,54 € + IVA;https://desguacesmadridnorte.com/78714-pieza.html
78717;5685VW70D;Cuadro de instrumentos;PEUGEOT;308;1.6 HDi;2013;Desmontada de vehículo;1 año;Bajo pedido 24-48h;67,27 € + IVA;https://desguacesmadridnorte.com/78717-pieza.html
78719;5917WE11B;Bomba de dirección;SKODA;Fabia;1.4 TDI;2016;Desmontada de vehículo;1 año;En stock;130,64 € + IVA;https://desguacesmadridnorte.com/78719-pieza.html
78722;3519AF24B;Colector de admisión;AUDI;A4;3.0 TDI;2021;Desmontada de vehículo;1 año;Bajo pedido 24-48h;169,32 € + IVA;https://desguacesmadridnorte.com/78722-pieza.html
78724;6846ZJ52D;Piloto trasero izquierdo;KIA;Ceed;1.4 CRDi;2009;Comprobada, funcionando;1 año;En stock;67,08 € + IVA;https://desguacesmadridnorte.com/78724-pieza.html
78727;9649DF18E;Retrovisor izquierdo;NISSAN;Qashqai;1.5 dCi;2021;Comprobada, funcionando;1 año;En stock;36,16 € + IVA;https://desguacesmadridnorte.com/78727-pieza.html
78729;6537EF15A;Piloto trasero izquierdo;KIA;Sportage;1.7 CRDi;2013;Sin comprobar;1 año;Bajo pedido 24-48h;62,15 € + IVA;https://desguacesmadridnorte.com/78729-pieza.html
78732;3539DC11E;Piloto trasero derecho;CITROEN;C4;1.6 HDi;2016;Desmontada de vehículo;1 año;En stock;63,14 € + IVA;https://desguacesmadridnorte.com/78732-pieza.html
78735;1204CH86E;Parachoques delantero;VOLKSWAGEN;Passat;1.6 TDI;2016;Comprobada, funcionando;1 año;En stock;272,03 € + IVA;https://desguacesmadridnorte.com/78735-pieza.html
78736;4574YR76D;Radiador;BMW;Serie 1;120i;2016;Comprobada, funcionando;1 año;En stock;93,90 € + IVA;https://desguacesmadridnorte.com/78736-pieza.html
78739;5642MS19F;Retrovisor izquierdo;MERCEDES-BENZ;Clase A;200 CDI;2009;Comprobada, funcionando;1 año;En stock;93,69 € + IVA;https://desguacesmadridnorte.com/78739-pieza.html
78740;8417WP84F;Colector de admisión;VOLKSWAGEN;Golf;1.6 TDI;2007;Desmontada de vehículo;1 año;Bajo pedido 24-48h;66,73 € + IVA;https://desguacesmadridnorte.com/78740-pieza.html
78741;6616FZ13B;Parachoques trasero;PEUGEOT;308;2.0 HDi;2009;Comprobada, funcionando;1 año;Bajo pedido 24-48h;103,10 € + IVA;https://desguacesmadridnorte.com/78741-pieza.html
78743;2170FT90A;Portón trasero;VOLKSWAGEN;Golf;1.6 TDI;2010;Comprobada, funcionando;1 año;En stock;199,02 € + IVA;https://desguacesmadridnorte.com/78743-pieza.html
78744;4770TM30C;Piloto trasero izquierdo;RENAULT;Captur;0.9 TCe;2005;Desmontada de vehículo;1 año;Bajo pedido 24-48h;38,38 € + IVA;https://desguacesmadridnorte.com/78744-pieza.html
78746;7812LM36D;Airbag volante;HYUNDAI;i30;1.6 CRDi;2010;Desmontada de vehículo;1 año;Bajo pedido 24-48h;220,99 € + IVA;https://desguacesmadridnorte.com/78746-pieza.html
78747;4668BE70D;Parachoques trasero;SEAT;León;2.0 TDI;2019;Comprobada, funcionando;1 año;Bajo pedido 24-48h;151,19 € + IVA;https://desguacesmadridnorte.com/78747-pieza.html
78749;2139ZP19F;Turbo;OPEL;Astra;1.7 CDTI;2012;Desmontada de vehículo;1 año;En stock;532,32 € + IVA;https://desguacesmadridnorte.com/78749-pieza.html
78752;9545RJ43E;Módulo electrónico;FORD;Focus;1.6 TDCi;2021;Comprobada, funcionando;1 año;En stock;71,48 € + IVA;https://desguacesmadridnorte.com/78752-pieza.html
78754;3672YF71E;Alternador;PEUGEOT;3008;1.6 HDi;2012;Desmontada de vehículo;1 año;En stock;83,08 € + IVA;https://desguacesmadridnorte.com/78754-pieza.html
78756;4581AT57C;Caja de cambios;NISSAN;Qashqai;1.6 dCi;2011;Comprobada, funcionando;1 año;Bajo pedido 24-48h;580,03 € + IVA;https://desguacesmadridnorte.com/78756-pieza.html
78758;4613ZV63C;Faro delantero izquierdo;HYUNDAI;i30;1.6 CRDi;2007;Desmontada de vehículo;1 año;En stock;152,48 € + IVA;https://desguacesmadridnorte.com/78758-pieza.html
78760;6907PE23D;Alternador;CITROEN;C3;1.4 HDi;2020;Desmontada de vehículo;1 año;Bajo pedido 24-48h;133,77 € + IVA;https://desguacesmadridnorte.com/78760-pieza.html
78762;9177BY36C;Paso de rueda trasero izquierdo;TOYOTA;Camry;2.5 Hybrid;2009;Comprobada, funcionando;1 año;En stock;39,36 € + IVA;https://desguacesmadridnorte.com/78762-pieza.html
78764;8981NH53F;Cinturón de seguridad;RENAULT;Clio;1.5 dCi;2021;Desmontada de vehículo;1 año;Bajo pedido 24-48h;27,40 € + IVA;https://desguacesmadridnorte.com/78764-pieza.html
78765;6119XF59C;Intercooler;KIA;Ceed;1.6 CRDi;2008;Comprobada, funcionando;1 año;Bajo pedido 24-48h;150,22 € + IVA;https://desguacesmadridnorte.com/78765-pieza.html
78766;5169KE79C;Parachoques trasero;SKODA;Octavia;2.0 TDI;2016;Sin comprobar;1 año;En stock;218,09 € + IVA;https://desguacesmadridnorte.com/78766-pieza.html
78768;2022PY44E;Cárter;VOLKSWAGEN;Passat;2.0 TDI;2018;Comprobada, funcionando;1 año;Bajo pedido 24-48h;138,98 € + IVA;https://desguacesmadridnorte.com/78768-pieza.html
78771;4092LR77D;Compresor aire acondicionado;RENAULT;Megane;1.6 dCi;2016;Comprobada, funcionando;1 año;Bajo pedido 24-48h;116,04 € + IVA;https://desguacesmadridnorte.com/78771-pieza.html
78773;2869SR64C;Parachoques delantero;HYUNDAI;i30;1.6 CRDi;2008;Desmontada de vehículo;1 año;Bajo pedido 24-48h;77,98 € + IVA;https://desguacesmadridnorte.com/78773-pieza.html
78774;6589KH45F;Colector de admisión;VOLKSWAGEN;Passat;1.6 TDI;2012;Comprobada, funcionando;1 año;En stock;65,75 € + IVA;https://desguacesmadridnorte.com/78774-pieza.html
78775;5303HK31B;Parachoques delantero;CITROEN;C4;1.6 HDi;2010;Comprobada, funcionando;1 año;Bajo pedido 24-48h;102,59 € + IVA;https://desguacesmadridnorte.com/78775-pieza.html
78778;8818AZ11B;Cremallera de dirección;RENAULT;Captur;0.9 TCe;2016;Sin comprobar;1 año;En stock;168,41 € + IVA;https://desguacesmadridnorte.com/78778-pieza.html
78781;2941AJ98B;Portón trasero;KIA;Ceed;1.6 CRDi;2011;Comprobada, funcionando;1 año;En stock;271,52 € + IVA;https://desguacesmadridnorte.com/78781-pieza.html
78783;9111YR75E;Caja de cambios;NISSAN;Juke;1.2 DIG-T;2007;Comprobada, funcionando;1 año;En stock;464,23 € + IVA;https://desguacesmadridnorte.com/78783-pieza.html
78786;2546SG81B;Faro delantero derecho;MERCEDES-BENZ;CLA;180 CDI;2019;Desmontada de vehículo;1 año;En stock;194,99 € + IVA;https://desguacesmadridnorte.com/78786-pieza.html
78788;3898SB38E;Aleta delantera izquierda;PEUGEOT;3008;1.6 HDi;2007;Desmontada de vehículo;1 año;En stock;63,68 € + IVA;https://desguacesmadridnorte.com/78788-pieza.html
78791;8581YJ28D;Airbag volante;MERCEDES-BENZ;Clase E Coupé;250 CDI;2010;Comprobada, funcionando;1 año;En stock;162,33 € + IVA;https://desguacesmadridnorte.com/78791-pieza.html
78792;7047XE56B;Puerta trasera izquierda;VOLKSWAGEN;Passat;2.0 TDI;2008;Desmontada de vehículo;1 año;En stock;222,90 € + IVA;https://desguacesmadridnorte.com/78792-pieza.html
78795;6510XN72C;Caja de cambios;SEAT;Ibiza;1.2 TSI;2014;Comprobada, funcionando;1 año;En stock;539,85 € + IVA;https://desguacesmadridnorte.com/78795-pieza.html
78797;4062WJ55A;Motor de arranque;FORD;Focus;1.6 TDCi;2013;Sin comprobar;1 año;Bajo pedido 24-48h;122,85 € + IVA;https://desguacesmadridnorte.com/78797-pieza.html
78799;5621VG64E;Aleta delantera izquierda;SKODA;Octavia;1.6 TDI;2013;Desmontada de vehículo;1 año;En stock;147,35 € + IVA;https://desguacesmadridnorte.com/78799-pieza.html
78802;4097XT23E;Colector de admisión;RENAULT;Captur;1.5 dCi;2014;Comprobada, funcionando;1 año;En stock;55,20 € + IVA;https://desguacesmadridnorte.com/78802-pieza.html
78805;8177ZF64B;Compresor aire acondicionado;SKODA;Octavia;1.6 TDI;2008;Sin comprobar;1 año;En stock;97,25 € + IVA;https://desguacesmadridnorte.com/78805-pieza.html
78807;5858FM24B;Intercooler;HYUNDAI;i30;1.4 CRDi;2017;Comprobada, funcionando;1 año;Bajo pedido 24-48h;91,43 € + IVA;https://desguacesmadridnorte.com/78807-pieza.html
78808;5465VJ65C;Motor completo;MERCEDES-BENZ;CLA;180 CDI;2006;Comprobada, funcionando;1 año;En stock;1.030,13 € + IVA;https://desguacesmadridnorte.com/78808-pieza.html
78810;4635QE90B;Elevalunas delantero izquierdo;BMW;X1;20d;2017;Comprobada, funcionando;1 año;En stock;70,34 € + IVA;https://desguacesmadridnorte.com/78810-pieza.html
78811;8967KC17C;Alternador;OPEL;Astra;1.7 CDTI;2013;Desmontada de vehículo;1 año;Bajo pedido 24-48h;53,64 € + IVA;https://desguacesmadridnorte.com/78811-pieza.html
78812;6475LH76E;Compresor aire acondicionado;VOLKSWAGEN;Polo;1.4 TDI;2017;Comprobada, funcionando;1 año;En stock;88,79 € + IVA;https://desguacesmadridnorte.com/78812-pieza.html
78815;1676DG42E;Módulo electrónico;VOLKSWAGEN;Passat;2.0 TDI;2013;Desmontada de vehículo;1 año;En stock;171,44 € + IVA;https://desguacesmadridnorte.com/78815-pieza.html
78816;6729FK13E;Caja de cambios;CITROEN;C4;1.6 VTi;2006;Comprobada, funcionando;1 año;En stock;456,63 € + IVA;https://desguacesmadridnorte.com/78816-pieza.html
78818;2528YC92E;Cinturón de seguridad;AUDI;A4;3.0 TDI;2017;Comprobada, funcionando;1 año;En stock;90,70 € + IVA;https://desguacesmadridnorte.com/78818-pieza.html
78820;1618JN51C;Faro delantero izquierdo;BMW;Serie 3;330i;2018;Comprobada, funcionando;1 año;Bajo pedido 24-48h;150,98 € + IVA;https://desguacesmadridnorte.com/78820-pieza.html
78823;8769AP36C;Cerradura puerta delantera;KIA;Sportage;1.7 CRDi;2018;Comprobada, funcionando;1 año;En stock;46,49 € + IVA;https://desguacesmadridnorte.com/78823-pieza.html
78825;7079BQ97D;Intercooler;AUDI;A3;1.4 TFSI;2018;Desmontada de vehículo;1 año;En stock;294,86 € + IVA;https://desguacesmadridnorte.com/78825-pieza.html
78827;7029GD99E;Puerta trasera izquierda;RENAULT;Captur;0.9 TCe;2009;Desmontada de vehículo;1 año;Bajo pedido 24-48h;124,39 € + IVA;https://desguacesmadridnorte.com/78827-pieza.html
78830;1763QE74C;Cerradura puerta delantera;CITROEN;C3;1.4 HDi;2019;Desmontada de vehículo;1 año;En stock;48,60 € + IVA;https://desguacesmadridnorte.com/78830-pieza.html
78831;5650PJ41F;Cárter;VOLKSWAGEN;Golf;2.0 TDI;2012;Comprobada, funcionando;1 año;Bajo pedido 24-48h;35,17 € + IVA;https://desguacesmadridnorte.com/78831-pieza.html
78833;4160KQ61B;Cuadro de instrumentos;KIA;Sportage;1.7 CRDi;2006;Comprobada, funcionando;1 año;En stock;89,74 € + IVA;https://desguacesmadridnorte.com/78833-pieza.html
78835;5683LB68B;Caja de cambios;RENAULT;Captur;1.5 dCi;2007;Desmontada de vehículo;1 año;En stock;249,04 € + IVA;https://desguacesmadridnorte.com/78835-pieza.html
78838;6812TF14E;Retrovisor izquierdo;FORD;Focus;1.6 TDCi;2005;Comprobada, funcionando;1 año;En stock;28,80 € + IVA;https://desguacesmadridnorte.com/78838-pieza.html
78840;7104PK25B;Turbo;NISSAN;Juke;1.5 dCi;2020;Comprobada, funcionando;1 año;En stock;373,00 € + IVA;https://desguacesmadridnorte.com/78840-pieza.html
78841;2817DK88A;Compresor aire acondicionado;BMW;Serie 3;318d;2016;Comprobada, funcionando;1 año;Bajo pedido 24-48h;202,57 € + IVA;https://desguacesmadridnorte.com/78841-pieza.html
78844;1123EE32A;Piloto trasero derecho;KIA;Sportage;2.0 CRDi;2017;Sin comprobar;1 año;Bajo pedido 24-48h;33,67 € + IVA;https://desguacesmadridnorte.com/78844-pieza.html
78845;6443AB80B;Faro delantero derecho;BMW;Serie 1;120i;2010;Desmontada de vehículo;1 año;En stock;184,41 € + IVA;https://desguacesmadridnorte.com/78845-pieza.html
78847;2494GK17E;Alternador;CITROEN;C3;1.2 PureTech;2017;Desmontada de vehículo;1 año;En stock;60,96 € + IVA;https://desguacesmadridnorte.com/78847-pieza.html
78850;6657BT35A;Puerta delantera izquierda;HYUNDAI;Tucson;2.0 CRDi;2018;Desmontada de vehículo;1 año;En stock;287,55 € + IVA;https://desguacesmadridnorte.com/78850-pieza.html
78853;3314KD37C;Puerta delantera derecha;TOYOTA;Proace City;1.5 D-4D;2012;Sin comprobar;1 año;En stock;255,31 € + IVA;https://desguacesmadridnorte.com/78853-pieza.html
78856;8684TD94F;Alternador;NISSAN;Qashqai;1.6 dCi;2017;Desmontada de vehículo;1 año;En stock;127,51 € + IVA;https://desguacesmadridnorte.com/78856-pieza.html
78857;2429ST50B;Retrovisor izquierdo;NISSAN;Juke;1.2 DIG-T;2013;Desmontada de vehículo;1 año;Bajo pedido 24-48h;124,79 € + IVA;https://desguacesmadridnorte.com/78857-pieza.html
78860;3131DL94C;Cerradura puerta delantera;CITROEN;C3;1.4 HDi;2012;Comprobada, funcionando;1 año;Bajo pedido 24-48h;49,34 € + IVA;https://desguacesmadridnorte.com/78860-pieza.html
78861;2418WF11E;Bomba de dirección;OPEL;Corsa;1.2 16v;2006;Comprobada, funcionando;1 año;En stock;78,29 € + IVA;https://desguacesmadridnorte.com/78861-pieza.html
78864;8685QV66B;Catalizador;FORD;Fiesta;1.5 TDCi;2013;Comprobada, funcionando;1 año;Bajo pedido 24-48h;120,64 € + IVA;https://desguacesmadridnorte.com/78864-pieza.html
78866;2154VW68B;Cuadro de instrumentos;FORD;Focus;1.6 TDCi;2009;Comprobada, funcionando;1 año;Bajo pedido 24-48h;110,14 € + IVA;https://desguacesmadridnorte.com/78866-pieza.html
78867;4903JH81C;Puerta delantera izquierda;RENAULT;Clio;1.5 dCi;2020;Comprobada, funcionando;1 año;En stock;306,20 € + IVA;https://desguacesmadridnorte.com/78867-pieza.html
78869;8806ZY44F;Piloto trasero izquierdo;NISSAN;Qashqai;1.6 dCi;2015;Comprobada, funcionando;1 año;Bajo pedido 24-48h;37,64 € + IVA;https://desguacesmadridnorte.com/78869-pieza.html
78871;2005NK60E;Motor de arranque;NISSAN;Qashqai;1.6 dCi;2005;Comprobada, funcionando;1 año;En stock;27,74 € + IVA;https://desguacesmadridnorte.com/78871-pieza.html
78874;4247ZJ45E;Intercooler;SKODA;Octavia;2.0 TDI;2012;Comprobada, funcionando;1 año;En stock;181,56 € + IVA;https://desguacesmadridnorte.com/78874-pieza.html
78875;5211GE44F;Bomba de agua;VOLKSWAGEN;Golf;1.4 TSI;2006;Comprobada, funcionando;1 año;En stock;27,17 € + IVA;https://desguacesmadridnorte.com/78875-pieza.html
78877;5006VL60A;Centralita motor;TOYOTA;Camry;2.5 Hybrid;2021;Desmontada de vehículo;1 año;En stock;535,89 € + IVA;https://desguacesmadridnorte.com/78877-pieza.html
78880;7248MH60C;Retrovisor derecho;MERCEDES-BENZ;Clase A;180 CDI;2010;Desmontada de vehículo;1 año;Bajo pedido 24-48h;167,60 € + IVA;https://desguacesmadridnorte.com/78880-pieza.html
78883;7458ME47C;Puerta delantera derecha;OPEL;Corsa;1.3 CDTI;2019;Desmontada de vehículo;1 año;En stock;175,18 € + IVA;https://desguacesmadridnorte.com/78883-pieza.html
78885;1834WA34A;Piloto trasero derecho;VOLKSWAGEN;Passat;1.6 TDI;2018;Comprobada, funcionando;1 año;En stock;67,26 € + IVA;https://desguacesmadridnorte.com/78885-pieza.html
78887;8068GV40D;Capó;TOYOTA;Corolla;1.8 Hybrid;2014;Comprobada, funcionando;1 año;En stock;138,84 € + IVA;https://desguacesmadridnorte.com/78887-pieza.html
78889;6478MA96D;Puerta delantera izquierda;RENAULT;Megane;1.5 dCi;2014;Comprobada, funcionando;1 año;En stock;128,44 € + IVA;https://desguacesmadridnorte.com/78889-pieza.html
78892;4002DD12A;Capó;NISSAN;Qashqai;1.6 dCi;2011;Sin comprobar;1 año;En stock;95,58 € + IVA;https://desguacesmadridnorte.com/78892-pieza.html
78894;3062PW28D;Puerta delantera izquierda;RENAULT;Megane;1.6 dCi;2017;Comprobada, funcionando;1 año;Bajo pedido 24-48h;337,28 € + IVA;https://desguacesmadridnorte.com/78894-pieza.html
78895;4357ZP28D;Radiador;CITROEN;C4;1.6 VTi;2013;Comprobada, funcionando;1 año;En stock;38,12 € + IVA;https://desguacesmadridnorte.com/78895-pieza.html
78897;6959JW87C;Motor de arranque;CITROEN;C4;1.6 VTi;2009;Comprobada, funcionando;1 año;En stock;102,28 € + IVA;https://desguacesmadridnorte.com/78897-pieza.html
78900;1213BX18B;Piloto trasero izquierdo;AUDI;A4;2.0 TFSI;2007;Comprobada, funcionando;1 año;Bajo pedido 24-48h;66,14 € + IVA;https://desguacesmadridnorte.com/78900-pieza.html
78903;4150QN92C;Faro delantero derecho;PEUGEOT;208;1.6 HDi;2009;Desmontada de vehículo;1 año;Bajo pedido 24-48h;111,77 € + IVA;https://desguacesmadridnorte.com/78903-pieza.html
78906;3477HL18D;Bomba de agua;FORD;Fusion;1.4 TDCi;2013;Comprobada, funcionando;1 año;Bajo pedido 24-48h;41,12 € + IVA;https://desguacesmadridnorte.com/78906-pieza.html
78907;6284AN60E;Piloto trasero derecho;KIA;Ceed;1.6 CRDi;2005;Desmontada de vehículo;1 año;Bajo pedido 24-48h;48,77 € + IVA;https://desguacesmadridnorte.com/78907-pieza.html
78908;4931YS14F;Cinturón de seguridad;NISSAN;Qashqai;1.5 dCi;2005;Comprobada, funcionando;1 año;En stock;37,11 € + IVA;https://desguacesmadridnorte.com/78908-pieza.html
78911;4958FL54B;Aleta delantera izquierda;SEAT;Ibiza;1.6 TDI;2020;Comprobada, funcionando;1 año;Bajo pedido 24-48h;127,00 € + IVA;https://desguacesmadridnorte.com/78911-pieza.html
78912;9726BN40F;Colector de admisión;PEUGEOT;308;1.6 HDi;2013;Desmontada de vehículo;1 año;En stock;62,85 € + IVA;https://desguacesmadridnorte.com/78912-pieza.html
78914;1799NQ57E;Alternador;RENAULT;Captur;1.5 dCi;2011;Comprobada, funcionando;1 año;En stock;124,20 € + IVA;https://desguacesmadridnorte.com/78914-pieza.html
78916;9924TC72E;Cinturón de seguridad;FORD;Focus;2.0 TDCi;2010;Comprobada, funcionando;1 año;En stock;53,93 € + IVA;https://desguacesmadridnorte.com/78916-pieza.html
78917;9414KJ77F;Elevalunas delantero izquierdo;RENAULT;Clio;1.5 dCi;2006;Desmontada de vehículo;1 año;En stock;35,05 € + IVA;https://desguacesmadridnorte.com/78917-pieza.html
78919;2649NB69D;Puerta delantera izquierda;TOYOTA;Proace City;1.5 D-4D;2008;Desmontada de vehículo;1 año;Bajo pedido 24-48h;164,31 € + IVA;https://desguacesmadridnorte.com/78919-pieza.html
78921;9701VZ10A;Bomba de dirección;MERCEDES-BENZ;Clase E Coupé;220 CDI;2012;Sin comprobar;1 año;En stock;143,68 € + IVA;https://desguacesmadridnorte.com/78921-pieza.html
78924;9156PT54E;Módulo electrónico;TOYOTA;Proace City;1.5 D-4D;2015;Comprobada, funcionando;1 año;En stock;111,76 € + IVA;https://desguacesmadridnorte.com/78924-pieza.html
78925;6436RC31C;Motor completo;MERCEDES-BENZ;Clase E Coupé;250 CDI;2013;Comprobada, funcionando;1 año;Bajo pedido 24-48h;2.352,86 € + IVA;https://desguacesmadridnorte.com/78925-pieza.html
78928;7189LV79C;Faro delantero derecho;KIA;Sportage;2.0 CRDi;2013;Desmontada de vehículo;1 año;En stock;160,65 € + IVA;https://desguacesmadridnorte.com/78928-pieza.html
78930;6618RR90F;Módulo electrónico;OPEL;Corsa;1.2 16v;2015;Comprobada, funcionando;1 año;En stock;133,55 € + IVA;https://desguacesmadridnorte.com/78930-pieza.html
78931;9117SG33A;Paso de rueda trasero izquierdo;SEAT;León;2.0 TDI;2013;Desmontada de vehículo;1 año;En stock;39,99 € + IVA;https://desguacesmadridnorte.com/78931-pieza.html
78933;6333KH76E;Cerradura puerta delantera;AUDI;A4;3.0 TDI;2012;Comprobada, funcionando;1 año;Bajo pedido 24-48h;72,64 € + IVA;https://desguacesmadridnorte.com/78933-pieza.html
78935;4363XF95C;Cárter;FORD;Focus;2.0 TDCi;2019;Comprobada, funcionando;1 año;En stock;97,96 € + IVA;https://desguacesmadridnorte.com/78935-pieza.html
78938;1051YQ65A;Colector de admisión;SEAT;Ibiza;1.6 TDI;2009;Comprobada, funcionando;1 año;En stock;106,44 € + IVA;https://desguacesmadridnorte.com/78938-pieza.html
78941;7669JC27B;Faro delantero derecho;SKODA;Fabia;1.2 TSI;2007;Desmontada de vehículo;1 año;Bajo pedido 24-48h;116,76 € + IVA;https://desguacesmadridnorte.com/78941-pieza.html
78943;7701PX65F;Intercooler;MERCEDES-BENZ;Clase A;180 CDI;2010;Comprobada, funcionando;1 año;Bajo pedido 24-48h;176,05 € + IVA;https://desguacesmadridnorte.com/78943-pieza.html
78945;1844LH35C;Módulo electrónico;SEAT;Ateca;2.0 TDI;2008;Comprobada, funcionando;1 año;En stock;163,41 € + IVA;https://desguacesmadridnorte.com/78945-pieza.html
78947;5057DF75D;Turbo;NISSAN;Juke;1.2 DIG-T;2012;Sin comprobar;1 año;Bajo pedido 24-48h;107,64 € + IVA;https://desguacesmadridnorte.com/78947-pieza.html
78949;6763EA68E;Portón trasero;FORD;Focus;2.0 TDCi;2012;Desmontada de vehículo;1 año;En stock;190,22 € + IVA;https://desguacesmadridnorte.com/78949-pieza.html
78952;4390QB96F;Compresor aire acondicionado;KIA;Ceed;1.6 CRDi;2015;Desmontada de vehículo;1 año;Bajo pedido 24-48h;181,78 € + IVA;https://desguacesmadridnorte.com/78952-pieza.html
78953;2110BK35B;Elevalunas delantero izquierdo;FORD;Fusion;1.4 TDCi;2016;Desmontada de vehículo;1 año;En stock;51,67 € + IVA;https://desguacesmadridnorte.com/78953-pieza.html
78954;4975KL80F;Colector de admisión;RENAULT;Clio;1.5 dCi;2006;Comprobada, funcionando;1 año;Bajo pedido 24-48h;49,91 € + IVA;https://desguacesmadridnorte.com/78954-pieza.html
78956;9585PK37C;Motor de arranque;OPEL;Astra;1.6 CDTI;2012;Desmontada de vehículo;1 año;En stock;80,42 € + IVA;https://desguacesmadridnorte.com/78956-pieza.html
78957;8145LL65F;Bomba de agua;TOYOTA;Proace City;1.5 D-4D;2021;Comprobada, funcionando;1 año;En stock;61,70 € + IVA;https://desguacesmadridnorte.com/78957-pieza.html
78960;4694QA73C;Retrovisor derecho;PEUGEOT;208;1.4 HDi;2011;Comprobada, funcionando;1 año;Bajo pedido 24-48h;119,89 € + IVA;https://desguacesmadridnorte.com/78960-pieza.html
78961;9979JX28A;Parachoques delantero;RENAULT;Megane;1.5 dCi;2016;Comprobada, funcionando;1 año;En stock;88,57 € + IVA;https://desguacesmadridnorte.com/78961-pieza.html
78962;5577XV15F;Piloto trasero derecho;MERCEDES-BENZ;Clase A;200 CDI;2009;Sin comprobar;1 año;En stock;79,45 € + IVA;https://desguacesmadridnorte.com/78962-pieza.html
78963;7563QA38E;Bomba de agua;VOLKSWAGEN;Passat;1.6 TDI;2020;Comprobada, funcionando;1 año;Bajo pedido 24-48h;111,98 € + IVA;https://desguacesmadridnorte.com/78963-pieza.html
78965;4320AS82B;Paso de rueda trasero izquierdo;PEUGEOT;3008;1.6 HDi;2020;Desmontada de vehículo;1 año;Bajo pedido 24-48h;69,18 € + IVA;https://desguacesmadridnorte.com/78965-pieza.html
78966;4576MW61B;Elevalunas delantero izquierdo;MERCEDES-BENZ;CLA;200 CDI;2021;Comprobada, funcionando;1 año;En stock;95,99 € + IVA;https://desguacesmadridnorte.com/78966-pieza.html
78968;8641XL38D;Cremallera de dirección;BMW;X1;20d;2015;Comprobada, funcionando;1 año;Bajo pedido 24-48h;234,65 € + IVA;https://desguacesmadridnorte.com/78968-pieza.html
78969;6208EJ53B;Cinturón de seguridad;OPEL;Corsa;1.3 CDTI;2012;Comprobada, funcionando;1 año;En stock;31,07 € + IVA;https://desguacesmadridnorte.com/78969-pieza.html
78970;4630QW94C;Bomba de dirección;OPEL;Astra;1.6 CDTI;2008;Comprobada, funcionando;1 año;En stock;97,44 € + IVA;https://desguacesmadridnorte.com/78970-pieza.html
78973;4730VC62B;Parachoques trasero;VOLKSWAGEN;Passat;2.0 TDI;2020;Desmontada de vehículo;1 año;En stock;337,67 € + IVA;https://desguacesmadridnorte.com/78973-pieza.html
78975;3184VN49A;Capó;TOYOTA;Proace City;1.5 D-4D;2010;Sin comprobar;1 año;En stock;156,05 € + IVA;https://desguacesmadridnorte.com/78975-pieza.html
78977;8327NN84D;Cerradura puerta delantera;MERCEDES-BENZ;Clase A;200 CDI;2020;Comprobada, funcionando;1 año;En stock;94,09 € + IVA;https://desguacesmadridnorte.com/78977-pieza.html
78979;5667KQ54C;Piloto trasero derecho;SKODA;Octavia;1.6 TDI;2014;Comprobada, funcionando;1 año;En stock;45,90 € + IVA;https://desguacesmadridnorte.com/78979-pieza.html
78981;9169NS87E;Piloto trasero izquierdo;PEUGEOT;308;1.6 HDi;2006;Comprobada, funcionando;1 año;En stock;54,53 € + IVA;https://desguacesmadridnorte.com/78981-pieza.html
78984;2632MG40F;Motor completo;SKODA;Octavia;2.0 TDI;2018;Desmontada de vehículo;1 año;Bajo pedido 24-48h;1.282,16 € + IVA;https://desguacesmadridnorte.com/78984-pieza.html
78986;5335HT54D;Radiador;FORD;Fiesta;1.0 EcoBoost;2020;Comprobada, funcionando;1 año;En stock;132,93 € + IVA;https://desguacesmadridnorte.com/78986-pieza.html
78987;4441KH55E;Colector de admisión;VOLKSWAGEN;Golf;1.4 TSI;2014;Comprobada, funcionando;1 año;En stock;153,85 € + IVA;https://desguacesmadridnorte.com/78987-pieza.html
78988;7278FW10B;Paso de rueda trasero izquierdo;AUDI;Q3;2.0 TDI;2015;Comprobada, funcionando;1 año;Bajo pedido 24-48h;41,31 € + IVA;https://desguacesmadridnorte.com/78988-pieza.html
78989;2910NL83B;Piloto trasero derecho;RENAULT;Captur;0.9 TCe;2013;Comprobada, funcionando;1 año;En stock;51,65 € + IVA;https://desguacesmadridnorte.com/78989-pieza.html
78992;4837PS44D;Caja de cambios;AUDI;A4;2.0 TDI;2005;Desmontada de vehículo;1 año;En stock;1.104,33 € + IVA;https://desguacesmadridnorte.com/78992-pieza.html
78994;7686SQ47C;Colector de admisión;VOLKSWAGEN;Golf;1.4 TSI;2016;Desmontada de vehículo;1 año;En stock;162,08 € + IVA;https://desguacesmadridnorte.com/78994-pieza.html
78995;6204GL41F;Alternador;VOLKSWAGEN;Passat;1.6 TDI;2020;Comprobada, funcionando;1 año;En stock;69,29 € + IVA;https://desguacesmadridnorte.com/78995-pieza.html
78998;5369JR81D;Cremallera de dirección;MERCEDES-BENZ;Clase E Coupé;250 CDI;2017;Comprobada, funcionando;1 año;En stock;431,94 € + IVA;https://desguacesmadridnorte.com/78998-pieza.html
79000;6263CC48F;Catalizador;BMW;X1;20d;2007;Desmontada de vehículo;1 año;En stock;210,04 € + IVA;https://desguacesmadridnorte.com/79000-pieza.html
79003;1637EQ61B;Caja de cambios;AUDI;Q3;2.0 TDI;2012;Comprobada, funcionando;1 año;En stock;665,60 € + IVA;https://desguacesmadridnorte.com/79003-pieza.html
79006;3260KK18A;Caja de cambios;SKODA;Octavia;2.0 TDI;2015;Sin comprobar;1 año;En stock;589,90 € + IVA;https://desguacesmadridnorte.com/79006-pieza.html
79008;1181PR54A;Puerta trasera izquierda;RENAULT;Clio;1.2 16v;2021;Comprobada, funcionando;1 año;Bajo pedido 24-48h;104,26 € + IVA;https://desguacesmadridnorte.com/79008-pieza.html
79009;1646QR71F;Colector de admisión;RENAULT;Captur;0.9 TCe;2020;Comprobada, funcionando;1 año;En stock;46,73 € + IVA;https://desguacesmadridnorte.com/79009-pieza.html
79012;6888XH54F;Amortiguador delantero;KIA;Ceed;1.6 CRDi;2015;Sin comprobar;1 año;En stock;26,96 € + IVA;https://desguacesmadridnorte.com/79012-pieza.html
79014;9899KV81E;Bomba de dirección;CITROEN;C3;1.2 PureTech;2007;Comprobada, funcionando;1 año;En stock;68,09 € + IVA;https://desguacesmadridnorte.com/79014-pieza.html
79015;4207FL76C;Airbag volante;TOYOTA;Camry;2.5 Hybrid;2015;Comprobada, funcionando;1 año;Bajo pedido 24-48h;169,98 € + IVA;https://desguacesmadridnorte.com/79015-pieza.html
79018;5656XH17C;Intercooler;OPEL;Astra;1.7 CDTI;2013;Comprobada, funcionando;1 año;En stock;66,41 € + IVA;https://desguacesmadridnorte.com/79018-pieza.html
79020;3947LY89F;Colector de admisión;MERCEDES-BENZ;Clase A;200 CDI;2010;Comprobada, funcionando;1 año;En stock;172,88 € + IVA;https://desguacesmadridnorte.com/79020-pieza.html
79022;1942FN34B;Motor completo;VOLKSWAGEN;Polo;1.2 TSI;2011;Comprobada, funcionando;1 año;En stock;1.230,83 € + IVA;https://desguacesmadridnorte.com/79022-pieza.html
79024;2869VD98C;Portón trasero;FORD;Focus;1.6 TDCi;2020;Desmontada de vehículo;1 año;En stock;217,23 € + IVA;https://desguacesmadridnorte.com/79024-pieza.html
79026;8944YR26F;Airbag volante;SEAT;Ibiza;1.9 TDI;2007;Desmontada de vehículo;1 año;En stock;164,07 € + IVA;https://desguacesmadridnorte.com/79026-pieza.html
79029;7209YG30D;Catalizador;RENAULT;Megane;1.6 dCi;2007;Desmontada de vehículo;1 año;Bajo pedido 24-48h;225,71 € + IVA;https://desguacesmadridnorte.com/79029-pieza.html
79031;5972SE99D;Aleta delantera izquierda;TOYOTA;Proace City;1.5 D-4D;2007;Comprobada, funcionando;1 año;Bajo pedido 24-48h;75,64 € + IVA;https://desguacesmadridnorte.com/79031-pieza.html
79034;6144BR64E;Motor de arranque;SEAT;Ibiza;1.2 TSI;2015;Desmontada de vehículo;1 año;En stock;95,97 € + IVA;https://desguacesmadridnorte.com/79034-pieza.html
79035;3552YG28D;Parachoques trasero;SKODA;Octavia;2.0 TDI;2014;Comprobada, funcionando;1 año;En stock;172,79 € + IVA;https://desguacesmadridnorte.com/79035-pieza.html
79036;8669EW75F;Puerta trasera izquierda;HYUNDAI;i30;1.6 CRDi;2007;Desmontada de vehículo;1 año;En stock;232,34 € + IVA;https://desguacesmadridnorte.com/79036-pieza.html
79037;1241XN75D;Catalizador;KIA;Ceed;1.6 CRDi;2018;Comprobada, funcionando;1 año;En stock;471,12 € + IVA;https://desguacesmadridnorte.com/79037-pieza.html
79039;8808HR79F;Cremallera de dirección;BMW;X1;20d;2012;Desmontada de vehículo;1 año;En stock;336,23 € + IVA;https://desguacesmadridnorte.com/79039-pieza.html
79041;7338ZG60A;Piloto trasero izquierdo;VOLKSWAGEN;Golf;1.4 TSI;2010;Desmontada de vehículo;1 año;En stock;56,30 € + IVA;https://desguacesmadridnorte.com/79041-pieza.html
79043;8009DP88A;Cuadro de instrumentos;AUDI;A4;2.0 TFSI;2011;Comprobada, funcionando;1 año;En stock;115,84 € + IVA;https://desguacesmadridnorte.com/79043-pieza.html
79046;9878ZH45B;Airbag volante;OPEL;Corsa;1.2 16v;2021;Comprobada, funcionando;1 año;Bajo pedido 24-48h;84,41 € + IVA;https://desguacesmadridnorte.com/79046-pieza.html
79048;1430GK52B;Motor completo;BMW;Serie 1;118d;2011;Desmontada de vehículo;1 año;En stock;1.543,87 € + IVA;https://desguacesmadridnorte.com/79048-pieza.html
79050;9405AM28F;Puerta delantera izquierda;FORD;Focus;2.0 TDCi;2009;Comprobada, funcionando;1 año;En stock;99,23 € + IVA;https://desguacesmadridnorte.com/79050-pieza.html
79051;1320LC34B;Cuadro de instrumentos;MERCEDES-BENZ;Clase E Coupé;250 CDI;2010;Comprobada, funcionando;1 año;Bajo pedido 24-48h;188,77 € + IVA;https://desguacesmadridnorte.com/79051-pieza.html
79054;6417PA46F;Retrovisor derecho;PEUGEOT;3008;1.6 HDi;2018;Comprobada, funcionando;1 año;Bajo pedido 24-48h;135,54 € + IVA;https://desguacesmadridnorte.com/79054-pieza.html
79055;3935NB78C;Alternador;BMW;X1;18d;2016;Comprobada, funcionando;1 año;En stock;249,97 € + IVA;https://desguacesmadridnorte.com/79055-pieza.html
79057;6794HR17E;Bomba de agua;BMW;Serie 1;120i;2010;Comprobada, funcionando;1 año;Bajo pedido 24-48h;71,45 € + IVA;https://desguacesmadridnorte.com/79057-pieza.html
79059;9360NF64F;Puerta delantera izquierda;VOLKSWAGEN;Golf;2.0 TDI;2009;Comprobada, funcionando;1 año;En stock;95,87 € + IVA;https://desguacesmadridnorte.com/79059-pieza.html
79060;4646AK17B;Compresor aire acondicionado;CITROEN;C4;1.6 VTi;2016;Comprobada, funcionando;1 año;En stock;146,41 € + IVA;https://desguacesmadridnorte.com/79060-pieza.html
79062;1807FG43F;Aleta delantera izquierda;NISSAN;Juke;1.2 DIG-T;2009;Comprobada, funcionando;1 año;En stock;80,60 € + IVA;https://desguacesmadridnorte.com/79062-pieza.html
79064;1003XV11E;Cerradura puerta delantera;RENAULT;Clio;1.2 16v;2020;Desmontada de vehículo;1 año;Bajo pedido 24-48h;30,67 € + IVA;https://desguacesmadridnorte.com/79064-pieza.html
79066;4967EA42F;Puerta delantera izquierda;HYUNDAI;i30;1.6 CRDi;2012;Desmontada de vehículo;1 año;Bajo pedido 24-48h;180,15 € + IVA;https://desguacesmadridnorte.com/79066-pieza.html
79069;6157ED67A;Módulo electrónico;FORD;Focus;2.0 TDCi;2014;Comprobada, funcionando;1 año;Bajo pedido 24-48h;66,03 € + IVA;https://desguacesmadridnorte.com/79069-pieza.html
79072;2761GM14E;Radiador;FORD;Fusion;1.4 TDCi;2011;Comprobada, funcionando;1 año;Bajo pedido 24-48h;51,62 € + IVA;https://desguacesmadridnorte.com/79072-pieza.html
79074;2718RT36B;Alternador;MERCEDES-BENZ;Clase E Coupé;220 CDI;2018;Comprobada, funcionando;1 año;En stock;75,96 € + IVA;https://desguacesmadridnorte.com/79074-pieza.html
79077;4235JR86F;Puerta delantera izquierda;NISSAN;Qashqai;1.6 dCi;2016;Desmontada de vehículo;1 año;Bajo pedido 24-48h;112,02 € + IVA;https://desguacesmadridnorte.com/79077-pieza.html
79078;3749NE57E;Bomba de dirección;SEAT;León;2.0 TDI;2013;Comprobada, funcionando;1 año;En stock;54,26 € + IVA;https://desguacesmadridnorte.com/79078-pieza.html
79080;8114AS63F;Intercooler;CITROEN;C4;1.6 VTi;2006;Comprobada, funcionando;1 año;Bajo pedido 24-48h;57,19 € + IVA;https://desguacesmadridnorte.com/79080-pieza.html
79082;3436RA84E;Airbag volante;AUDI;A3;1.4 TFSI;2008;Desmontada de vehículo;1 año;Bajo pedido 24-48h;114,72 € + IVA;https://desguacesmadridnorte.com/79082-pieza.html
79083;5887AP21B;Puerta trasera izquierda;OPEL;Astra;1.7 CDTI;2014;Desmontada de vehículo;1 año;En stock;216,99 € + IVA;https://desguacesmadridnorte.com/79083-pieza.html
79086;3802AM47B;Cerradura puerta delantera;VOLKSWAGEN;Golf;1.6 TDI;2014;Sin comprobar;1 año;Bajo pedido 24-48h;54,93 € + IVA;https://desguacesmadridnorte.com/79086-pieza.html
79087;3913AW38F;Faro delantero izquierdo;PEUGEOT;3008;1.6 HDi;2010;Comprobada, funcionando;1 año;En stock;118,21 € + IVA;https://desguacesmadridnorte.com/79087-pieza.html
79089;1629SE58E;Cerradura puerta delantera;NISSAN;Juke;1.2 DIG-T;2016;Comprobada, funcionando;1 año;En stock;61,56 € + IVA;https://desguacesmadridnorte.com/79089-pieza.html
79090;8810ZL86E;Puerta trasera izquierda;VOLKSWAGEN;Polo;1.2 TSI;2010;Desmontada de vehículo;1 año;Bajo pedido 24-48h;91,85 € + IVA;https://desguacesmadridnorte.com/79090-pieza.html
79091;3478FE39F;Colector de admisión;OPEL;Astra;1.7 CDTI;2018;Comprobada, funcionando;1 año;Bajo pedido 24-48h;169,91 € + IVA;https://desguacesmadridnorte.com/79091-pieza.html
79094;1415JV57D;Faro delantero izquierdo;HYUNDAI;i30;1.4 CRDi;2015;Comprobada, funcionando;1 año;Bajo pedido 24-48h;122,27 € + IVA;https://desguacesmadridnorte.com/79094-pieza.html
79097;2268PR49B;Cerradura puerta delantera;OPEL;Corsa;1.3 CDTI;2007;Desmontada de vehículo;1 año;En stock;35,38 € + IVA;https://desguacesmadridnorte.com/79097-pieza.html
79098;3669YY50A;Airbag volante;FORD;Fiesta;1.5 TDCi;2016;Comprobada, funcionando;1 año;En stock;152,73 € + IVA;https://desguacesmadridnorte.com/79098-pieza.html
79101;4681QH65C;Bomba de agua;MERCEDES-BENZ;CLA;180 CDI;2015;Comprobada, funcionando;1 año;En stock;84,26 € + IVA;https://desguacesmadridnorte.com/79101-pieza.html
